n,keyword,category,subcategory,intent
1,Adult cat costume online,Costumes,Costumes & Accessories,Transactional
2,Adult cosplay halloween costume for sale,Costumes,Costumes & Accessories,Transactional
3,Adult cosplay halloween costume online,Costumes,Costumes & Accessories,Transactional
4,Adult couples halloween costume,Costumes,Costumes & Accessories,Transactional
5,Adult couples halloween costume delivered to your door,Costumes,Costumes & Accessories,Transactional
6,Adult devil costume,Costumes,Costumes & Accessories,Transactional
7,Adult dracula costume pack,Costumes,Costumes & Accessories,Transactional
8,Adult fairy costume,Costumes,Costumes & Accessories,Transactional
9,Adult fairy costume for halloween 2026,Costumes,Costumes & Accessories,Transactional
10,Adult fairy costume near me,Costumes,Costumes & Accessories,Transactional
11,Adult fairy costume with free shipping to usa,Costumes,Costumes & Accessories,Transactional
12,Adult funny halloween costume with free shipping,Costumes,Costumes & Accessories,Transactional
13,Adult gothic halloween costume delivered to your door,Costumes,Costumes & Accessories,Transactional
14,Adult grim reaper costume in bulk,Costumes,Costumes & Accessories,Transactional
15,Adult halloween cape costume with free shipping to usa,Costumes,Costumes & Accessories,Transactional
16,Adult halloween costume accessories online,Costumes,Costumes & Accessories,Transactional
17,Adult halloween costume for sale,Costumes,Costumes & Accessories,Transactional
18,Adult halloween costume for school in bulk,Costumes,Costumes & Accessories,Transactional
19,Adult halloween costume for school near me,Costumes,Costumes & Accessories,Transactional
20,Adult halloween costume set,Costumes,Costumes & Accessories,Transactional
21,Adult halloween costume set ideas,Costumes,Costumes & Accessories,Transactional
22,Adult halloween costume with mask near me,Costumes,Costumes & Accessories,Transactional
23,Adult halloween costume with mask pack,Costumes,Costumes & Accessories,Transactional
24,Adult horror movie costume usa,Costumes,Costumes & Accessories,Transactional
25,Adult inflatable ghost costume usa,Costumes,Costumes & Accessories,Transactional
26,Adult inflatable ghost costume with free shipping to usa,Costumes,Costumes & Accessories,Transactional
27,Adult mummy costume for sale,Costumes,Costumes & Accessories,Transactional
28,Adult pumpkin costume,Costumes,Costumes & Accessories,Transactional
29,Adult pumpkin costume near me,Costumes,Costumes & Accessories,Transactional
30,Adult pumpkin onesie for sale,Costumes,Costumes & Accessories,Transactional
31,Adult renaissance witch costume 2026,Costumes,Costumes & Accessories,Transactional
32,Adult renaissance witch costume near me,Costumes,Costumes & Accessories,Transactional
33,Adult scarecrow costume with free shipping,Costumes,Costumes & Accessories,Transactional
34,Adult scary halloween costume online,Costumes,Costumes & Accessories,Transactional
35,Adult sibling halloween costumes under $30,Costumes,Costumes & Accessories,Transactional
36,Adult skeleton costume ideas,Costumes,Costumes & Accessories,Transactional
37,Adult skeleton costume online,Costumes,Costumes & Accessories,Transactional
38,Adult skeleton costume set,Costumes,Costumes & Accessories,Transactional
39,Adult skeleton costume with free shipping,Costumes,Costumes & Accessories,Transactional
40,Adult spooky costume under $30,Costumes,Costumes & Accessories,Transactional
41,Adult superhero halloween costume,Costumes,Costumes & Accessories,Transactional
42,Adult superhero halloween costume near me,Costumes,Costumes & Accessories,Transactional
43,Adult superhero halloween costume online,Costumes,Costumes & Accessories,Transactional
44,Adult vampire costume usa,Costumes,Costumes & Accessories,Transactional
45,Affordable black cat costume 2026,Costumes,Costumes & Accessories,Transactional
46,Affordable cat costume set,Costumes,Costumes & Accessories,Transactional
47,Affordable clown costume online,Costumes,Costumes & Accessories,Transactional
48,Affordable couples halloween costume with fast shipping,Costumes,Costumes & Accessories,Transactional
49,Affordable devil costume for halloween 2026,Costumes,Costumes & Accessories,Transactional
50,Affordable dracula costume ideas,Costumes,Costumes & Accessories,Transactional
51,Affordable gothic halloween costume 2026,Costumes,Costumes & Accessories,Transactional
52,Affordable group halloween costume idea delivered to your door,Costumes,Costumes & Accessories,Transactional
53,Affordable halloween cape costume near me,Costumes,Costumes & Accessories,Transactional
54,Affordable halloween costume accessories 2026,Costumes,Costumes & Accessories,Transactional
55,Affordable halloween costume accessories size chart,Costumes,Costumes & Accessories,Transactional
56,Affordable halloween dress up outfit in bulk,Costumes,Costumes & Accessories,Transactional
57,Affordable inflatable dinosaur costume size chart,Costumes,Costumes & Accessories,Transactional
58,Affordable inflatable dinosaur costume with free shipping,Costumes,Costumes & Accessories,Transactional
59,Affordable matching family halloween costumes with free shipping,Costumes,Costumes & Accessories,Transactional
60,Affordable reaper hooded robe for halloween 2026,Costumes,Costumes & Accessories,Transactional
61,Affordable reaper hooded robe online,Costumes,Costumes & Accessories,Transactional
62,Affordable scary halloween costume for sale,Costumes,Costumes & Accessories,Transactional
63,Affordable scary halloween costume ideas,Costumes,Costumes & Accessories,Transactional
64,Affordable skeleton costume,Costumes,Costumes & Accessories,Transactional
65,Affordable spooky costume size chart,Costumes,Costumes & Accessories,Transactional
66,Affordable trick or treat costume online,Costumes,Costumes & Accessories,Transactional
67,Affordable trick or treat costume with free shipping,Costumes,Costumes & Accessories,Transactional
68,Affordable witch costume delivered to your door,Costumes,Costumes & Accessories,Transactional
69,Affordable witch costume in bulk,Costumes,Costumes & Accessories,Transactional
70,Baby bat costume 2026,Costumes,Costumes & Accessories,Transactional
71,Baby group halloween costume idea size chart,Costumes,Costumes & Accessories,Transactional
72,Baby halloween cape costume near me,Costumes,Costumes & Accessories,Transactional
73,Baby halloween costume bundle for sale,Costumes,Costumes & Accessories,Transactional
74,Baby halloween costume set pack,Costumes,Costumes & Accessories,Transactional
75,Baby halloween costume with makeup kit ideas,Costumes,Costumes & Accessories,Transactional
76,Baby halloween costume with makeup kit near me,Costumes,Costumes & Accessories,Transactional
77,Baby halloween costume with wig under $30,Costumes,Costumes & Accessories,Transactional
78,Baby office halloween costume idea,Costumes,Costumes & Accessories,Transactional
79,Baby pumpkin costume near me,Costumes,Costumes & Accessories,Transactional
80,Baby reaper hooded robe delivered to your door,Costumes,Costumes & Accessories,Transactional
81,Baby scary halloween costume for sale,Costumes,Costumes & Accessories,Transactional
82,Baby spooky costume near me,Costumes,Costumes & Accessories,Transactional
83,Baby superhero halloween costume ideas,Costumes,Costumes & Accessories,Transactional
84,Baby zombie costume near me,Costumes,Costumes & Accessories,Transactional
85,Best bat costume near me,Costumes,Costumes & Accessories,Transactional
86,Best clown costume set,Costumes,Costumes & Accessories,Transactional
87,Best devil costume pack,Costumes,Costumes & Accessories,Transactional
88,Best dracula costume online,Costumes,Costumes & Accessories,Transactional
89,Best fairy costume online,Costumes,Costumes & Accessories,Transactional
90,Best gothic halloween costume near me,Costumes,Costumes & Accessories,Transactional
91,Best group halloween costume idea online,Costumes,Costumes & Accessories,Transactional
92,Best halloween costume under $30,Costumes,Costumes & Accessories,Transactional
93,Best halloween costume with makeup kit,Costumes,Costumes & Accessories,Transactional
94,Best inflatable dinosaur costume for sale,Costumes,Costumes & Accessories,Transactional
95,Best inflatable dinosaur costume near me,Costumes,Costumes & Accessories,Transactional
96,Best inflatable pumpkin costume online,Costumes,Costumes & Accessories,Transactional
97,Best pumpkin costume for halloween 2026,Costumes,Costumes & Accessories,Transactional
98,Best pumpkin costume set,Costumes,Costumes & Accessories,Transactional
99,Best reaper hooded robe under $30,Costumes,Costumes & Accessories,Transactional
100,Best scary halloween costume in bulk,Costumes,Costumes & Accessories,Transactional
101,Best sibling halloween costumes near me,Costumes,Costumes & Accessories,Transactional
102,Best spider costume for halloween 2026,Costumes,Costumes & Accessories,Transactional
103,Best vampire costume pack,Costumes,Costumes & Accessories,Transactional
104,Best vampire costume with free shipping,Costumes,Costumes & Accessories,Transactional
105,Best witch costume delivered to your door,Costumes,Costumes & Accessories,Transactional
106,Buy clown costume online,Costumes,Costumes & Accessories,Transactional
107,Buy couples halloween costume online,Costumes,Costumes & Accessories,Transactional
108,Buy ghost costume with free shipping to usa,Costumes,Costumes & Accessories,Transactional
109,Buy gothic halloween costume near me,Costumes,Costumes & Accessories,Transactional
110,Buy gothic halloween costume with free shipping to usa,Costumes,Costumes & Accessories,Transactional
111,Buy grim reaper costume near me,Costumes,Costumes & Accessories,Transactional
112,Buy halloween cape costume delivered to your door,Costumes,Costumes & Accessories,Transactional
113,Buy halloween costume accessories with free shipping to usa,Costumes,Costumes & Accessories,Transactional
114,Buy halloween costume for school pack,Costumes,Costumes & Accessories,Transactional
115,Buy halloween costume with makeup kit set,Costumes,Costumes & Accessories,Transactional
116,Buy halloween costume with wig 2026,Costumes,Costumes & Accessories,Transactional
117,Buy inflatable dinosaur costume near me,Costumes,Costumes & Accessories,Transactional
118,Buy inflatable halloween costume with fast shipping,Costumes,Costumes & Accessories,Transactional
119,Buy inflatable pumpkin costume with free shipping to usa,Costumes,Costumes & Accessories,Transactional
120,Buy office halloween costume idea kit,Costumes,Costumes & Accessories,Transactional
121,Buy pumpkin costume for sale,Costumes,Costumes & Accessories,Transactional
122,Buy pumpkin onesie with fast shipping,Costumes,Costumes & Accessories,Transactional
123,Buy scary halloween costume size chart,Costumes,Costumes & Accessories,Transactional
124,Buy spooky costume size chart,Costumes,Costumes & Accessories,Transactional
125,Buy superhero halloween costume delivered to your door,Costumes,Costumes & Accessories,Transactional
126,Buy witch costume set,Costumes,Costumes & Accessories,Transactional
127,Buy witch hat and cape set with free shipping,Costumes,Costumes & Accessories,Transactional
128,Buy zombie costume kit,Costumes,Costumes & Accessories,Transactional
129,Cheap bat costume set,Costumes,Costumes & Accessories,Transactional
130,Cheap cosplay halloween costume under $30,Costumes,Costumes & Accessories,Transactional
131,Cheap couples halloween costume with free shipping,Costumes,Costumes & Accessories,Transactional
132,Cheap dracula costume usa,Costumes,Costumes & Accessories,Transactional
133,Cheap group halloween costume idea 2026,Costumes,Costumes & Accessories,Transactional
134,Cheap halloween cape costume ideas,Costumes,Costumes & Accessories,Transactional
135,Cheap halloween costume accessories under $30,Costumes,Costumes & Accessories,Transactional
136,Cheap halloween costume accessories with fast shipping,Costumes,Costumes & Accessories,Transactional
137,Cheap halloween costume for school near me,Costumes,Costumes & Accessories,Transactional
138,Cheap halloween costume for school with fast shipping,Costumes,Costumes & Accessories,Transactional
139,Cheap halloween costume for work,Costumes,Costumes & Accessories,Transactional
140,Cheap halloween costume ideas,Costumes,Costumes & Accessories,Transactional
141,Cheap halloween costume with makeup kit near me,Costumes,Costumes & Accessories,Transactional
142,Cheap halloween costume with wig set,Costumes,Costumes & Accessories,Transactional
143,Cheap halloween onesie costume usa,Costumes,Costumes & Accessories,Transactional
144,Cheap horror movie costume size chart,Costumes,Costumes & Accessories,Transactional
145,Cheap inflatable dinosaur costume usa,Costumes,Costumes & Accessories,Transactional
146,Cheap inflatable ghost costume usa,Costumes,Costumes & Accessories,Transactional
147,Cheap mummy costume for sale,Costumes,Costumes & Accessories,Transactional
148,Cheap mummy costume kit,Costumes,Costumes & Accessories,Transactional
149,Cheap pumpkin onesie set,Costumes,Costumes & Accessories,Transactional
150,Cheap scarecrow costume with fast shipping,Costumes,Costumes & Accessories,Transactional
151,Cheap scary halloween costume near me,Costumes,Costumes & Accessories,Transactional
152,Cheap sibling halloween costumes near me,Costumes,Costumes & Accessories,Transactional
153,Cheap spider costume online,Costumes,Costumes & Accessories,Transactional
154,Cheap trick or treat costume near me,Costumes,Costumes & Accessories,Transactional
155,Classic cosplay halloween costume ideas,Costumes,Costumes & Accessories,Transactional
156,Classic fairy costume with fast shipping,Costumes,Costumes & Accessories,Transactional
157,Classic ghost costume,Costumes,Costumes & Accessories,Transactional
158,Classic gothic halloween costume with free shipping,Costumes,Costumes & Accessories,Transactional
159,Classic halloween costume for school ideas,Costumes,Costumes & Accessories,Transactional
160,Classic halloween costume set pack,Costumes,Costumes & Accessories,Transactional
161,Classic halloween onesie costume under $30,Costumes,Costumes & Accessories,Transactional
162,Classic halloween onesie costume with free shipping to usa,Costumes,Costumes & Accessories,Transactional
163,Classic inflatable halloween costume ideas,Costumes,Costumes & Accessories,Transactional
164,Classic inflatable halloween costume near me,Costumes,Costumes & Accessories,Transactional
165,Classic matching family halloween costumes,Costumes,Costumes & Accessories,Transactional
166,Classic mummy costume ideas,Costumes,Costumes & Accessories,Transactional
167,Classic pumpkin costume kit,Costumes,Costumes & Accessories,Transactional
168,Classic reaper hooded robe with free shipping to usa,Costumes,Costumes & Accessories,Transactional
169,Classic scarecrow costume kit,Costumes,Costumes & Accessories,Transactional
170,Classic scary halloween costume delivered to your door,Costumes,Costumes & Accessories,Transactional
171,Classic sibling halloween costumes ideas,Costumes,Costumes & Accessories,Transactional
172,Classic spooky costume for sale,Costumes,Costumes & Accessories,Transactional
173,Classic superhero halloween costume pack,Costumes,Costumes & Accessories,Transactional
174,Classic trick or treat costume size chart,Costumes,Costumes & Accessories,Transactional
175,Classic werewolf costume delivered to your door,Costumes,Costumes & Accessories,Transactional
176,Classic werewolf costume pack,Costumes,Costumes & Accessories,Transactional
177,Classic witch costume 2026,Costumes,Costumes & Accessories,Transactional
178,Classic zombie costume kit,Costumes,Costumes & Accessories,Transactional
179,Clown costume for sale,Costumes,Costumes & Accessories,Transactional
180,Clown costume near me,Costumes,Costumes & Accessories,Transactional
181,Cool cat costume with fast shipping,Costumes,Costumes & Accessories,Transactional
182,Cool cosplay halloween costume for sale,Costumes,Costumes & Accessories,Transactional
183,Cool couples halloween costume size chart,Costumes,Costumes & Accessories,Transactional
184,Cool dracula costume delivered to your door,Costumes,Costumes & Accessories,Transactional
185,Cool frankenstein costume near me,Costumes,Costumes & Accessories,Transactional
186,Cool frankenstein costume with free shipping to usa,Costumes,Costumes & Accessories,Transactional
187,Cool gothic halloween costume near me,Costumes,Costumes & Accessories,Transactional
188,Cool halloween cape costume with fast shipping,Costumes,Costumes & Accessories,Transactional
189,Cool halloween costume for work online,Costumes,Costumes & Accessories,Transactional
190,Cool halloween costume with makeup kit under $30,Costumes,Costumes & Accessories,Transactional
191,Cool horror movie costume ideas,Costumes,Costumes & Accessories,Transactional
192,Cool inflatable ghost costume near me,Costumes,Costumes & Accessories,Transactional
193,Cool inflatable pumpkin costume,Costumes,Costumes & Accessories,Transactional
194,Cool mummy costume near me,Costumes,Costumes & Accessories,Transactional
195,Cool mummy costume pack,Costumes,Costumes & Accessories,Transactional
196,Cool office halloween costume idea size chart,Costumes,Costumes & Accessories,Transactional
197,Cool pumpkin costume online,Costumes,Costumes & Accessories,Transactional
198,Cool scarecrow costume with fast shipping,Costumes,Costumes & Accessories,Transactional
199,Cool spider costume near me,Costumes,Costumes & Accessories,Transactional
200,Cool trick or treat costume for sale,Costumes,Costumes & Accessories,Transactional
201,Cool witch costume online,Costumes,Costumes & Accessories,Transactional
202,Couples bat costume with fast shipping,Costumes,Costumes & Accessories,Transactional
203,Couples black cat costume with fast shipping,Costumes,Costumes & Accessories,Transactional
204,Couples devil costume set,Costumes,Costumes & Accessories,Transactional
205,Couples devil costume usa,Costumes,Costumes & Accessories,Transactional
206,Couples dracula costume,Costumes,Costumes & Accessories,Transactional
207,Couples funny halloween costume for sale,Costumes,Costumes & Accessories,Transactional
208,Couples funny halloween costume with free shipping to usa,Costumes,Costumes & Accessories,Transactional
209,Couples ghost costume size chart,Costumes,Costumes & Accessories,Transactional
210,Couples grim reaper costume online,Costumes,Costumes & Accessories,Transactional
211,Couples group halloween costume idea with free shipping,Costumes,Costumes & Accessories,Transactional
212,Couples halloween costume bundle with free shipping,Costumes,Costumes & Accessories,Transactional
213,Couples halloween costume for school size chart,Costumes,Costumes & Accessories,Transactional
214,Couples halloween costume for work under $30,Costumes,Costumes & Accessories,Transactional
215,Couples halloween costume near me,Costumes,Costumes & Accessories,Transactional
216,Couples halloween costume set near me,Costumes,Costumes & Accessories,Transactional
217,Couples halloween costume set with free shipping to usa,Costumes,Costumes & Accessories,Transactional
218,Couples halloween costume with mask for sale,Costumes,Costumes & Accessories,Transactional
219,Couples halloween costume with mask under $30,Costumes,Costumes & Accessories,Transactional
220,Couples halloween costume with wig 2026,Costumes,Costumes & Accessories,Transactional
221,Couples halloween onesie costume under $30,Costumes,Costumes & Accessories,Transactional
222,Couples horror movie costume,Costumes,Costumes & Accessories,Transactional
223,Couples inflatable dinosaur costume with free shipping to usa,Costumes,Costumes & Accessories,Transactional
224,Couples inflatable ghost costume 2026,Costumes,Costumes & Accessories,Transactional
225,Couples inflatable ghost costume online,Costumes,Costumes & Accessories,Transactional
226,Couples inflatable pumpkin costume online,Costumes,Costumes & Accessories,Transactional
227,Couples matching family halloween costumes near me,Costumes,Costumes & Accessories,Transactional
228,Couples office halloween costume idea for sale,Costumes,Costumes & Accessories,Transactional
229,Couples pirate costume online,Costumes,Costumes & Accessories,Transactional
230,Couples pirate costume usa,Costumes,Costumes & Accessories,Transactional
231,Couples pumpkin onesie near me,Costumes,Costumes & Accessories,Transactional
232,Couples scarecrow costume near me,Costumes,Costumes & Accessories,Transactional
233,Couples sibling halloween costumes usa,Costumes,Costumes & Accessories,Transactional
234,Couples skeleton costume pack,Costumes,Costumes & Accessories,Transactional
235,Couples spooky costume in bulk,Costumes,Costumes & Accessories,Transactional
236,Couples superhero halloween costume near me,Costumes,Costumes & Accessories,Transactional
237,Couples vampire costume set,Costumes,Costumes & Accessories,Transactional
238,Couples werewolf costume 2026,Costumes,Costumes & Accessories,Transactional
239,Couples witch costume delivered to your door,Costumes,Costumes & Accessories,Transactional
240,Couples witch hat and cape set for halloween 2026,Costumes,Costumes & Accessories,Transactional
241,Creepy dracula costume near me,Costumes,Costumes & Accessories,Transactional
242,Creepy funny halloween costume for sale,Costumes,Costumes & Accessories,Transactional
243,Creepy ghost costume ideas,Costumes,Costumes & Accessories,Transactional
244,Creepy halloween costume accessories in bulk,Costumes,Costumes & Accessories,Transactional
245,Creepy halloween costume accessories pack,Costumes,Costumes & Accessories,Transactional
246,Creepy halloween costume bundle for sale,Costumes,Costumes & Accessories,Transactional
247,Creepy halloween costume bundle online,Costumes,Costumes & Accessories,Transactional
248,Creepy halloween costume for work with fast shipping,Costumes,Costumes & Accessories,Transactional
249,Creepy halloween costume for work with free shipping,Costumes,Costumes & Accessories,Transactional
250,Creepy halloween costume with makeup kit ideas,Costumes,Costumes & Accessories,Transactional
251,Creepy halloween costume with wig kit,Costumes,Costumes & Accessories,Transactional
252,Creepy halloween dress up outfit under $30,Costumes,Costumes & Accessories,Transactional
253,Creepy halloween onesie costume near me,Costumes,Costumes & Accessories,Transactional
254,Creepy inflatable ghost costume kit,Costumes,Costumes & Accessories,Transactional
255,Creepy inflatable ghost costume near me,Costumes,Costumes & Accessories,Transactional
256,Creepy inflatable ghost costume with fast shipping,Costumes,Costumes & Accessories,Transactional
257,Creepy inflatable pumpkin costume pack,Costumes,Costumes & Accessories,Transactional
258,Creepy scary halloween costume size chart,Costumes,Costumes & Accessories,Transactional
259,Creepy sibling halloween costumes online,Costumes,Costumes & Accessories,Transactional
260,Creepy spooky costume under $30,Costumes,Costumes & Accessories,Transactional
261,Creepy witch hat and cape set for halloween 2026,Costumes,Costumes & Accessories,Transactional
262,Cute black cat costume pack,Costumes,Costumes & Accessories,Transactional
263,Cute devil costume ideas,Costumes,Costumes & Accessories,Transactional
264,Cute devil costume near me,Costumes,Costumes & Accessories,Transactional
265,Cute ghost costume online,Costumes,Costumes & Accessories,Transactional
266,Cute grim reaper costume for halloween 2026,Costumes,Costumes & Accessories,Transactional
267,Cute grim reaper costume for sale,Costumes,Costumes & Accessories,Transactional
268,Cute grim reaper costume size chart,Costumes,Costumes & Accessories,Transactional
269,Cute group halloween costume idea delivered to your door,Costumes,Costumes & Accessories,Transactional
270,Cute halloween costume for work under $30,Costumes,Costumes & Accessories,Transactional
271,Cute halloween costume near me,Costumes,Costumes & Accessories,Transactional
272,Cute halloween costume with makeup kit for sale,Costumes,Costumes & Accessories,Transactional
273,Cute halloween costume with makeup kit in bulk,Costumes,Costumes & Accessories,Transactional
274,Cute halloween onesie costume under $30,Costumes,Costumes & Accessories,Transactional
275,Cute inflatable dinosaur costume near me,Costumes,Costumes & Accessories,Transactional
276,Cute inflatable halloween costume size chart,Costumes,Costumes & Accessories,Transactional
277,Cute mummy costume usa,Costumes,Costumes & Accessories,Transactional
278,Cute office halloween costume idea near me,Costumes,Costumes & Accessories,Transactional
279,Cute pirate costume usa,Costumes,Costumes & Accessories,Transactional
280,Cute pumpkin costume delivered to your door,Costumes,Costumes & Accessories,Transactional
281,Cute skeleton costume size chart,Costumes,Costumes & Accessories,Transactional
282,Cute spider costume online,Costumes,Costumes & Accessories,Transactional
283,Cute spooky costume near me,Costumes,Costumes & Accessories,Transactional
284,Cute superhero halloween costume near me,Costumes,Costumes & Accessories,Transactional
285,Cute superhero halloween costume online,Costumes,Costumes & Accessories,Transactional
286,Cute trick or treat costume near me,Costumes,Costumes & Accessories,Transactional
287,Devil costume near me,Costumes,Costumes & Accessories,Transactional
288,Discount bat costume under $30,Costumes,Costumes & Accessories,Transactional
289,Discount black cat costume set,Costumes,Costumes & Accessories,Transactional
290,Discount clown costume,Costumes,Costumes & Accessories,Transactional
291,Discount clown costume ideas,Costumes,Costumes & Accessories,Transactional
292,Discount cosplay halloween costume delivered to your door,Costumes,Costumes & Accessories,Transactional
293,Discount couples halloween costume size chart,Costumes,Costumes & Accessories,Transactional
294,Discount devil costume online,Costumes,Costumes & Accessories,Transactional
295,Discount dracula costume near me,Costumes,Costumes & Accessories,Transactional
296,Discount fairy costume for sale,Costumes,Costumes & Accessories,Transactional
297,Discount frankenstein costume delivered to your door,Costumes,Costumes & Accessories,Transactional
298,Discount frankenstein costume near me,Costumes,Costumes & Accessories,Transactional
299,Discount ghost costume near me,Costumes,Costumes & Accessories,Transactional
300,Discount grim reaper costume for sale,Costumes,Costumes & Accessories,Transactional
301,Discount grim reaper costume with free shipping,Costumes,Costumes & Accessories,Transactional
302,Discount group halloween costume idea near me,Costumes,Costumes & Accessories,Transactional
303,Discount halloween costume accessories near me,Costumes,Costumes & Accessories,Transactional
304,Discount halloween costume under $30,Costumes,Costumes & Accessories,Transactional
305,Discount inflatable dinosaur costume,Costumes,Costumes & Accessories,Transactional
306,Discount inflatable halloween costume online,Costumes,Costumes & Accessories,Transactional
307,Discount mummy costume delivered to your door,Costumes,Costumes & Accessories,Transactional
308,Discount pirate costume for halloween 2026,Costumes,Costumes & Accessories,Transactional
309,Discount pumpkin costume with free shipping,Costumes,Costumes & Accessories,Transactional
310,Discount renaissance witch costume delivered to your door,Costumes,Costumes & Accessories,Transactional
311,Discount scarecrow costume 2026,Costumes,Costumes & Accessories,Transactional
312,Discount scarecrow costume for sale,Costumes,Costumes & Accessories,Transactional
313,Discount skeleton costume 2026,Costumes,Costumes & Accessories,Transactional
314,Discount spider costume for halloween 2026,Costumes,Costumes & Accessories,Transactional
315,Discount superhero halloween costume online,Costumes,Costumes & Accessories,Transactional
316,Discount trick or treat costume for halloween 2026,Costumes,Costumes & Accessories,Transactional
317,Discount witch costume with free shipping to usa,Costumes,Costumes & Accessories,Transactional
318,Discount witch hat and cape set near me,Costumes,Costumes & Accessories,Transactional
319,Discount zombie costume near me,Costumes,Costumes & Accessories,Transactional
320,Diy bat costume for sale,Costumes,Costumes & Accessories,Transactional
321,Diy clown costume near me,Costumes,Costumes & Accessories,Transactional
322,Diy clown costume online,Costumes,Costumes & Accessories,Transactional
323,Diy cosplay halloween costume,Costumes,Costumes & Accessories,Transactional
324,Diy devil costume in bulk,Costumes,Costumes & Accessories,Transactional
325,Diy frankenstein costume with fast shipping,Costumes,Costumes & Accessories,Transactional
326,Diy funny halloween costume near me,Costumes,Costumes & Accessories,Transactional
327,Diy gothic halloween costume for sale,Costumes,Costumes & Accessories,Transactional
328,Diy group halloween costume idea ideas,Costumes,Costumes & Accessories,Transactional
329,Diy halloween costume with makeup kit near me,Costumes,Costumes & Accessories,Transactional
330,Diy inflatable dinosaur costume online,Costumes,Costumes & Accessories,Transactional
331,Diy inflatable dinosaur costume size chart,Costumes,Costumes & Accessories,Transactional
332,Diy inflatable pumpkin costume with fast shipping,Costumes,Costumes & Accessories,Transactional
333,Diy mummy costume online,Costumes,Costumes & Accessories,Transactional
334,Diy office halloween costume idea for sale,Costumes,Costumes & Accessories,Transactional
335,Diy office halloween costume idea kit,Costumes,Costumes & Accessories,Transactional
336,Diy office halloween costume idea usa,Costumes,Costumes & Accessories,Transactional
337,Diy pumpkin onesie ideas,Costumes,Costumes & Accessories,Transactional
338,Diy sibling halloween costumes near me,Costumes,Costumes & Accessories,Transactional
339,Diy skeleton costume with free shipping to usa,Costumes,Costumes & Accessories,Transactional
340,Diy spider costume near me,Costumes,Costumes & Accessories,Transactional
341,Diy spider costume usa,Costumes,Costumes & Accessories,Transactional
342,Diy superhero halloween costume 2026,Costumes,Costumes & Accessories,Transactional
343,Diy vampire costume pack,Costumes,Costumes & Accessories,Transactional
344,Diy zombie costume 2026,Costumes,Costumes & Accessories,Transactional
345,Dog black cat costume size chart,Costumes,Costumes & Accessories,Transactional
346,Dog clown costume online,Costumes,Costumes & Accessories,Transactional
347,Dog clown costume set,Costumes,Costumes & Accessories,Transactional
348,Dog cosplay halloween costume pack,Costumes,Costumes & Accessories,Transactional
349,Dog couples halloween costume near me,Costumes,Costumes & Accessories,Transactional
350,Dog devil costume delivered to your door,Costumes,Costumes & Accessories,Transactional
351,Dog devil costume pack,Costumes,Costumes & Accessories,Transactional
352,Dog fairy costume kit,Costumes,Costumes & Accessories,Transactional
353,Dog frankenstein costume online,Costumes,Costumes & Accessories,Transactional
354,Dog funny halloween costume for sale,Costumes,Costumes & Accessories,Transactional
355,Dog funny halloween costume size chart,Costumes,Costumes & Accessories,Transactional
356,Dog grim reaper costume for sale,Costumes,Costumes & Accessories,Transactional
357,Dog group halloween costume idea 2026,Costumes,Costumes & Accessories,Transactional
358,Dog group halloween costume idea under $30,Costumes,Costumes & Accessories,Transactional
359,Dog halloween costume set pack,Costumes,Costumes & Accessories,Transactional
360,Dog halloween costume with wig in bulk,Costumes,Costumes & Accessories,Transactional
361,Dog halloween dress up outfit with free shipping,Costumes,Costumes & Accessories,Transactional
362,Dog halloween onesie costume delivered to your door,Costumes,Costumes & Accessories,Transactional
363,Dog horror movie costume online,Costumes,Costumes & Accessories,Transactional
364,Dog inflatable dinosaur costume in bulk,Costumes,Costumes & Accessories,Transactional
365,Dog inflatable ghost costume with fast shipping,Costumes,Costumes & Accessories,Transactional
366,Dog inflatable pumpkin costume near me,Costumes,Costumes & Accessories,Transactional
367,Dog matching family halloween costumes usa,Costumes,Costumes & Accessories,Transactional
368,Dog pumpkin costume near me,Costumes,Costumes & Accessories,Transactional
369,Dog pumpkin onesie set,Costumes,Costumes & Accessories,Transactional
370,Dog renaissance witch costume for halloween 2026,Costumes,Costumes & Accessories,Transactional
371,Dog renaissance witch costume in bulk,Costumes,Costumes & Accessories,Transactional
372,Dog renaissance witch costume with free shipping to usa,Costumes,Costumes & Accessories,Transactional
373,Dog sibling halloween costumes 2026,Costumes,Costumes & Accessories,Transactional
374,Dog sibling halloween costumes online,Costumes,Costumes & Accessories,Transactional
375,Dog spooky costume in bulk,Costumes,Costumes & Accessories,Transactional
376,Dog vampire costume for halloween 2026,Costumes,Costumes & Accessories,Transactional
377,Dog vampire costume in bulk,Costumes,Costumes & Accessories,Transactional
378,Dog vampire costume online,Costumes,Costumes & Accessories,Transactional
379,Dog vampire costume under $30,Costumes,Costumes & Accessories,Transactional
380,Dog werewolf costume under $30,Costumes,Costumes & Accessories,Transactional
381,Dog witch hat and cape set 2026,Costumes,Costumes & Accessories,Transactional
382,Dog witch hat and cape set online,Costumes,Costumes & Accessories,Transactional
383,Dog zombie costume delivered to your door,Costumes,Costumes & Accessories,Transactional
384,Dog zombie costume for sale,Costumes,Costumes & Accessories,Transactional
385,Dog zombie costume pack,Costumes,Costumes & Accessories,Transactional
386,Dracula costume set,Costumes,Costumes & Accessories,Transactional
387,Easy frankenstein costume near me,Costumes,Costumes & Accessories,Transactional
388,Easy funny halloween costume 2026,Costumes,Costumes & Accessories,Transactional
389,Easy gothic halloween costume delivered to your door,Costumes,Costumes & Accessories,Transactional
390,Easy group halloween costume idea delivered to your door,Costumes,Costumes & Accessories,Transactional
391,Easy halloween costume online,Costumes,Costumes & Accessories,Transactional
392,Easy halloween costume under $30,Costumes,Costumes & Accessories,Transactional
393,Easy halloween costume with mask usa,Costumes,Costumes & Accessories,Transactional
394,Easy halloween costume with wig 2026,Costumes,Costumes & Accessories,Transactional
395,Easy halloween dress up outfit for sale,Costumes,Costumes & Accessories,Transactional
396,Easy halloween onesie costume with free shipping,Costumes,Costumes & Accessories,Transactional
397,Easy inflatable ghost costume with free shipping to usa,Costumes,Costumes & Accessories,Transactional
398,Easy inflatable pumpkin costume with fast shipping,Costumes,Costumes & Accessories,Transactional
399,Easy matching family halloween costumes near me,Costumes,Costumes & Accessories,Transactional
400,Easy mummy costume 2026,Costumes,Costumes & Accessories,Transactional
401,Easy office halloween costume idea for sale,Costumes,Costumes & Accessories,Transactional
402,Easy office halloween costume idea set,Costumes,Costumes & Accessories,Transactional
403,Easy office halloween costume idea under $30,Costumes,Costumes & Accessories,Transactional
404,Easy pumpkin costume kit,Costumes,Costumes & Accessories,Transactional
405,Easy pumpkin costume with free shipping,Costumes,Costumes & Accessories,Transactional
406,Easy pumpkin onesie near me,Costumes,Costumes & Accessories,Transactional
407,Easy scary halloween costume delivered to your door,Costumes,Costumes & Accessories,Transactional
408,Easy scary halloween costume near me,Costumes,Costumes & Accessories,Transactional
409,Easy spider costume pack,Costumes,Costumes & Accessories,Transactional
410,Easy trick or treat costume online,Costumes,Costumes & Accessories,Transactional
411,Easy witch hat and cape set delivered to your door,Costumes,Costumes & Accessories,Transactional
412,Easy witch hat and cape set pack,Costumes,Costumes & Accessories,Transactional
413,Easy witch hat and cape set usa,Costumes,Costumes & Accessories,Transactional
414,Family bat costume in bulk,Costumes,Costumes & Accessories,Transactional
415,Family black cat costume set,Costumes,Costumes & Accessories,Transactional
416,Family black cat costume with fast shipping,Costumes,Costumes & Accessories,Transactional
417,Family couples halloween costume in bulk,Costumes,Costumes & Accessories,Transactional
418,Family couples halloween costume with free shipping to usa,Costumes,Costumes & Accessories,Transactional
419,Family dracula costume usa,Costumes,Costumes & Accessories,Transactional
420,Family funny halloween costume delivered to your door,Costumes,Costumes & Accessories,Transactional
421,Family ghost costume,Costumes,Costumes & Accessories,Transactional
422,Family ghost costume in bulk,Costumes,Costumes & Accessories,Transactional
423,Family group halloween costume idea near me,Costumes,Costumes & Accessories,Transactional
424,Family halloween costume accessories online,Costumes,Costumes & Accessories,Transactional
425,Family halloween costume bundle under $30,Costumes,Costumes & Accessories,Transactional
426,Family halloween costume for school pack,Costumes,Costumes & Accessories,Transactional
427,Family halloween costume for work near me,Costumes,Costumes & Accessories,Transactional
428,Family halloween costume ideas,Costumes,Costumes & Accessories,Transactional
429,Family halloween costume set 2026,Costumes,Costumes & Accessories,Transactional
430,Family halloween costume set in bulk,Costumes,Costumes & Accessories,Transactional
431,Family halloween costume with makeup kit,Costumes,Costumes & Accessories,Transactional
432,Family halloween costume with makeup kit delivered to your door,Costumes,Costumes & Accessories,Transactional
433,Family halloween costume with makeup kit near me,Costumes,Costumes & Accessories,Transactional
434,Family halloween costume with makeup kit usa,Costumes,Costumes & Accessories,Transactional
435,Family halloween costume with mask near me,Costumes,Costumes & Accessories,Transactional
436,Family halloween costume with wig near me,Costumes,Costumes & Accessories,Transactional
437,Family halloween onesie costume 2026,Costumes,Costumes & Accessories,Transactional
438,Family horror movie costume in bulk,Costumes,Costumes & Accessories,Transactional
439,Family horror movie costume kit,Costumes,Costumes & Accessories,Transactional
440,Family inflatable dinosaur costume,Costumes,Costumes & Accessories,Transactional
441,Family inflatable dinosaur costume near me,Costumes,Costumes & Accessories,Transactional
442,Family inflatable dinosaur costume online,Costumes,Costumes & Accessories,Transactional
443,Family inflatable dinosaur costume usa,Costumes,Costumes & Accessories,Transactional
444,Family inflatable halloween costume delivered to your door,Costumes,Costumes & Accessories,Transactional
445,Family inflatable halloween costume kit,Costumes,Costumes & Accessories,Transactional
446,Family inflatable pumpkin costume for sale,Costumes,Costumes & Accessories,Transactional
447,Family pumpkin onesie near me,Costumes,Costumes & Accessories,Transactional
448,Family renaissance witch costume with free shipping,Costumes,Costumes & Accessories,Transactional
449,Family scary halloween costume with fast shipping,Costumes,Costumes & Accessories,Transactional
450,Family sibling halloween costumes near me,Costumes,Costumes & Accessories,Transactional
451,Family spider costume 2026,Costumes,Costumes & Accessories,Transactional
452,Family spider costume delivered to your door,Costumes,Costumes & Accessories,Transactional
453,Family spider costume pack,Costumes,Costumes & Accessories,Transactional
454,Family spider costume usa,Costumes,Costumes & Accessories,Transactional
455,Family superhero halloween costume pack,Costumes,Costumes & Accessories,Transactional
456,Family superhero halloween costume usa,Costumes,Costumes & Accessories,Transactional
457,Family trick or treat costume for halloween 2026,Costumes,Costumes & Accessories,Transactional
458,Family trick or treat costume set,Costumes,Costumes & Accessories,Transactional
459,Family vampire costume pack,Costumes,Costumes & Accessories,Transactional
460,Family witch costume kit,Costumes,Costumes & Accessories,Transactional
461,Family witch hat and cape set with free shipping,Costumes,Costumes & Accessories,Transactional
462,Family zombie costume near me,Costumes,Costumes & Accessories,Transactional
463,Funny bat costume set,Costumes,Costumes & Accessories,Transactional
464,Funny bat costume under $30,Costumes,Costumes & Accessories,Transactional
465,Funny clown costume delivered to your door,Costumes,Costumes & Accessories,Transactional
466,Funny devil costume online,Costumes,Costumes & Accessories,Transactional
467,Funny group halloween costume idea size chart,Costumes,Costumes & Accessories,Transactional
468,Funny halloween costume delivered to your door,Costumes,Costumes & Accessories,Transactional
469,Funny halloween costume for school 2026,Costumes,Costumes & Accessories,Transactional
470,Funny halloween costume for school delivered to your door,Costumes,Costumes & Accessories,Transactional
471,Funny matching family halloween costumes online,Costumes,Costumes & Accessories,Transactional
472,Funny pumpkin onesie 2026,Costumes,Costumes & Accessories,Transactional
473,Funny pumpkin onesie for halloween 2026,Costumes,Costumes & Accessories,Transactional
474,Funny scary halloween costume delivered to your door,Costumes,Costumes & Accessories,Transactional
475,Funny skeleton costume size chart,Costumes,Costumes & Accessories,Transactional
476,Funny werewolf costume,Costumes,Costumes & Accessories,Transactional
477,Funny werewolf costume near me,Costumes,Costumes & Accessories,Transactional
478,Funny zombie costume 2026,Costumes,Costumes & Accessories,Transactional
479,Get black cat costume with fast shipping,Costumes,Costumes & Accessories,Transactional
480,Get devil costume with fast shipping,Costumes,Costumes & Accessories,Transactional
481,Get fairy costume usa,Costumes,Costumes & Accessories,Transactional
482,Get gothic halloween costume usa,Costumes,Costumes & Accessories,Transactional
483,Get halloween cape costume ideas,Costumes,Costumes & Accessories,Transactional
484,Get halloween costume accessories near me,Costumes,Costumes & Accessories,Transactional
485,Get halloween costume set ideas,Costumes,Costumes & Accessories,Transactional
486,Get halloween costume set online,Costumes,Costumes & Accessories,Transactional
487,Get halloween onesie costume pack,Costumes,Costumes & Accessories,Transactional
488,Get inflatable halloween costume,Costumes,Costumes & Accessories,Transactional
489,Get inflatable halloween costume online,Costumes,Costumes & Accessories,Transactional
490,Get pumpkin costume kit,Costumes,Costumes & Accessories,Transactional
491,Get pumpkin onesie set,Costumes,Costumes & Accessories,Transactional
492,Get reaper hooded robe kit,Costumes,Costumes & Accessories,Transactional
493,Get skeleton costume for sale,Costumes,Costumes & Accessories,Transactional
494,Get spider costume online,Costumes,Costumes & Accessories,Transactional
495,Get trick or treat costume with free shipping to usa,Costumes,Costumes & Accessories,Transactional
496,Get vampire costume in bulk,Costumes,Costumes & Accessories,Transactional
497,Get witch costume for sale,Costumes,Costumes & Accessories,Transactional
498,Get witch hat and cape set size chart,Costumes,Costumes & Accessories,Transactional
499,Get zombie costume usa,Costumes,Costumes & Accessories,Transactional
500,Group cat costume for sale,Costumes,Costumes & Accessories,Transactional
501,Group devil costume with free shipping to usa,Costumes,Costumes & Accessories,Transactional
502,Group ghost costume for sale,Costumes,Costumes & Accessories,Transactional
503,Group halloween costume 2026,Costumes,Costumes & Accessories,Transactional
504,Group halloween costume accessories near me,Costumes,Costumes & Accessories,Transactional
505,Group halloween costume for school 2026,Costumes,Costumes & Accessories,Transactional
506,Group halloween costume for school kit,Costumes,Costumes & Accessories,Transactional
507,Group halloween costume for work online,Costumes,Costumes & Accessories,Transactional
508,Group halloween costume set near me,Costumes,Costumes & Accessories,Transactional
509,Group halloween costume set pack,Costumes,Costumes & Accessories,Transactional
510,Group halloween onesie costume for sale,Costumes,Costumes & Accessories,Transactional
511,Group inflatable halloween costume usa,Costumes,Costumes & Accessories,Transactional
512,Group inflatable pumpkin costume,Costumes,Costumes & Accessories,Transactional
513,Group pumpkin onesie for sale,Costumes,Costumes & Accessories,Transactional
514,Group renaissance witch costume for sale,Costumes,Costumes & Accessories,Transactional
515,Group renaissance witch costume near me,Costumes,Costumes & Accessories,Transactional
516,Group sibling halloween costumes kit,Costumes,Costumes & Accessories,Transactional
517,Group sibling halloween costumes near me,Costumes,Costumes & Accessories,Transactional
518,Group sibling halloween costumes set,Costumes,Costumes & Accessories,Transactional
519,Group spider costume online,Costumes,Costumes & Accessories,Transactional
520,Group spooky costume kit,Costumes,Costumes & Accessories,Transactional
521,Group spooky costume usa,Costumes,Costumes & Accessories,Transactional
522,Group zombie costume kit,Costumes,Costumes & Accessories,Transactional
523,Group zombie costume under $30,Costumes,Costumes & Accessories,Transactional
524,Halloween cape costume for sale,Costumes,Costumes & Accessories,Transactional
525,Halloween costume 2026,Costumes,Costumes & Accessories,Transactional
526,Halloween onesie costume online,Costumes,Costumes & Accessories,Transactional
527,Halloween onesie costume under $30,Costumes,Costumes & Accessories,Transactional
528,Homemade black cat costume delivered to your door,Costumes,Costumes & Accessories,Transactional
529,Homemade black cat costume in bulk,Costumes,Costumes & Accessories,Transactional
530,Homemade fairy costume ideas,Costumes,Costumes & Accessories,Transactional
531,Homemade gothic halloween costume for sale,Costumes,Costumes & Accessories,Transactional
532,Homemade group halloween costume idea near me,Costumes,Costumes & Accessories,Transactional
533,Homemade halloween costume bundle 2026,Costumes,Costumes & Accessories,Transactional
534,Homemade halloween costume bundle in bulk,Costumes,Costumes & Accessories,Transactional
535,Homemade halloween costume bundle online,Costumes,Costumes & Accessories,Transactional
536,Homemade halloween costume for work with free shipping to usa,Costumes,Costumes & Accessories,Transactional
537,Homemade horror movie costume,Costumes,Costumes & Accessories,Transactional
538,Homemade inflatable dinosaur costume ideas,Costumes,Costumes & Accessories,Transactional
539,Homemade matching family halloween costumes for sale,Costumes,Costumes & Accessories,Transactional
540,Homemade matching family halloween costumes near me,Costumes,Costumes & Accessories,Transactional
541,Homemade office halloween costume idea under $30,Costumes,Costumes & Accessories,Transactional
542,Homemade reaper hooded robe 2026,Costumes,Costumes & Accessories,Transactional
543,Homemade renaissance witch costume for sale,Costumes,Costumes & Accessories,Transactional
544,Homemade scarecrow costume online,Costumes,Costumes & Accessories,Transactional
545,Homemade spooky costume online,Costumes,Costumes & Accessories,Transactional
546,Homemade vampire costume usa,Costumes,Costumes & Accessories,Transactional
547,Homemade zombie costume size chart,Costumes,Costumes & Accessories,Transactional
548,Kids bat costume size chart,Costumes,Costumes & Accessories,Transactional
549,Kids black cat costume,Costumes,Costumes & Accessories,Transactional
550,Kids cat costume ideas,Costumes,Costumes & Accessories,Transactional
551,Kids clown costume online,Costumes,Costumes & Accessories,Transactional
552,Kids clown costume with free shipping,Costumes,Costumes & Accessories,Transactional
553,Kids couples halloween costume for sale,Costumes,Costumes & Accessories,Transactional
554,Kids couples halloween costume in bulk,Costumes,Costumes & Accessories,Transactional
555,Kids couples halloween costume online,Costumes,Costumes & Accessories,Transactional
556,Kids devil costume near me,Costumes,Costumes & Accessories,Transactional
557,Kids dracula costume ideas,Costumes,Costumes & Accessories,Transactional
558,Kids dracula costume online,Costumes,Costumes & Accessories,Transactional
559,Kids fairy costume online,Costumes,Costumes & Accessories,Transactional
560,Kids fairy costume pack,Costumes,Costumes & Accessories,Transactional
561,Kids fairy costume with free shipping to usa,Costumes,Costumes & Accessories,Transactional
562,Kids frankenstein costume set,Costumes,Costumes & Accessories,Transactional
563,Kids frankenstein costume size chart,Costumes,Costumes & Accessories,Transactional
564,Kids funny halloween costume size chart,Costumes,Costumes & Accessories,Transactional
565,Kids ghost costume,Costumes,Costumes & Accessories,Transactional
566,Kids ghost costume in bulk,Costumes,Costumes & Accessories,Transactional
567,Kids ghost costume online,Costumes,Costumes & Accessories,Transactional
568,Kids gothic halloween costume ideas,Costumes,Costumes & Accessories,Transactional
569,Kids grim reaper costume for sale,Costumes,Costumes & Accessories,Transactional
570,Kids grim reaper costume ideas,Costumes,Costumes & Accessories,Transactional
571,Kids halloween costume set for sale,Costumes,Costumes & Accessories,Transactional
572,Kids halloween costume with makeup kit online,Costumes,Costumes & Accessories,Transactional
573,Kids halloween costume with wig size chart,Costumes,Costumes & Accessories,Transactional
574,Kids halloween onesie costume under $30,Costumes,Costumes & Accessories,Transactional
575,Kids horror movie costume for sale,Costumes,Costumes & Accessories,Transactional
576,Kids horror movie costume in bulk,Costumes,Costumes & Accessories,Transactional
577,Kids horror movie costume pack,Costumes,Costumes & Accessories,Transactional
578,Kids inflatable ghost costume ideas,Costumes,Costumes & Accessories,Transactional
579,Kids inflatable ghost costume set,Costumes,Costumes & Accessories,Transactional
580,Kids inflatable pumpkin costume pack,Costumes,Costumes & Accessories,Transactional
581,Kids matching family halloween costumes delivered to your door,Costumes,Costumes & Accessories,Transactional
582,Kids mummy costume kit,Costumes,Costumes & Accessories,Transactional
583,Kids mummy costume online,Costumes,Costumes & Accessories,Transactional
584,Kids pirate costume online,Costumes,Costumes & Accessories,Transactional
585,Kids pumpkin onesie for sale,Costumes,Costumes & Accessories,Transactional
586,Kids pumpkin onesie with fast shipping,Costumes,Costumes & Accessories,Transactional
587,Kids renaissance witch costume for halloween 2026,Costumes,Costumes & Accessories,Transactional
588,Kids renaissance witch costume in bulk,Costumes,Costumes & Accessories,Transactional
589,Kids renaissance witch costume with free shipping,Costumes,Costumes & Accessories,Transactional
590,Kids scarecrow costume near me,Costumes,Costumes & Accessories,Transactional
591,Kids scary halloween costume in bulk,Costumes,Costumes & Accessories,Transactional
592,Kids scary halloween costume set,Costumes,Costumes & Accessories,Transactional
593,Kids sibling halloween costumes online,Costumes,Costumes & Accessories,Transactional
594,Kids skeleton costume,Costumes,Costumes & Accessories,Transactional
595,Kids superhero halloween costume,Costumes,Costumes & Accessories,Transactional
596,Kids superhero halloween costume with free shipping,Costumes,Costumes & Accessories,Transactional
597,Kids trick or treat costume with fast shipping,Costumes,Costumes & Accessories,Transactional
598,Kids werewolf costume for sale,Costumes,Costumes & Accessories,Transactional
599,Kids witch costume usa,Costumes,Costumes & Accessories,Transactional
600,Kids zombie costume 2026,Costumes,Costumes & Accessories,Transactional
601,Matching family halloween costumes kit,Costumes,Costumes & Accessories,Transactional
602,Men's bat costume ideas,Costumes,Costumes & Accessories,Transactional
603,Men's black cat costume with free shipping to usa,Costumes,Costumes & Accessories,Transactional
604,Men's couples halloween costume usa,Costumes,Costumes & Accessories,Transactional
605,Men's dracula costume with free shipping,Costumes,Costumes & Accessories,Transactional
606,Men's funny halloween costume delivered to your door,Costumes,Costumes & Accessories,Transactional
607,Men's funny halloween costume in bulk,Costumes,Costumes & Accessories,Transactional
608,Men's ghost costume pack,Costumes,Costumes & Accessories,Transactional
609,Men's gothic halloween costume in bulk,Costumes,Costumes & Accessories,Transactional
610,Men's halloween costume bundle for sale,Costumes,Costumes & Accessories,Transactional
611,Men's halloween costume for work delivered to your door,Costumes,Costumes & Accessories,Transactional
612,Men's halloween costume with mask near me,Costumes,Costumes & Accessories,Transactional
613,Men's halloween costume with wig in bulk,Costumes,Costumes & Accessories,Transactional
614,Men's horror movie costume size chart,Costumes,Costumes & Accessories,Transactional
615,Men's inflatable pumpkin costume size chart,Costumes,Costumes & Accessories,Transactional
616,Men's matching family halloween costumes size chart,Costumes,Costumes & Accessories,Transactional
617,Men's office halloween costume idea pack,Costumes,Costumes & Accessories,Transactional
618,Men's pumpkin costume ideas,Costumes,Costumes & Accessories,Transactional
619,Men's reaper hooded robe 2026,Costumes,Costumes & Accessories,Transactional
620,Men's reaper hooded robe kit,Costumes,Costumes & Accessories,Transactional
621,Men's reaper hooded robe near me,Costumes,Costumes & Accessories,Transactional
622,Men's renaissance witch costume delivered to your door,Costumes,Costumes & Accessories,Transactional
623,Men's sibling halloween costumes online,Costumes,Costumes & Accessories,Transactional
624,Men's sibling halloween costumes pack,Costumes,Costumes & Accessories,Transactional
625,Men's sibling halloween costumes size chart,Costumes,Costumes & Accessories,Transactional
626,Men's spooky costume delivered to your door,Costumes,Costumes & Accessories,Transactional
627,Men's spooky costume in bulk,Costumes,Costumes & Accessories,Transactional
628,Men's trick or treat costume online,Costumes,Costumes & Accessories,Transactional
629,Men's vampire costume pack,Costumes,Costumes & Accessories,Transactional
630,Men's werewolf costume with free shipping to usa,Costumes,Costumes & Accessories,Transactional
631,Mummy costume delivered to your door,Costumes,Costumes & Accessories,Transactional
632,Mummy costume pack,Costumes,Costumes & Accessories,Transactional
633,Office halloween costume idea near me,Costumes,Costumes & Accessories,Transactional
634,Office halloween costume idea set,Costumes,Costumes & Accessories,Transactional
635,Office halloween costume idea with fast shipping,Costumes,Costumes & Accessories,Transactional
636,Office halloween costume idea with free shipping to usa,Costumes,Costumes & Accessories,Transactional
637,Order group halloween costume idea near me,Costumes,Costumes & Accessories,Transactional
638,Order halloween cape costume with fast shipping,Costumes,Costumes & Accessories,Transactional
639,Order halloween costume kit,Costumes,Costumes & Accessories,Transactional
640,Order halloween costume set for sale,Costumes,Costumes & Accessories,Transactional
641,Order halloween costume with mask usa,Costumes,Costumes & Accessories,Transactional
642,Order halloween costume with wig usa,Costumes,Costumes & Accessories,Transactional
643,Order halloween onesie costume ideas,Costumes,Costumes & Accessories,Transactional
644,Order halloween onesie costume in bulk,Costumes,Costumes & Accessories,Transactional
645,Order inflatable ghost costume set,Costumes,Costumes & Accessories,Transactional
646,Order inflatable pumpkin costume under $30,Costumes,Costumes & Accessories,Transactional
647,Order pumpkin onesie,Costumes,Costumes & Accessories,Transactional
648,Order pumpkin onesie set,Costumes,Costumes & Accessories,Transactional
649,Order reaper hooded robe usa,Costumes,Costumes & Accessories,Transactional
650,Order scary halloween costume size chart,Costumes,Costumes & Accessories,Transactional
651,Order superhero halloween costume in bulk,Costumes,Costumes & Accessories,Transactional
652,Order vampire costume near me,Costumes,Costumes & Accessories,Transactional
653,Order witch hat and cape set kit,Costumes,Costumes & Accessories,Transactional
654,Order zombie costume size chart,Costumes,Costumes & Accessories,Transactional
655,Pet bat costume in bulk,Costumes,Costumes & Accessories,Transactional
656,Pet cat costume with free shipping to usa,Costumes,Costumes & Accessories,Transactional
657,Pet couples halloween costume near me,Costumes,Costumes & Accessories,Transactional
658,Pet couples halloween costume size chart,Costumes,Costumes & Accessories,Transactional
659,Pet couples halloween costume with free shipping,Costumes,Costumes & Accessories,Transactional
660,Pet dracula costume near me,Costumes,Costumes & Accessories,Transactional
661,Pet dracula costume pack,Costumes,Costumes & Accessories,Transactional
662,Pet fairy costume size chart,Costumes,Costumes & Accessories,Transactional
663,Pet fairy costume usa,Costumes,Costumes & Accessories,Transactional
664,Pet halloween costume accessories kit,Costumes,Costumes & Accessories,Transactional
665,Pet halloween costume accessories with fast shipping,Costumes,Costumes & Accessories,Transactional
666,Pet halloween costume bundle kit,Costumes,Costumes & Accessories,Transactional
667,Pet halloween costume for sale,Costumes,Costumes & Accessories,Transactional
668,Pet halloween costume for school delivered to your door,Costumes,Costumes & Accessories,Transactional
669,Pet halloween costume for work online,Costumes,Costumes & Accessories,Transactional
670,Pet halloween costume set delivered to your door,Costumes,Costumes & Accessories,Transactional
671,Pet halloween costume usa,Costumes,Costumes & Accessories,Transactional
672,Pet halloween costume with makeup kit delivered to your door,Costumes,Costumes & Accessories,Transactional
673,Pet halloween costume with mask near me,Costumes,Costumes & Accessories,Transactional
674,Pet halloween costume with mask size chart,Costumes,Costumes & Accessories,Transactional
675,Pet halloween costume with wig 2026,Costumes,Costumes & Accessories,Transactional
676,Pet halloween costume with wig usa,Costumes,Costumes & Accessories,Transactional
677,Pet inflatable dinosaur costume with fast shipping,Costumes,Costumes & Accessories,Transactional
678,Pet inflatable ghost costume near me,Costumes,Costumes & Accessories,Transactional
679,Pet inflatable halloween costume set,Costumes,Costumes & Accessories,Transactional
680,Pet matching family halloween costumes for sale,Costumes,Costumes & Accessories,Transactional
681,Pet matching family halloween costumes ideas,Costumes,Costumes & Accessories,Transactional
682,Pet matching family halloween costumes online,Costumes,Costumes & Accessories,Transactional
683,Pet matching family halloween costumes size chart,Costumes,Costumes & Accessories,Transactional
684,Pet mummy costume ideas,Costumes,Costumes & Accessories,Transactional
685,Pet office halloween costume idea for sale,Costumes,Costumes & Accessories,Transactional
686,Pet pumpkin onesie for halloween 2026,Costumes,Costumes & Accessories,Transactional
687,Pet reaper hooded robe for halloween 2026,Costumes,Costumes & Accessories,Transactional
688,Pet renaissance witch costume under $30,Costumes,Costumes & Accessories,Transactional
689,Pet spider costume in bulk,Costumes,Costumes & Accessories,Transactional
690,Pet spider costume online,Costumes,Costumes & Accessories,Transactional
691,Pet spooky costume near me,Costumes,Costumes & Accessories,Transactional
692,Pet superhero halloween costume 2026,Costumes,Costumes & Accessories,Transactional
693,Pet superhero halloween costume set,Costumes,Costumes & Accessories,Transactional
694,Pet trick or treat costume for halloween 2026,Costumes,Costumes & Accessories,Transactional
695,Pet trick or treat costume ideas,Costumes,Costumes & Accessories,Transactional
696,Pet trick or treat costume size chart,Costumes,Costumes & Accessories,Transactional
697,Pet werewolf costume ideas,Costumes,Costumes & Accessories,Transactional
698,Pet werewolf costume online,Costumes,Costumes & Accessories,Transactional
699,Pet witch costume 2026,Costumes,Costumes & Accessories,Transactional
700,Pet witch hat and cape set ideas,Costumes,Costumes & Accessories,Transactional
701,Plus size bat costume in bulk,Costumes,Costumes & Accessories,Transactional
702,Plus size black cat costume with free shipping,Costumes,Costumes & Accessories,Transactional
703,Plus size cat costume for sale,Costumes,Costumes & Accessories,Transactional
704,Plus size cosplay halloween costume under $30,Costumes,Costumes & Accessories,Transactional
705,Plus size fairy costume usa,Costumes,Costumes & Accessories,Transactional
706,Plus size frankenstein costume,Costumes,Costumes & Accessories,Transactional
707,Plus size frankenstein costume 2026,Costumes,Costumes & Accessories,Transactional
708,Plus size funny halloween costume with fast shipping,Costumes,Costumes & Accessories,Transactional
709,Plus size ghost costume set,Costumes,Costumes & Accessories,Transactional
710,Plus size gothic halloween costume ideas,Costumes,Costumes & Accessories,Transactional
711,Plus size grim reaper costume near me,Costumes,Costumes & Accessories,Transactional
712,Plus size halloween costume accessories kit,Costumes,Costumes & Accessories,Transactional
713,Plus size halloween costume for school near me,Costumes,Costumes & Accessories,Transactional
714,Plus size halloween costume for school set,Costumes,Costumes & Accessories,Transactional
715,Plus size halloween costume for school usa,Costumes,Costumes & Accessories,Transactional
716,Plus size halloween costume with wig,Costumes,Costumes & Accessories,Transactional
717,Plus size halloween costume with wig in bulk,Costumes,Costumes & Accessories,Transactional
718,Plus size halloween dress up outfit for sale,Costumes,Costumes & Accessories,Transactional
719,Plus size halloween onesie costume ideas,Costumes,Costumes & Accessories,Transactional
720,Plus size halloween onesie costume usa,Costumes,Costumes & Accessories,Transactional
721,Plus size halloween onesie costume with free shipping,Costumes,Costumes & Accessories,Transactional
722,Plus size inflatable ghost costume delivered to your door,Costumes,Costumes & Accessories,Transactional
723,Plus size inflatable ghost costume for sale,Costumes,Costumes & Accessories,Transactional
724,Plus size inflatable halloween costume near me,Costumes,Costumes & Accessories,Transactional
725,Plus size matching family halloween costumes in bulk,Costumes,Costumes & Accessories,Transactional
726,Plus size matching family halloween costumes under $30,Costumes,Costumes & Accessories,Transactional
727,Plus size mummy costume for sale,Costumes,Costumes & Accessories,Transactional
728,Plus size mummy costume near me,Costumes,Costumes & Accessories,Transactional
729,Plus size office halloween costume idea for sale,Costumes,Costumes & Accessories,Transactional
730,Plus size pirate costume 2026,Costumes,Costumes & Accessories,Transactional
731,Plus size pumpkin costume near me,Costumes,Costumes & Accessories,Transactional
732,Plus size pumpkin onesie set,Costumes,Costumes & Accessories,Transactional
733,Plus size reaper hooded robe near me,Costumes,Costumes & Accessories,Transactional
734,Plus size renaissance witch costume ideas,Costumes,Costumes & Accessories,Transactional
735,Plus size renaissance witch costume with free shipping to usa,Costumes,Costumes & Accessories,Transactional
736,Plus size sibling halloween costumes with fast shipping,Costumes,Costumes & Accessories,Transactional
737,Plus size skeleton costume kit,Costumes,Costumes & Accessories,Transactional
738,Plus size spider costume for sale,Costumes,Costumes & Accessories,Transactional
739,Plus size vampire costume,Costumes,Costumes & Accessories,Transactional
740,Plus size werewolf costume near me,Costumes,Costumes & Accessories,Transactional
741,Plus size witch hat and cape set with fast shipping,Costumes,Costumes & Accessories,Transactional
742,Plus size zombie costume delivered to your door,Costumes,Costumes & Accessories,Transactional
743,Plus size zombie costume in bulk,Costumes,Costumes & Accessories,Transactional
744,Premium black cat costume online,Costumes,Costumes & Accessories,Transactional
745,Premium clown costume near me,Costumes,Costumes & Accessories,Transactional
746,Premium group halloween costume idea online,Costumes,Costumes & Accessories,Transactional
747,Premium halloween costume accessories 2026,Costumes,Costumes & Accessories,Transactional
748,Premium halloween costume bundle,Costumes,Costumes & Accessories,Transactional
749,Premium halloween costume for school near me,Costumes,Costumes & Accessories,Transactional
750,Premium halloween costume for school pack,Costumes,Costumes & Accessories,Transactional
751,Premium halloween dress up outfit under $30,Costumes,Costumes & Accessories,Transactional
752,Premium horror movie costume size chart,Costumes,Costumes & Accessories,Transactional
753,Premium office halloween costume idea 2026,Costumes,Costumes & Accessories,Transactional
754,Premium pumpkin onesie under $30,Costumes,Costumes & Accessories,Transactional
755,Premium reaper hooded robe for sale,Costumes,Costumes & Accessories,Transactional
756,Premium scary halloween costume for sale,Costumes,Costumes & Accessories,Transactional
757,Premium skeleton costume pack,Costumes,Costumes & Accessories,Transactional
758,Premium skeleton costume with free shipping to usa,Costumes,Costumes & Accessories,Transactional
759,Premium spider costume,Costumes,Costumes & Accessories,Transactional
760,Premium superhero halloween costume for sale,Costumes,Costumes & Accessories,Transactional
761,Premium trick or treat costume online,Costumes,Costumes & Accessories,Transactional
762,Premium witch costume usa,Costumes,Costumes & Accessories,Transactional
763,Premium witch hat and cape set for sale,Costumes,Costumes & Accessories,Transactional
764,Premium zombie costume ideas,Costumes,Costumes & Accessories,Transactional
765,Premium zombie costume online,Costumes,Costumes & Accessories,Transactional
766,Quality black cat costume online,Costumes,Costumes & Accessories,Transactional
767,Quality cat costume in bulk,Costumes,Costumes & Accessories,Transactional
768,Quality clown costume near me,Costumes,Costumes & Accessories,Transactional
769,Quality fairy costume under $30,Costumes,Costumes & Accessories,Transactional
770,Quality grim reaper costume in bulk,Costumes,Costumes & Accessories,Transactional
771,Quality group halloween costume idea near me,Costumes,Costumes & Accessories,Transactional
772,Quality halloween costume for school online,Costumes,Costumes & Accessories,Transactional
773,Quality halloween costume for work 2026,Costumes,Costumes & Accessories,Transactional
774,Quality halloween costume set near me,Costumes,Costumes & Accessories,Transactional
775,Quality halloween costume under $30,Costumes,Costumes & Accessories,Transactional
776,Quality halloween dress up outfit with free shipping to usa,Costumes,Costumes & Accessories,Transactional
777,Quality inflatable ghost costume for sale,Costumes,Costumes & Accessories,Transactional
778,Quality inflatable ghost costume with free shipping,Costumes,Costumes & Accessories,Transactional
779,Quality matching family halloween costumes in bulk,Costumes,Costumes & Accessories,Transactional
780,Quality office halloween costume idea near me,Costumes,Costumes & Accessories,Transactional
781,Quality renaissance witch costume,Costumes,Costumes & Accessories,Transactional
782,Quality spider costume near me,Costumes,Costumes & Accessories,Transactional
783,Quality spider costume pack,Costumes,Costumes & Accessories,Transactional
784,Quality spider costume usa,Costumes,Costumes & Accessories,Transactional
785,Quality vampire costume pack,Costumes,Costumes & Accessories,Transactional
786,Quality werewolf costume set,Costumes,Costumes & Accessories,Transactional
787,Quality witch hat and cape set delivered to your door,Costumes,Costumes & Accessories,Transactional
788,Scarecrow costume pack,Costumes,Costumes & Accessories,Transactional
789,Scary black cat costume for halloween 2026,Costumes,Costumes & Accessories,Transactional
790,Scary cat costume for sale,Costumes,Costumes & Accessories,Transactional
791,Scary clown costume,Costumes,Costumes & Accessories,Transactional
792,Scary clown costume online,Costumes,Costumes & Accessories,Transactional
793,Scary cosplay halloween costume under $30,Costumes,Costumes & Accessories,Transactional
794,Scary dracula costume delivered to your door,Costumes,Costumes & Accessories,Transactional
795,Scary fairy costume delivered to your door,Costumes,Costumes & Accessories,Transactional
796,Scary frankenstein costume with fast shipping,Costumes,Costumes & Accessories,Transactional
797,Scary funny halloween costume with free shipping to usa,Costumes,Costumes & Accessories,Transactional
798,Scary ghost costume with free shipping to usa,Costumes,Costumes & Accessories,Transactional
799,Scary grim reaper costume with fast shipping,Costumes,Costumes & Accessories,Transactional
800,Scary halloween costume accessories near me,Costumes,Costumes & Accessories,Transactional
801,Scary halloween costume near me,Costumes,Costumes & Accessories,Transactional
802,Scary halloween costume set usa,Costumes,Costumes & Accessories,Transactional
803,Scary halloween costume with makeup kit,Costumes,Costumes & Accessories,Transactional
804,Scary halloween costume with mask size chart,Costumes,Costumes & Accessories,Transactional
805,Scary halloween onesie costume kit,Costumes,Costumes & Accessories,Transactional
806,Scary halloween onesie costume with fast shipping,Costumes,Costumes & Accessories,Transactional
807,Scary horror movie costume,Costumes,Costumes & Accessories,Transactional
808,Scary inflatable ghost costume in bulk,Costumes,Costumes & Accessories,Transactional
809,Scary inflatable halloween costume for sale,Costumes,Costumes & Accessories,Transactional
810,Scary inflatable pumpkin costume online,Costumes,Costumes & Accessories,Transactional
811,Scary pumpkin costume under $30,Costumes,Costumes & Accessories,Transactional
812,Scary renaissance witch costume delivered to your door,Costumes,Costumes & Accessories,Transactional
813,Scary skeleton costume for halloween 2026,Costumes,Costumes & Accessories,Transactional
814,Scary superhero halloween costume,Costumes,Costumes & Accessories,Transactional
815,Scary witch costume near me,Costumes,Costumes & Accessories,Transactional
816,Scary witch hat and cape set with free shipping,Costumes,Costumes & Accessories,Transactional
817,Shop clown costume with fast shipping,Costumes,Costumes & Accessories,Transactional
818,Shop for fairy costume in bulk,Costumes,Costumes & Accessories,Transactional
819,Shop for fairy costume pack,Costumes,Costumes & Accessories,Transactional
820,Shop for fairy costume under $30,Costumes,Costumes & Accessories,Transactional
821,Shop for fairy costume usa,Costumes,Costumes & Accessories,Transactional
822,Shop for fairy costume with free shipping to usa,Costumes,Costumes & Accessories,Transactional
823,Shop for funny halloween costume in bulk,Costumes,Costumes & Accessories,Transactional
824,Shop for inflatable dinosaur costume near me,Costumes,Costumes & Accessories,Transactional
825,Shop for inflatable ghost costume usa,Costumes,Costumes & Accessories,Transactional
826,Shop for inflatable pumpkin costume online,Costumes,Costumes & Accessories,Transactional
827,Shop for pumpkin onesie under $30,Costumes,Costumes & Accessories,Transactional
828,Shop for renaissance witch costume with free shipping to usa,Costumes,Costumes & Accessories,Transactional
829,Shop for scarecrow costume near me,Costumes,Costumes & Accessories,Transactional
830,Shop for sibling halloween costumes near me,Costumes,Costumes & Accessories,Transactional
831,Shop for spooky costume 2026,Costumes,Costumes & Accessories,Transactional
832,Shop for superhero halloween costume near me,Costumes,Costumes & Accessories,Transactional
833,Shop for werewolf costume in bulk,Costumes,Costumes & Accessories,Transactional
834,Shop for witch costume with free shipping to usa,Costumes,Costumes & Accessories,Transactional
835,Shop for witch hat and cape set,Costumes,Costumes & Accessories,Transactional
836,Shop for zombie costume with fast shipping,Costumes,Costumes & Accessories,Transactional
837,Shop frankenstein costume near me,Costumes,Costumes & Accessories,Transactional
838,Shop group halloween costume idea kit,Costumes,Costumes & Accessories,Transactional
839,Shop halloween cape costume ideas,Costumes,Costumes & Accessories,Transactional
840,Shop halloween costume for work kit,Costumes,Costumes & Accessories,Transactional
841,Shop halloween costume set delivered to your door,Costumes,Costumes & Accessories,Transactional
842,Shop halloween costume set size chart,Costumes,Costumes & Accessories,Transactional
843,Shop halloween costume with makeup kit online,Costumes,Costumes & Accessories,Transactional
844,Shop halloween dress up outfit with free shipping to usa,Costumes,Costumes & Accessories,Transactional
845,Shop matching family halloween costumes set,Costumes,Costumes & Accessories,Transactional
846,Shop mummy costume online,Costumes,Costumes & Accessories,Transactional
847,Shop office halloween costume idea pack,Costumes,Costumes & Accessories,Transactional
848,Shop renaissance witch costume with fast shipping,Costumes,Costumes & Accessories,Transactional
849,Shop spooky costume near me,Costumes,Costumes & Accessories,Transactional
850,Shop superhero halloween costume online,Costumes,Costumes & Accessories,Transactional
851,Shop zombie costume with free shipping,Costumes,Costumes & Accessories,Transactional
852,Shop zombie costume with free shipping to usa,Costumes,Costumes & Accessories,Transactional
853,Sibling halloween costumes usa,Costumes,Costumes & Accessories,Transactional
854,Spooky clown costume near me,Costumes,Costumes & Accessories,Transactional
855,Spooky cosplay halloween costume set,Costumes,Costumes & Accessories,Transactional
856,Spooky couples halloween costume ideas,Costumes,Costumes & Accessories,Transactional
857,Spooky devil costume in bulk,Costumes,Costumes & Accessories,Transactional
858,Spooky fairy costume online,Costumes,Costumes & Accessories,Transactional
859,Spooky group halloween costume idea under $30,Costumes,Costumes & Accessories,Transactional
860,Spooky group halloween costume idea with free shipping to usa,Costumes,Costumes & Accessories,Transactional
861,Spooky halloween costume set,Costumes,Costumes & Accessories,Transactional
862,Spooky halloween costume with mask,Costumes,Costumes & Accessories,Transactional
863,Spooky matching family halloween costumes usa,Costumes,Costumes & Accessories,Transactional
864,Spooky pumpkin costume for sale,Costumes,Costumes & Accessories,Transactional
865,Spooky pumpkin costume online,Costumes,Costumes & Accessories,Transactional
866,Spooky reaper hooded robe with free shipping to usa,Costumes,Costumes & Accessories,Transactional
867,Spooky scarecrow costume online,Costumes,Costumes & Accessories,Transactional
868,Spooky skeleton costume online,Costumes,Costumes & Accessories,Transactional
869,Spooky spider costume,Costumes,Costumes & Accessories,Transactional
870,Spooky spider costume for halloween 2026,Costumes,Costumes & Accessories,Transactional
871,Spooky werewolf costume for sale,Costumes,Costumes & Accessories,Transactional
872,Teen cat costume with fast shipping,Costumes,Costumes & Accessories,Transactional
873,Teen clown costume,Costumes,Costumes & Accessories,Transactional
874,Teen clown costume online,Costumes,Costumes & Accessories,Transactional
875,Teen cosplay halloween costume for sale,Costumes,Costumes & Accessories,Transactional
876,Teen couples halloween costume near me,Costumes,Costumes & Accessories,Transactional
877,Teen devil costume near me,Costumes,Costumes & Accessories,Transactional
878,Teen devil costume online,Costumes,Costumes & Accessories,Transactional
879,Teen devil costume set,Costumes,Costumes & Accessories,Transactional
880,Teen frankenstein costume kit,Costumes,Costumes & Accessories,Transactional
881,Teen gothic halloween costume kit,Costumes,Costumes & Accessories,Transactional
882,Teen gothic halloween costume with fast shipping,Costumes,Costumes & Accessories,Transactional
883,Teen group halloween costume idea 2026,Costumes,Costumes & Accessories,Transactional
884,Teen halloween cape costume near me,Costumes,Costumes & Accessories,Transactional
885,Teen halloween cape costume set,Costumes,Costumes & Accessories,Transactional
886,Teen halloween costume accessories size chart,Costumes,Costumes & Accessories,Transactional
887,Teen halloween costume bundle with free shipping to usa,Costumes,Costumes & Accessories,Transactional
888,Teen halloween costume for work kit,Costumes,Costumes & Accessories,Transactional
889,Teen halloween costume for work with free shipping to usa,Costumes,Costumes & Accessories,Transactional
890,Teen halloween costume set for sale,Costumes,Costumes & Accessories,Transactional
891,Teen halloween costume with mask set,Costumes,Costumes & Accessories,Transactional
892,Teen halloween onesie costume online,Costumes,Costumes & Accessories,Transactional
893,Teen horror movie costume pack,Costumes,Costumes & Accessories,Transactional
894,Teen inflatable dinosaur costume near me,Costumes,Costumes & Accessories,Transactional
895,Teen inflatable dinosaur costume usa,Costumes,Costumes & Accessories,Transactional
896,Teen inflatable dinosaur costume with free shipping to usa,Costumes,Costumes & Accessories,Transactional
897,Teen inflatable ghost costume 2026,Costumes,Costumes & Accessories,Transactional
898,Teen inflatable ghost costume for sale,Costumes,Costumes & Accessories,Transactional
899,Teen inflatable ghost costume kit,Costumes,Costumes & Accessories,Transactional
900,Teen inflatable halloween costume online,Costumes,Costumes & Accessories,Transactional
901,Teen inflatable pumpkin costume online,Costumes,Costumes & Accessories,Transactional
902,Teen mummy costume,Costumes,Costumes & Accessories,Transactional
903,Teen mummy costume for sale,Costumes,Costumes & Accessories,Transactional
904,Teen office halloween costume idea with fast shipping,Costumes,Costumes & Accessories,Transactional
905,Teen skeleton costume online,Costumes,Costumes & Accessories,Transactional
906,Teen spooky costume online,Costumes,Costumes & Accessories,Transactional
907,Teen superhero halloween costume,Costumes,Costumes & Accessories,Transactional
908,Teen superhero halloween costume kit,Costumes,Costumes & Accessories,Transactional
909,Teen superhero halloween costume pack,Costumes,Costumes & Accessories,Transactional
910,Teen trick or treat costume size chart,Costumes,Costumes & Accessories,Transactional
911,Teen vampire costume kit,Costumes,Costumes & Accessories,Transactional
912,Teen vampire costume near me,Costumes,Costumes & Accessories,Transactional
913,Teen vampire costume set,Costumes,Costumes & Accessories,Transactional
914,Teen werewolf costume online,Costumes,Costumes & Accessories,Transactional
915,Teen witch costume pack,Costumes,Costumes & Accessories,Transactional
916,Teen witch costume size chart,Costumes,Costumes & Accessories,Transactional
917,Teen witch hat and cape set ideas,Costumes,Costumes & Accessories,Transactional
918,Teen zombie costume online,Costumes,Costumes & Accessories,Transactional
919,Toddler bat costume under $30,Costumes,Costumes & Accessories,Transactional
920,Toddler black cat costume set,Costumes,Costumes & Accessories,Transactional
921,Toddler cat costume online,Costumes,Costumes & Accessories,Transactional
922,Toddler clown costume with fast shipping,Costumes,Costumes & Accessories,Transactional
923,Toddler cosplay halloween costume,Costumes,Costumes & Accessories,Transactional
924,Toddler fairy costume near me,Costumes,Costumes & Accessories,Transactional
925,Toddler frankenstein costume delivered to your door,Costumes,Costumes & Accessories,Transactional
926,Toddler funny halloween costume near me,Costumes,Costumes & Accessories,Transactional
927,Toddler ghost costume,Costumes,Costumes & Accessories,Transactional
928,Toddler ghost costume kit,Costumes,Costumes & Accessories,Transactional
929,Toddler grim reaper costume near me,Costumes,Costumes & Accessories,Transactional
930,Toddler group halloween costume idea online,Costumes,Costumes & Accessories,Transactional
931,Toddler group halloween costume idea with fast shipping,Costumes,Costumes & Accessories,Transactional
932,Toddler halloween cape costume with fast shipping,Costumes,Costumes & Accessories,Transactional
933,Toddler halloween costume accessories with fast shipping,Costumes,Costumes & Accessories,Transactional
934,Toddler halloween costume for school usa,Costumes,Costumes & Accessories,Transactional
935,Toddler halloween costume set for sale,Costumes,Costumes & Accessories,Transactional
936,Toddler halloween costume with mask,Costumes,Costumes & Accessories,Transactional
937,Toddler halloween onesie costume kit,Costumes,Costumes & Accessories,Transactional
938,Toddler inflatable dinosaur costume for halloween 2026,Costumes,Costumes & Accessories,Transactional
939,Toddler inflatable ghost costume size chart,Costumes,Costumes & Accessories,Transactional
940,Toddler inflatable pumpkin costume ideas,Costumes,Costumes & Accessories,Transactional
941,Toddler inflatable pumpkin costume online,Costumes,Costumes & Accessories,Transactional
942,Toddler matching family halloween costumes with free shipping to usa,Costumes,Costumes & Accessories,Transactional
943,Toddler mummy costume near me,Costumes,Costumes & Accessories,Transactional
944,Toddler office halloween costume idea online,Costumes,Costumes & Accessories,Transactional
945,Toddler office halloween costume idea under $30,Costumes,Costumes & Accessories,Transactional
946,Toddler office halloween costume idea usa,Costumes,Costumes & Accessories,Transactional
947,Toddler pirate costume,Costumes,Costumes & Accessories,Transactional
948,Toddler pirate costume near me,Costumes,Costumes & Accessories,Transactional
949,Toddler pirate costume under $30,Costumes,Costumes & Accessories,Transactional
950,Toddler pumpkin costume usa,Costumes,Costumes & Accessories,Transactional
951,Toddler scarecrow costume online,Costumes,Costumes & Accessories,Transactional
952,Toddler sibling halloween costumes near me,Costumes,Costumes & Accessories,Transactional
953,Toddler skeleton costume for sale,Costumes,Costumes & Accessories,Transactional
954,Toddler skeleton costume kit,Costumes,Costumes & Accessories,Transactional
955,Toddler skeleton costume near me,Costumes,Costumes & Accessories,Transactional
956,Toddler skeleton costume with free shipping to usa,Costumes,Costumes & Accessories,Transactional
957,Toddler spider costume in bulk,Costumes,Costumes & Accessories,Transactional
958,Toddler superhero halloween costume usa,Costumes,Costumes & Accessories,Transactional
959,Toddler trick or treat costume online,Costumes,Costumes & Accessories,Transactional
960,Toddler vampire costume pack,Costumes,Costumes & Accessories,Transactional
961,Toddler vampire costume with free shipping to usa,Costumes,Costumes & Accessories,Transactional
962,Toddler witch hat and cape set size chart,Costumes,Costumes & Accessories,Transactional
963,Toddler zombie costume near me,Costumes,Costumes & Accessories,Transactional
964,Top black cat costume with free shipping to usa,Costumes,Costumes & Accessories,Transactional
965,Top dracula costume delivered to your door,Costumes,Costumes & Accessories,Transactional
966,Top gothic halloween costume kit,Costumes,Costumes & Accessories,Transactional
967,Top halloween costume for school online,Costumes,Costumes & Accessories,Transactional
968,Top halloween costume with makeup kit in bulk,Costumes,Costumes & Accessories,Transactional
969,Top halloween costume with makeup kit online,Costumes,Costumes & Accessories,Transactional
970,Top halloween costume with wig 2026,Costumes,Costumes & Accessories,Transactional
971,Top halloween dress up outfit for sale,Costumes,Costumes & Accessories,Transactional
972,Top inflatable pumpkin costume for sale,Costumes,Costumes & Accessories,Transactional
973,Top pirate costume for halloween 2026,Costumes,Costumes & Accessories,Transactional
974,Top pirate costume with free shipping to usa,Costumes,Costumes & Accessories,Transactional
975,Top pumpkin costume delivered to your door,Costumes,Costumes & Accessories,Transactional
976,Top pumpkin onesie kit,Costumes,Costumes & Accessories,Transactional
977,Top renaissance witch costume set,Costumes,Costumes & Accessories,Transactional
978,Top superhero halloween costume in bulk,Costumes,Costumes & Accessories,Transactional
979,Top superhero halloween costume near me,Costumes,Costumes & Accessories,Transactional
980,Top superhero halloween costume pack,Costumes,Costumes & Accessories,Transactional
981,Top superhero halloween costume with free shipping,Costumes,Costumes & Accessories,Transactional
982,Top zombie costume online,Costumes,Costumes & Accessories,Transactional
983,Unique bat costume for halloween 2026,Costumes,Costumes & Accessories,Transactional
984,Unique clown costume pack,Costumes,Costumes & Accessories,Transactional
985,Unique cosplay halloween costume delivered to your door,Costumes,Costumes & Accessories,Transactional
986,Unique frankenstein costume for sale,Costumes,Costumes & Accessories,Transactional
987,Unique gothic halloween costume for sale,Costumes,Costumes & Accessories,Transactional
988,Unique halloween cape costume kit,Costumes,Costumes & Accessories,Transactional
989,Unique halloween costume 2026,Costumes,Costumes & Accessories,Transactional
990,Unique halloween costume bundle for sale,Costumes,Costumes & Accessories,Transactional
991,Unique halloween costume for work set,Costumes,Costumes & Accessories,Transactional
992,Unique halloween costume size chart,Costumes,Costumes & Accessories,Transactional
993,Unique halloween costume with mask near me,Costumes,Costumes & Accessories,Transactional
994,Unique halloween onesie costume with free shipping to usa,Costumes,Costumes & Accessories,Transactional
995,Unique inflatable dinosaur costume with free shipping to usa,Costumes,Costumes & Accessories,Transactional
996,Unique inflatable ghost costume under $30,Costumes,Costumes & Accessories,Transactional
997,Unique inflatable halloween costume online,Costumes,Costumes & Accessories,Transactional
998,Unique inflatable halloween costume under $30,Costumes,Costumes & Accessories,Transactional
999,Unique office halloween costume idea near me,Costumes,Costumes & Accessories,Transactional
1000,Unique pirate costume in bulk,Costumes,Costumes & Accessories,Transactional
1001,Unique pumpkin costume for halloween 2026,Costumes,Costumes & Accessories,Transactional
1002,Unique pumpkin onesie online,Costumes,Costumes & Accessories,Transactional
1003,Unique renaissance witch costume with fast shipping,Costumes,Costumes & Accessories,Transactional
1004,Unique spider costume delivered to your door,Costumes,Costumes & Accessories,Transactional
1005,Unique witch hat and cape set for sale,Costumes,Costumes & Accessories,Transactional
1006,Unique zombie costume,Costumes,Costumes & Accessories,Transactional
1007,Unique zombie costume near me,Costumes,Costumes & Accessories,Transactional
1008,Werewolf costume near me,Costumes,Costumes & Accessories,Transactional
1009,Witch costume online,Costumes,Costumes & Accessories,Transactional
1010,Women's bat costume for sale,Costumes,Costumes & Accessories,Transactional
1011,Women's cosplay halloween costume size chart,Costumes,Costumes & Accessories,Transactional
1012,Women's couples halloween costume for sale,Costumes,Costumes & Accessories,Transactional
1013,Women's couples halloween costume near me,Costumes,Costumes & Accessories,Transactional
1014,Women's halloween dress up outfit under $30,Costumes,Costumes & Accessories,Transactional
1015,Women's horror movie costume,Costumes,Costumes & Accessories,Transactional
1016,Women's horror movie costume delivered to your door,Costumes,Costumes & Accessories,Transactional
1017,Women's inflatable ghost costume under $30,Costumes,Costumes & Accessories,Transactional
1018,Women's inflatable halloween costume size chart,Costumes,Costumes & Accessories,Transactional
1019,Women's inflatable pumpkin costume delivered to your door,Costumes,Costumes & Accessories,Transactional
1020,Women's inflatable pumpkin costume near me,Costumes,Costumes & Accessories,Transactional
1021,Women's matching family halloween costumes near me,Costumes,Costumes & Accessories,Transactional
1022,Women's reaper hooded robe usa,Costumes,Costumes & Accessories,Transactional
1023,Women's scary halloween costume online,Costumes,Costumes & Accessories,Transactional
1024,Women's sibling halloween costumes kit,Costumes,Costumes & Accessories,Transactional
1025,Women's skeleton costume for sale,Costumes,Costumes & Accessories,Transactional
1026,Women's spooky costume in bulk,Costumes,Costumes & Accessories,Transactional
1027,Women's superhero halloween costume 2026,Costumes,Costumes & Accessories,Transactional
1028,Women's superhero halloween costume pack,Costumes,Costumes & Accessories,Transactional
1029,Women's trick or treat costume for halloween 2026,Costumes,Costumes & Accessories,Transactional
1030,Women's witch costume with fast shipping,Costumes,Costumes & Accessories,Transactional
1031,Affordable animated halloween prop online,Decorations,Home Decorations,Transactional
1032,Affordable black crow prop online,Decorations,Home Decorations,Transactional
1033,Affordable cauldron prop with fast shipping,Decorations,Home Decorations,Transactional
1034,Affordable glowing eyes stakes decoration in bulk,Decorations,Home Decorations,Transactional
1035,Affordable glowing eyes stakes decoration usa delivery,Decorations,Home Decorations,Transactional
1036,Affordable halloween balloon garland 2026,Decorations,Home Decorations,Transactional
1037,Affordable halloween banner with free shipping,Decorations,Home Decorations,Transactional
1038,Affordable halloween candle holders near me,Decorations,Home Decorations,Transactional
1039,Affordable halloween centerpiece,Decorations,Home Decorations,Transactional
1040,Affordable halloween door decorations set,Decorations,Home Decorations,Transactional
1041,Affordable halloween fireplace mantel decor for porch,Decorations,Home Decorations,Transactional
1042,Affordable halloween fireplace mantel decor with free shipping,Decorations,Home Decorations,Transactional
1043,Affordable halloween home decor 2026,Decorations,Home Decorations,Transactional
1044,Affordable halloween home decor usa,Decorations,Home Decorations,Transactional
1045,Affordable halloween lawn decorations usa,Decorations,Home Decorations,Transactional
1046,Affordable halloween lawn decorations with fast shipping,Decorations,Home Decorations,Transactional
1047,Affordable halloween porch decor with free shipping,Decorations,Home Decorations,Transactional
1048,Affordable halloween staircase decor delivered to your door,Decorations,Home Decorations,Transactional
1049,Affordable halloween table runner pack,Decorations,Home Decorations,Transactional
1050,Affordable halloween tombstone stakes for sale,Decorations,Home Decorations,Transactional
1051,Affordable halloween wall decals,Decorations,Home Decorations,Transactional
1052,Affordable halloween wreath 2026,Decorations,Home Decorations,Transactional
1053,Affordable halloween yard decor 2026,Decorations,Home Decorations,Transactional
1054,Affordable halloween yard decor for sale,Decorations,Home Decorations,Transactional
1055,Affordable hanging ghost decoration near me,Decorations,Home Decorations,Transactional
1056,Affordable haunted house props usa,Decorations,Home Decorations,Transactional
1057,Affordable haunted mansion decor kit near me,Decorations,Home Decorations,Transactional
1058,Affordable indoor halloween decorations for porch,Decorations,Home Decorations,Transactional
1059,Affordable indoor halloween decorations online,Decorations,Home Decorations,Transactional
1060,Affordable inflatable pumpkin yard decor pack,Decorations,Home Decorations,Transactional
1061,Affordable life size skeleton decor usa,Decorations,Home Decorations,Transactional
1062,Affordable pumpkin decorations usa delivery,Decorations,Home Decorations,Transactional
1063,Affordable skull garland ideas,Decorations,Home Decorations,Transactional
1064,Affordable spider web decoration usa,Decorations,Home Decorations,Transactional
1065,Affordable spider web decoration usa delivery,Decorations,Home Decorations,Transactional
1066,Animated halloween prop online,Decorations,Home Decorations,Transactional
1067,Battery operated animated halloween prop online,Decorations,Home Decorations,Transactional
1068,Battery operated black crow prop for sale,Decorations,Home Decorations,Transactional
1069,Battery operated fake cobweb decoration usa delivery,Decorations,Home Decorations,Transactional
1070,Battery operated glowing eyes stakes decoration kit,Decorations,Home Decorations,Transactional
1071,Battery operated halloween animatronic figure online,Decorations,Home Decorations,Transactional
1072,Battery operated halloween balloon garland,Decorations,Home Decorations,Transactional
1073,Battery operated halloween balloon garland for haunted house,Decorations,Home Decorations,Transactional
1074,Battery operated halloween balloon garland online,Decorations,Home Decorations,Transactional
1075,Battery operated halloween door decorations set,Decorations,Home Decorations,Transactional
1076,Battery operated halloween fireplace mantel decor online,Decorations,Home Decorations,Transactional
1077,Battery operated halloween flag for sale,Decorations,Home Decorations,Transactional
1078,Battery operated halloween garland pack,Decorations,Home Decorations,Transactional
1079,Battery operated halloween garland set,Decorations,Home Decorations,Transactional
1080,Battery operated halloween inflatables for front yard,Decorations,Home Decorations,Transactional
1081,Battery operated halloween porch decor,Decorations,Home Decorations,Transactional
1082,Battery operated halloween porch decor delivered to your door,Decorations,Home Decorations,Transactional
1083,Battery operated halloween string lights near me,Decorations,Home Decorations,Transactional
1084,Battery operated halloween table decorations for porch,Decorations,Home Decorations,Transactional
1085,Battery operated halloween table decorations pack,Decorations,Home Decorations,Transactional
1086,Battery operated halloween tree decorations for sale,Decorations,Home Decorations,Transactional
1087,Battery operated halloween yard stakes ideas,Decorations,Home Decorations,Transactional
1088,Battery operated hanging ghost decoration online,Decorations,Home Decorations,Transactional
1089,Battery operated haunted house props online,Decorations,Home Decorations,Transactional
1090,Battery operated inflatable pumpkin yard decor near me,Decorations,Home Decorations,Transactional
1091,Battery operated jack o lantern decor usa delivery,Decorations,Home Decorations,Transactional
1092,Battery operated outdoor halloween decorations online,Decorations,Home Decorations,Transactional
1093,Battery operated pumpkin decorations near me,Decorations,Home Decorations,Transactional
1094,Battery operated skull garland for front yard,Decorations,Home Decorations,Transactional
1095,Battery operated spooky halloween decor with free shipping,Decorations,Home Decorations,Transactional
1096,Best animated halloween prop in bulk,Decorations,Home Decorations,Transactional
1097,Best fake cobweb decoration for sale,Decorations,Home Decorations,Transactional
1098,Best glowing eyes stakes decoration for haunted house,Decorations,Home Decorations,Transactional
1099,Best halloween animatronic figure in bulk,Decorations,Home Decorations,Transactional
1100,Best halloween animatronic figure online,Decorations,Home Decorations,Transactional
1101,Best halloween balloon garland,Decorations,Home Decorations,Transactional
1102,Best halloween banner for front yard,Decorations,Home Decorations,Transactional
1103,Best halloween banner online,Decorations,Home Decorations,Transactional
1104,Best halloween centerpiece 2026,Decorations,Home Decorations,Transactional
1105,Best halloween decorations kit,Decorations,Home Decorations,Transactional
1106,Best halloween lawn decorations 2026,Decorations,Home Decorations,Transactional
1107,Best halloween office decorations kit,Decorations,Home Decorations,Transactional
1108,Best halloween porch decor in bulk,Decorations,Home Decorations,Transactional
1109,Best halloween string lights set,Decorations,Home Decorations,Transactional
1110,Best halloween wall decals delivered to your door,Decorations,Home Decorations,Transactional
1111,Best halloween window projector usa delivery,Decorations,Home Decorations,Transactional
1112,Best halloween wreath near me,Decorations,Home Decorations,Transactional
1113,Best halloween yard stakes delivered to your door,Decorations,Home Decorations,Transactional
1114,Best halloween yard stakes pack,Decorations,Home Decorations,Transactional
1115,Best hanging ghost decoration for sale,Decorations,Home Decorations,Transactional
1116,Best inflatable pumpkin yard decor kit,Decorations,Home Decorations,Transactional
1117,Best life size skeleton decor for haunted house,Decorations,Home Decorations,Transactional
1118,Best life size skeleton decor in bulk,Decorations,Home Decorations,Transactional
1119,Best outdoor halloween decorations kit,Decorations,Home Decorations,Transactional
1120,Best outdoor halloween decorations near me,Decorations,Home Decorations,Transactional
1121,Best outdoor halloween decorations usa delivery,Decorations,Home Decorations,Transactional
1122,Best pumpkin decorations 2026,Decorations,Home Decorations,Transactional
1123,Best pumpkin decorations delivered to your door,Decorations,Home Decorations,Transactional
1124,Black crow prop near me,Decorations,Home Decorations,Transactional
1125,Buy animated halloween prop usa delivery,Decorations,Home Decorations,Transactional
1126,Buy black crow prop delivered to your door,Decorations,Home Decorations,Transactional
1127,Buy cauldron prop with free shipping,Decorations,Home Decorations,Transactional
1128,Buy cute halloween decorations for sale,Decorations,Home Decorations,Transactional
1129,Buy fake cobweb decoration for sale,Decorations,Home Decorations,Transactional
1130,Buy fake cobweb decoration with fast shipping,Decorations,Home Decorations,Transactional
1131,Buy glowing eyes stakes decoration near me,Decorations,Home Decorations,Transactional
1132,Buy halloween banner kit,Decorations,Home Decorations,Transactional
1133,Buy halloween banner set,Decorations,Home Decorations,Transactional
1134,Buy halloween centerpiece near me,Decorations,Home Decorations,Transactional
1135,Buy halloween decorations online,Decorations,Home Decorations,Transactional
1136,Buy halloween door decorations near me,Decorations,Home Decorations,Transactional
1137,Buy halloween fog machine set,Decorations,Home Decorations,Transactional
1138,Buy halloween fog machine usa,Decorations,Home Decorations,Transactional
1139,Buy halloween garland usa,Decorations,Home Decorations,Transactional
1140,Buy halloween home decor near me,Decorations,Home Decorations,Transactional
1141,Buy halloween mailbox cover kit,Decorations,Home Decorations,Transactional
1142,Buy halloween office decorations for sale,Decorations,Home Decorations,Transactional
1143,Buy halloween porch decor delivered to your door,Decorations,Home Decorations,Transactional
1144,Buy halloween table runner near me,Decorations,Home Decorations,Transactional
1145,Buy halloween tombstone stakes for front yard,Decorations,Home Decorations,Transactional
1146,Buy halloween wall decals usa delivery,Decorations,Home Decorations,Transactional
1147,Buy halloween welcome sign set,Decorations,Home Decorations,Transactional
1148,Buy halloween window decorations near me,Decorations,Home Decorations,Transactional
1149,Buy halloween window projector usa,Decorations,Home Decorations,Transactional
1150,Buy halloween yard decor ideas,Decorations,Home Decorations,Transactional
1151,Buy hanging ghost decoration for sale,Decorations,Home Decorations,Transactional
1152,Buy hanging ghost decoration kit,Decorations,Home Decorations,Transactional
1153,Buy jack o lantern decor set,Decorations,Home Decorations,Transactional
1154,Buy life size skeleton decor near me,Decorations,Home Decorations,Transactional
1155,Buy life size skeleton decor online,Decorations,Home Decorations,Transactional
1156,Buy outdoor halloween decorations set,Decorations,Home Decorations,Transactional
1157,Buy scary halloween decor with fast shipping,Decorations,Home Decorations,Transactional
1158,Buy spider web decoration near me,Decorations,Home Decorations,Transactional
1159,Cheap cute halloween decorations near me,Decorations,Home Decorations,Transactional
1160,Cheap fake cobweb decoration kit,Decorations,Home Decorations,Transactional
1161,Cheap glowing eyes stakes decoration usa,Decorations,Home Decorations,Transactional
1162,Cheap halloween animatronic figure kit,Decorations,Home Decorations,Transactional
1163,Cheap halloween animatronic figure near me,Decorations,Home Decorations,Transactional
1164,Cheap halloween centerpiece near me,Decorations,Home Decorations,Transactional
1165,Cheap halloween decorations for porch,Decorations,Home Decorations,Transactional
1166,Cheap halloween doormat delivered to your door,Decorations,Home Decorations,Transactional
1167,Cheap halloween doormat for sale,Decorations,Home Decorations,Transactional
1168,Cheap halloween fireplace mantel decor near me,Decorations,Home Decorations,Transactional
1169,Cheap halloween fireplace mantel decor set,Decorations,Home Decorations,Transactional
1170,Cheap halloween home decor for sale,Decorations,Home Decorations,Transactional
1171,Cheap halloween home decor near me,Decorations,Home Decorations,Transactional
1172,Cheap halloween lawn decorations set,Decorations,Home Decorations,Transactional
1173,Cheap halloween staircase decor usa delivery,Decorations,Home Decorations,Transactional
1174,Cheap halloween staircase decor with fast shipping,Decorations,Home Decorations,Transactional
1175,Cheap halloween table decorations in bulk,Decorations,Home Decorations,Transactional
1176,Cheap halloween table runner for front yard,Decorations,Home Decorations,Transactional
1177,Cheap halloween tree decorations for haunted house,Decorations,Home Decorations,Transactional
1178,Cheap halloween tree decorations with free shipping,Decorations,Home Decorations,Transactional
1179,Cheap halloween welcome sign near me,Decorations,Home Decorations,Transactional
1180,Cheap halloween welcome sign set,Decorations,Home Decorations,Transactional
1181,Cheap halloween window decorations online,Decorations,Home Decorations,Transactional
1182,Cheap halloween yard stakes for sale,Decorations,Home Decorations,Transactional
1183,Cheap hanging skeleton decoration for front yard,Decorations,Home Decorations,Transactional
1184,Cheap inflatable pumpkin yard decor online,Decorations,Home Decorations,Transactional
1185,Cheap led pumpkin lights,Decorations,Home Decorations,Transactional
1186,Cheap pumpkin decorations with fast shipping,Decorations,Home Decorations,Transactional
1187,Cheap scary halloween decor for porch,Decorations,Home Decorations,Transactional
1188,Cheap scary halloween decor set,Decorations,Home Decorations,Transactional
1189,Classic black crow prop 2026,Decorations,Home Decorations,Transactional
1190,Classic black crow prop for front yard,Decorations,Home Decorations,Transactional
1191,Classic cauldron prop 2026,Decorations,Home Decorations,Transactional
1192,Classic cute halloween decorations usa delivery,Decorations,Home Decorations,Transactional
1193,Classic glowing eyes stakes decoration pack,Decorations,Home Decorations,Transactional
1194,Classic halloween candle holders near me,Decorations,Home Decorations,Transactional
1195,Classic halloween fireplace mantel decor set,Decorations,Home Decorations,Transactional
1196,Classic halloween flag near me,Decorations,Home Decorations,Transactional
1197,Classic halloween flag pack,Decorations,Home Decorations,Transactional
1198,Classic halloween fog machine for front yard,Decorations,Home Decorations,Transactional
1199,Classic halloween fog machine online,Decorations,Home Decorations,Transactional
1200,Classic halloween garland for sale,Decorations,Home Decorations,Transactional
1201,Classic halloween porch decor set,Decorations,Home Decorations,Transactional
1202,Classic halloween table runner,Decorations,Home Decorations,Transactional
1203,Classic halloween welcome sign for sale,Decorations,Home Decorations,Transactional
1204,Classic halloween welcome sign in bulk,Decorations,Home Decorations,Transactional
1205,Classic halloween window projector with fast shipping,Decorations,Home Decorations,Transactional
1206,Classic halloween window projector with free shipping,Decorations,Home Decorations,Transactional
1207,Classic halloween wreath with free shipping,Decorations,Home Decorations,Transactional
1208,Classic halloween yard stakes pack,Decorations,Home Decorations,Transactional
1209,Classic haunted house props with fast shipping,Decorations,Home Decorations,Transactional
1210,Classic haunted house props with free shipping,Decorations,Home Decorations,Transactional
1211,Classic jack o lantern decor for haunted house,Decorations,Home Decorations,Transactional
1212,Classic jack o lantern decor with free shipping,Decorations,Home Decorations,Transactional
1213,Classic life size skeleton decor usa,Decorations,Home Decorations,Transactional
1214,Classic pumpkin decorations online,Decorations,Home Decorations,Transactional
1215,Classic spooky halloween decor near me,Decorations,Home Decorations,Transactional
1216,Cool cute halloween decorations near me,Decorations,Home Decorations,Transactional
1217,Cool fake cobweb decoration,Decorations,Home Decorations,Transactional
1218,Cool giant inflatable skeleton for haunted house,Decorations,Home Decorations,Transactional
1219,Cool giant inflatable skeleton for sale,Decorations,Home Decorations,Transactional
1220,Cool halloween candle holders near me,Decorations,Home Decorations,Transactional
1221,Cool halloween centerpiece kit,Decorations,Home Decorations,Transactional
1222,Cool halloween doormat for haunted house,Decorations,Home Decorations,Transactional
1223,Cool halloween doormat near me,Decorations,Home Decorations,Transactional
1224,Cool halloween fireplace mantel decor for porch,Decorations,Home Decorations,Transactional
1225,Cool halloween fireplace mantel decor near me,Decorations,Home Decorations,Transactional
1226,Cool halloween fog machine with free shipping,Decorations,Home Decorations,Transactional
1227,Cool halloween garland,Decorations,Home Decorations,Transactional
1228,Cool halloween lawn decorations ideas,Decorations,Home Decorations,Transactional
1229,Cool halloween lawn decorations near me,Decorations,Home Decorations,Transactional
1230,Cool halloween lawn decorations online,Decorations,Home Decorations,Transactional
1231,Cool halloween staircase decor ideas,Decorations,Home Decorations,Transactional
1232,Cool halloween string lights for front yard,Decorations,Home Decorations,Transactional
1233,Cool halloween string lights for sale,Decorations,Home Decorations,Transactional
1234,Cool halloween table runner kit,Decorations,Home Decorations,Transactional
1235,Cool halloween tombstone stakes,Decorations,Home Decorations,Transactional
1236,Cool halloween tombstone stakes for sale,Decorations,Home Decorations,Transactional
1237,Cool halloween tombstone stakes usa delivery,Decorations,Home Decorations,Transactional
1238,Cool halloween wall decals online,Decorations,Home Decorations,Transactional
1239,Cool halloween yard stakes kit,Decorations,Home Decorations,Transactional
1240,Cool halloween yard stakes near me,Decorations,Home Decorations,Transactional
1241,Cool halloween yard stakes with free shipping,Decorations,Home Decorations,Transactional
1242,Cool hanging skeleton decoration usa,Decorations,Home Decorations,Transactional
1243,Cool indoor halloween decorations pack,Decorations,Home Decorations,Transactional
1244,Cool skull garland for haunted house,Decorations,Home Decorations,Transactional
1245,Cool spider web decoration 2026,Decorations,Home Decorations,Transactional
1246,Cool spooky halloween decor usa,Decorations,Home Decorations,Transactional
1247,Creepy black crow prop near me,Decorations,Home Decorations,Transactional
1248,Creepy cauldron prop delivered to your door,Decorations,Home Decorations,Transactional
1249,Creepy cauldron prop pack,Decorations,Home Decorations,Transactional
1250,Creepy cute halloween decorations for porch,Decorations,Home Decorations,Transactional
1251,Creepy giant inflatable skeleton ideas,Decorations,Home Decorations,Transactional
1252,Creepy giant inflatable skeleton online,Decorations,Home Decorations,Transactional
1253,Creepy glowing eyes stakes decoration,Decorations,Home Decorations,Transactional
1254,Creepy halloween animatronic figure online,Decorations,Home Decorations,Transactional
1255,Creepy halloween balloon garland near me,Decorations,Home Decorations,Transactional
1256,Creepy halloween candle holders 2026,Decorations,Home Decorations,Transactional
1257,Creepy halloween fireplace mantel decor for haunted house,Decorations,Home Decorations,Transactional
1258,Creepy halloween flag set,Decorations,Home Decorations,Transactional
1259,Creepy halloween fog machine near me,Decorations,Home Decorations,Transactional
1260,Creepy halloween garland for sale,Decorations,Home Decorations,Transactional
1261,Creepy halloween home decor for sale,Decorations,Home Decorations,Transactional
1262,Creepy halloween staircase decor for porch,Decorations,Home Decorations,Transactional
1263,Creepy halloween staircase decor usa,Decorations,Home Decorations,Transactional
1264,Creepy halloween table runner delivered to your door,Decorations,Home Decorations,Transactional
1265,Creepy halloween table runner with free shipping,Decorations,Home Decorations,Transactional
1266,Creepy halloween tree decorations near me,Decorations,Home Decorations,Transactional
1267,Creepy halloween window decorations for sale,Decorations,Home Decorations,Transactional
1268,Creepy halloween window decorations pack,Decorations,Home Decorations,Transactional
1269,Creepy halloween window projector set,Decorations,Home Decorations,Transactional
1270,Creepy halloween wreath set,Decorations,Home Decorations,Transactional
1271,Creepy halloween wreath usa,Decorations,Home Decorations,Transactional
1272,Creepy halloween yard decor in bulk,Decorations,Home Decorations,Transactional
1273,Creepy halloween yard decor usa delivery,Decorations,Home Decorations,Transactional
1274,Creepy hanging skeleton decoration kit,Decorations,Home Decorations,Transactional
1275,Creepy hanging skeleton decoration near me,Decorations,Home Decorations,Transactional
1276,Creepy haunted house props for sale,Decorations,Home Decorations,Transactional
1277,Creepy indoor halloween decorations near me,Decorations,Home Decorations,Transactional
1278,Creepy indoor halloween decorations with fast shipping,Decorations,Home Decorations,Transactional
1279,Creepy jack o lantern decor set,Decorations,Home Decorations,Transactional
1280,Creepy led pumpkin lights ideas,Decorations,Home Decorations,Transactional
1281,Creepy pumpkin decorations with fast shipping,Decorations,Home Decorations,Transactional
1282,Creepy scary halloween decor near me,Decorations,Home Decorations,Transactional
1283,Creepy skull garland for sale,Decorations,Home Decorations,Transactional
1284,Creepy spider web decoration online,Decorations,Home Decorations,Transactional
1285,Cute glowing eyes stakes decoration for sale,Decorations,Home Decorations,Transactional
1286,Cute halloween animatronic figure for haunted house,Decorations,Home Decorations,Transactional
1287,Cute halloween animatronic figure for sale,Decorations,Home Decorations,Transactional
1288,Cute halloween balloon garland online,Decorations,Home Decorations,Transactional
1289,Cute halloween banner 2026,Decorations,Home Decorations,Transactional
1290,Cute halloween centerpiece with free shipping,Decorations,Home Decorations,Transactional
1291,Cute halloween decorations online,Decorations,Home Decorations,Transactional
1292,Cute halloween fireplace mantel decor kit,Decorations,Home Decorations,Transactional
1293,Cute halloween fireplace mantel decor online,Decorations,Home Decorations,Transactional
1294,Cute halloween flag for front yard,Decorations,Home Decorations,Transactional
1295,Cute halloween home decor online,Decorations,Home Decorations,Transactional
1296,Cute halloween home decor pack,Decorations,Home Decorations,Transactional
1297,Cute halloween lawn decorations for sale,Decorations,Home Decorations,Transactional
1298,Cute halloween mailbox cover delivered to your door,Decorations,Home Decorations,Transactional
1299,Cute halloween mailbox cover near me,Decorations,Home Decorations,Transactional
1300,Cute halloween porch decor,Decorations,Home Decorations,Transactional
1301,Cute halloween window decorations 2026,Decorations,Home Decorations,Transactional
1302,Cute halloween window projector usa,Decorations,Home Decorations,Transactional
1303,Cute hanging skeleton decoration for haunted house,Decorations,Home Decorations,Transactional
1304,Cute haunted mansion decor kit,Decorations,Home Decorations,Transactional
1305,Cute inflatable pumpkin yard decor 2026,Decorations,Home Decorations,Transactional
1306,Cute jack o lantern decor for sale,Decorations,Home Decorations,Transactional
1307,Cute outdoor halloween decorations set,Decorations,Home Decorations,Transactional
1308,Cute pumpkin decorations near me,Decorations,Home Decorations,Transactional
1309,Cute spider web decoration pack,Decorations,Home Decorations,Transactional
1310,Cute spooky halloween decor delivered to your door,Decorations,Home Decorations,Transactional
1311,Cute spooky halloween decor for sale,Decorations,Home Decorations,Transactional
1312,Cute spooky halloween decor ideas,Decorations,Home Decorations,Transactional
1313,Discount cute halloween decorations set,Decorations,Home Decorations,Transactional
1314,Discount halloween animatronic figure with free shipping,Decorations,Home Decorations,Transactional
1315,Discount halloween balloon garland for front yard,Decorations,Home Decorations,Transactional
1316,Discount halloween banner near me,Decorations,Home Decorations,Transactional
1317,Discount halloween candle holders online,Decorations,Home Decorations,Transactional
1318,Discount halloween centerpiece for front yard,Decorations,Home Decorations,Transactional
1319,Discount halloween centerpiece ideas,Decorations,Home Decorations,Transactional
1320,Discount halloween doormat near me,Decorations,Home Decorations,Transactional
1321,Discount halloween fireplace mantel decor with fast shipping,Decorations,Home Decorations,Transactional
1322,Discount halloween flag usa delivery,Decorations,Home Decorations,Transactional
1323,Discount halloween garland online,Decorations,Home Decorations,Transactional
1324,Discount halloween inflatables,Decorations,Home Decorations,Transactional
1325,Discount halloween mailbox cover in bulk,Decorations,Home Decorations,Transactional
1326,Discount halloween mailbox cover near me,Decorations,Home Decorations,Transactional
1327,Discount halloween office decorations ideas,Decorations,Home Decorations,Transactional
1328,Discount halloween office decorations kit,Decorations,Home Decorations,Transactional
1329,Discount halloween porch decor for sale,Decorations,Home Decorations,Transactional
1330,Discount halloween table runner near me,Decorations,Home Decorations,Transactional
1331,Discount halloween tombstone stakes 2026,Decorations,Home Decorations,Transactional
1332,Discount halloween tree decorations usa delivery,Decorations,Home Decorations,Transactional
1333,Discount halloween window decorations online,Decorations,Home Decorations,Transactional
1334,Discount halloween yard decor 2026,Decorations,Home Decorations,Transactional
1335,Discount hanging skeleton decoration for haunted house,Decorations,Home Decorations,Transactional
1336,Discount haunted house props set,Decorations,Home Decorations,Transactional
1337,Discount haunted house props usa,Decorations,Home Decorations,Transactional
1338,Discount indoor halloween decorations near me,Decorations,Home Decorations,Transactional
1339,Discount inflatable pumpkin yard decor,Decorations,Home Decorations,Transactional
1340,Discount pumpkin decorations usa,Decorations,Home Decorations,Transactional
1341,Discount skull garland kit,Decorations,Home Decorations,Transactional
1342,Discount spider web decoration near me,Decorations,Home Decorations,Transactional
1343,Diy animated halloween prop for haunted house,Decorations,Home Decorations,Transactional
1344,Diy animated halloween prop near me,Decorations,Home Decorations,Transactional
1345,Diy black crow prop,Decorations,Home Decorations,Transactional
1346,Diy cauldron prop 2026,Decorations,Home Decorations,Transactional
1347,Diy cute halloween decorations,Decorations,Home Decorations,Transactional
1348,Diy fake cobweb decoration for porch,Decorations,Home Decorations,Transactional
1349,Diy glowing eyes stakes decoration,Decorations,Home Decorations,Transactional
1350,Diy glowing eyes stakes decoration ideas,Decorations,Home Decorations,Transactional
1351,Diy glowing eyes stakes decoration near me,Decorations,Home Decorations,Transactional
1352,Diy glowing eyes stakes decoration usa,Decorations,Home Decorations,Transactional
1353,Diy halloween animatronic figure for porch,Decorations,Home Decorations,Transactional
1354,Diy halloween candle holders for sale,Decorations,Home Decorations,Transactional
1355,Diy halloween centerpiece 2026,Decorations,Home Decorations,Transactional
1356,Diy halloween door decorations in bulk,Decorations,Home Decorations,Transactional
1357,Diy halloween door decorations near me,Decorations,Home Decorations,Transactional
1358,Diy halloween door decorations with fast shipping,Decorations,Home Decorations,Transactional
1359,Diy halloween fireplace mantel decor kit,Decorations,Home Decorations,Transactional
1360,Diy halloween fog machine near me,Decorations,Home Decorations,Transactional
1361,Diy halloween home decor for sale,Decorations,Home Decorations,Transactional
1362,Diy halloween lawn decorations for sale,Decorations,Home Decorations,Transactional
1363,Diy halloween mailbox cover usa,Decorations,Home Decorations,Transactional
1364,Diy halloween office decorations,Decorations,Home Decorations,Transactional
1365,Diy halloween string lights near me,Decorations,Home Decorations,Transactional
1366,Diy halloween table runner near me,Decorations,Home Decorations,Transactional
1367,Diy halloween tree decorations with free shipping,Decorations,Home Decorations,Transactional
1368,Diy halloween window decorations for porch,Decorations,Home Decorations,Transactional
1369,Diy halloween window projector with fast shipping,Decorations,Home Decorations,Transactional
1370,Diy hanging ghost decoration 2026,Decorations,Home Decorations,Transactional
1371,Diy hanging ghost decoration delivered to your door,Decorations,Home Decorations,Transactional
1372,Diy hanging ghost decoration near me,Decorations,Home Decorations,Transactional
1373,Diy hanging ghost decoration online,Decorations,Home Decorations,Transactional
1374,Diy hanging skeleton decoration,Decorations,Home Decorations,Transactional
1375,Diy hanging skeleton decoration online,Decorations,Home Decorations,Transactional
1376,Diy haunted house props ideas,Decorations,Home Decorations,Transactional
1377,Diy jack o lantern decor kit,Decorations,Home Decorations,Transactional
1378,Diy pumpkin decorations for haunted house,Decorations,Home Decorations,Transactional
1379,Diy pumpkin decorations for sale,Decorations,Home Decorations,Transactional
1380,Diy skull garland ideas,Decorations,Home Decorations,Transactional
1381,Diy skull garland with free shipping,Decorations,Home Decorations,Transactional
1382,Diy spooky halloween decor usa delivery,Decorations,Home Decorations,Transactional
1383,Diy spooky halloween decor with free shipping,Decorations,Home Decorations,Transactional
1384,Easy animated halloween prop with free shipping,Decorations,Home Decorations,Transactional
1385,Easy cute halloween decorations 2026,Decorations,Home Decorations,Transactional
1386,Easy cute halloween decorations online,Decorations,Home Decorations,Transactional
1387,Easy fake cobweb decoration for haunted house,Decorations,Home Decorations,Transactional
1388,Easy fake cobweb decoration ideas,Decorations,Home Decorations,Transactional
1389,Easy giant inflatable skeleton delivered to your door,Decorations,Home Decorations,Transactional
1390,Easy glowing eyes stakes decoration for porch,Decorations,Home Decorations,Transactional
1391,Easy glowing eyes stakes decoration ideas,Decorations,Home Decorations,Transactional
1392,Easy glowing eyes stakes decoration online,Decorations,Home Decorations,Transactional
1393,Easy halloween balloon garland with fast shipping,Decorations,Home Decorations,Transactional
1394,Easy halloween centerpiece near me,Decorations,Home Decorations,Transactional
1395,Easy halloween centerpiece pack,Decorations,Home Decorations,Transactional
1396,Easy halloween decorations pack,Decorations,Home Decorations,Transactional
1397,Easy halloween inflatables ideas,Decorations,Home Decorations,Transactional
1398,Easy halloween inflatables with fast shipping,Decorations,Home Decorations,Transactional
1399,Easy halloween staircase decor for sale,Decorations,Home Decorations,Transactional
1400,Easy halloween table decorations kit,Decorations,Home Decorations,Transactional
1401,Easy halloween table runner online,Decorations,Home Decorations,Transactional
1402,Easy halloween tombstone stakes 2026,Decorations,Home Decorations,Transactional
1403,Easy halloween welcome sign pack,Decorations,Home Decorations,Transactional
1404,Easy halloween window projector near me,Decorations,Home Decorations,Transactional
1405,Easy halloween yard stakes for sale,Decorations,Home Decorations,Transactional
1406,Easy hanging ghost decoration near me,Decorations,Home Decorations,Transactional
1407,Easy jack o lantern decor online,Decorations,Home Decorations,Transactional
1408,Easy led pumpkin lights kit,Decorations,Home Decorations,Transactional
1409,Easy life size skeleton decor with free shipping,Decorations,Home Decorations,Transactional
1410,Easy outdoor halloween decorations kit,Decorations,Home Decorations,Transactional
1411,Easy pumpkin decorations near me,Decorations,Home Decorations,Transactional
1412,Easy skull garland for sale,Decorations,Home Decorations,Transactional
1413,Funny animated halloween prop online,Decorations,Home Decorations,Transactional
1414,Funny halloween balloon garland online,Decorations,Home Decorations,Transactional
1415,Funny halloween candle holders delivered to your door,Decorations,Home Decorations,Transactional
1416,Funny halloween centerpiece online,Decorations,Home Decorations,Transactional
1417,Funny halloween decorations for sale,Decorations,Home Decorations,Transactional
1418,Funny halloween decorations pack,Decorations,Home Decorations,Transactional
1419,Funny halloween decorations with fast shipping,Decorations,Home Decorations,Transactional
1420,Funny halloween door decorations set,Decorations,Home Decorations,Transactional
1421,Funny halloween garland online,Decorations,Home Decorations,Transactional
1422,Funny halloween home decor for sale,Decorations,Home Decorations,Transactional
1423,Funny halloween inflatables near me,Decorations,Home Decorations,Transactional
1424,Funny halloween porch decor,Decorations,Home Decorations,Transactional
1425,Funny halloween staircase decor kit,Decorations,Home Decorations,Transactional
1426,Funny halloween table decorations,Decorations,Home Decorations,Transactional
1427,Funny halloween table runner online,Decorations,Home Decorations,Transactional
1428,Funny halloween tombstone stakes for sale,Decorations,Home Decorations,Transactional
1429,Funny halloween tombstone stakes kit,Decorations,Home Decorations,Transactional
1430,Funny halloween tree decorations for front yard,Decorations,Home Decorations,Transactional
1431,Funny halloween wall decals in bulk,Decorations,Home Decorations,Transactional
1432,Funny hanging ghost decoration online,Decorations,Home Decorations,Transactional
1433,Funny indoor halloween decorations pack,Decorations,Home Decorations,Transactional
1434,Funny led pumpkin lights with fast shipping,Decorations,Home Decorations,Transactional
1435,Funny life size skeleton decor usa,Decorations,Home Decorations,Transactional
1436,Funny skull garland near me,Decorations,Home Decorations,Transactional
1437,Funny spider web decoration usa,Decorations,Home Decorations,Transactional
1438,Get animated halloween prop for porch,Decorations,Home Decorations,Transactional
1439,Get animated halloween prop near me,Decorations,Home Decorations,Transactional
1440,Get cauldron prop,Decorations,Home Decorations,Transactional
1441,Get giant inflatable skeleton usa delivery,Decorations,Home Decorations,Transactional
1442,Get halloween banner with free shipping,Decorations,Home Decorations,Transactional
1443,Get halloween doormat for sale,Decorations,Home Decorations,Transactional
1444,Get halloween lawn decorations for sale,Decorations,Home Decorations,Transactional
1445,Get halloween office decorations for porch,Decorations,Home Decorations,Transactional
1446,Get halloween porch decor ideas,Decorations,Home Decorations,Transactional
1447,Get halloween porch decor with fast shipping,Decorations,Home Decorations,Transactional
1448,Get halloween string lights for sale,Decorations,Home Decorations,Transactional
1449,Get halloween table decorations usa,Decorations,Home Decorations,Transactional
1450,Get halloween wall decals for haunted house,Decorations,Home Decorations,Transactional
1451,Get halloween window decorations online,Decorations,Home Decorations,Transactional
1452,Get halloween window projector near me,Decorations,Home Decorations,Transactional
1453,Get halloween yard stakes for haunted house,Decorations,Home Decorations,Transactional
1454,Get halloween yard stakes for sale,Decorations,Home Decorations,Transactional
1455,Get halloween yard stakes usa,Decorations,Home Decorations,Transactional
1456,Get hanging ghost decoration usa delivery,Decorations,Home Decorations,Transactional
1457,Get hanging skeleton decoration kit,Decorations,Home Decorations,Transactional
1458,Get haunted house props for sale,Decorations,Home Decorations,Transactional
1459,Get haunted house props in bulk,Decorations,Home Decorations,Transactional
1460,Get haunted mansion decor kit in bulk,Decorations,Home Decorations,Transactional
1461,Get haunted mansion decor kit pack,Decorations,Home Decorations,Transactional
1462,Get indoor halloween decorations near me,Decorations,Home Decorations,Transactional
1463,Get inflatable pumpkin yard decor near me,Decorations,Home Decorations,Transactional
1464,Get jack o lantern decor 2026,Decorations,Home Decorations,Transactional
1465,Get led pumpkin lights usa,Decorations,Home Decorations,Transactional
1466,Get life size skeleton decor 2026,Decorations,Home Decorations,Transactional
1467,Get life size skeleton decor near me,Decorations,Home Decorations,Transactional
1468,Get scary halloween decor usa delivery,Decorations,Home Decorations,Transactional
1469,Get spooky halloween decor pack,Decorations,Home Decorations,Transactional
1470,Giant cute halloween decorations for haunted house,Decorations,Home Decorations,Transactional
1471,Giant cute halloween decorations set,Decorations,Home Decorations,Transactional
1472,Giant glowing eyes stakes decoration delivered to your door,Decorations,Home Decorations,Transactional
1473,Giant halloween animatronic figure near me,Decorations,Home Decorations,Transactional
1474,Giant halloween animatronic figure usa,Decorations,Home Decorations,Transactional
1475,Giant halloween balloon garland kit,Decorations,Home Decorations,Transactional
1476,Giant halloween balloon garland near me,Decorations,Home Decorations,Transactional
1477,Giant halloween banner near me,Decorations,Home Decorations,Transactional
1478,Giant halloween banner usa delivery,Decorations,Home Decorations,Transactional
1479,Giant halloween decorations with fast shipping,Decorations,Home Decorations,Transactional
1480,Giant halloween door decorations,Decorations,Home Decorations,Transactional
1481,Giant halloween flag for sale,Decorations,Home Decorations,Transactional
1482,Giant halloween garland online,Decorations,Home Decorations,Transactional
1483,Giant halloween garland usa,Decorations,Home Decorations,Transactional
1484,Giant halloween mailbox cover,Decorations,Home Decorations,Transactional
1485,Giant halloween mailbox cover near me,Decorations,Home Decorations,Transactional
1486,Giant halloween mailbox cover set,Decorations,Home Decorations,Transactional
1487,Giant halloween staircase decor for sale,Decorations,Home Decorations,Transactional
1488,Giant halloween staircase decor with free shipping,Decorations,Home Decorations,Transactional
1489,Giant halloween tombstone stakes for haunted house,Decorations,Home Decorations,Transactional
1490,Giant halloween wall decals 2026,Decorations,Home Decorations,Transactional
1491,Giant halloween wall decals for sale,Decorations,Home Decorations,Transactional
1492,Giant halloween welcome sign delivered to your door,Decorations,Home Decorations,Transactional
1493,Giant halloween wreath ideas,Decorations,Home Decorations,Transactional
1494,Giant halloween wreath usa delivery,Decorations,Home Decorations,Transactional
1495,Giant halloween wreath with free shipping,Decorations,Home Decorations,Transactional
1496,Giant hanging skeleton decoration near me,Decorations,Home Decorations,Transactional
1497,Giant hanging skeleton decoration online,Decorations,Home Decorations,Transactional
1498,Giant haunted house props,Decorations,Home Decorations,Transactional
1499,Giant haunted house props 2026,Decorations,Home Decorations,Transactional
1500,Giant haunted house props usa,Decorations,Home Decorations,Transactional
1501,Giant inflatable pumpkin yard decor usa,Decorations,Home Decorations,Transactional
1502,Giant jack o lantern decor for porch,Decorations,Home Decorations,Transactional
1503,Giant jack o lantern decor near me,Decorations,Home Decorations,Transactional
1504,Giant skull garland near me,Decorations,Home Decorations,Transactional
1505,Giant spider web decoration kit,Decorations,Home Decorations,Transactional
1506,Giant spider web decoration set,Decorations,Home Decorations,Transactional
1507,Giant spooky halloween decor near me,Decorations,Home Decorations,Transactional
1508,Halloween animatronic figure with fast shipping,Decorations,Home Decorations,Transactional
1509,Halloween balloon garland with free shipping,Decorations,Home Decorations,Transactional
1510,Halloween banner for porch,Decorations,Home Decorations,Transactional
1511,Halloween centerpiece usa,Decorations,Home Decorations,Transactional
1512,Halloween centerpiece with fast shipping,Decorations,Home Decorations,Transactional
1513,Halloween decorations online,Decorations,Home Decorations,Transactional
1514,Halloween decorations with fast shipping,Decorations,Home Decorations,Transactional
1515,Halloween door decorations for sale,Decorations,Home Decorations,Transactional
1516,Halloween flag for sale,Decorations,Home Decorations,Transactional
1517,Halloween home decor online,Decorations,Home Decorations,Transactional
1518,Halloween inflatables with fast shipping,Decorations,Home Decorations,Transactional
1519,Halloween string lights for front yard,Decorations,Home Decorations,Transactional
1520,Halloween string lights for haunted house,Decorations,Home Decorations,Transactional
1521,Halloween window decorations for haunted house,Decorations,Home Decorations,Transactional
1522,Haunted house props near me,Decorations,Home Decorations,Transactional
1523,Homemade animated halloween prop with fast shipping,Decorations,Home Decorations,Transactional
1524,Homemade cute halloween decorations,Decorations,Home Decorations,Transactional
1525,Homemade cute halloween decorations kit,Decorations,Home Decorations,Transactional
1526,Homemade glowing eyes stakes decoration 2026,Decorations,Home Decorations,Transactional
1527,Homemade halloween candle holders near me,Decorations,Home Decorations,Transactional
1528,Homemade halloween decorations for sale,Decorations,Home Decorations,Transactional
1529,Homemade halloween decorations near me,Decorations,Home Decorations,Transactional
1530,Homemade halloween door decorations near me,Decorations,Home Decorations,Transactional
1531,Homemade halloween door decorations with fast shipping,Decorations,Home Decorations,Transactional
1532,Homemade halloween doormat 2026,Decorations,Home Decorations,Transactional
1533,Homemade halloween doormat for sale,Decorations,Home Decorations,Transactional
1534,Homemade halloween doormat with free shipping,Decorations,Home Decorations,Transactional
1535,Homemade halloween flag for front yard,Decorations,Home Decorations,Transactional
1536,Homemade halloween fog machine for sale,Decorations,Home Decorations,Transactional
1537,Homemade halloween mailbox cover,Decorations,Home Decorations,Transactional
1538,Homemade halloween mailbox cover for haunted house,Decorations,Home Decorations,Transactional
1539,Homemade halloween office decorations kit,Decorations,Home Decorations,Transactional
1540,Homemade halloween staircase decor with free shipping,Decorations,Home Decorations,Transactional
1541,Homemade halloween tombstone stakes near me,Decorations,Home Decorations,Transactional
1542,Homemade halloween wall decals with free shipping,Decorations,Home Decorations,Transactional
1543,Homemade halloween window decorations,Decorations,Home Decorations,Transactional
1544,Homemade halloween yard decor near me,Decorations,Home Decorations,Transactional
1545,Homemade halloween yard decor with fast shipping,Decorations,Home Decorations,Transactional
1546,Homemade hanging ghost decoration near me,Decorations,Home Decorations,Transactional
1547,Homemade hanging ghost decoration set,Decorations,Home Decorations,Transactional
1548,Homemade hanging skeleton decoration online,Decorations,Home Decorations,Transactional
1549,Homemade indoor halloween decorations usa,Decorations,Home Decorations,Transactional
1550,Homemade inflatable pumpkin yard decor usa,Decorations,Home Decorations,Transactional
1551,Homemade inflatable pumpkin yard decor with fast shipping,Decorations,Home Decorations,Transactional
1552,Homemade jack o lantern decor in bulk,Decorations,Home Decorations,Transactional
1553,Homemade skull garland,Decorations,Home Decorations,Transactional
1554,Homemade skull garland 2026,Decorations,Home Decorations,Transactional
1555,Indoor animated halloween prop ideas,Decorations,Home Decorations,Transactional
1556,Indoor animated halloween prop usa delivery,Decorations,Home Decorations,Transactional
1557,Indoor black crow prop in bulk,Decorations,Home Decorations,Transactional
1558,Indoor cauldron prop delivered to your door,Decorations,Home Decorations,Transactional
1559,Indoor cauldron prop near me,Decorations,Home Decorations,Transactional
1560,Indoor fake cobweb decoration online,Decorations,Home Decorations,Transactional
1561,Indoor halloween animatronic figure usa delivery,Decorations,Home Decorations,Transactional
1562,Indoor halloween balloon garland for sale,Decorations,Home Decorations,Transactional
1563,Indoor halloween decorations with free shipping,Decorations,Home Decorations,Transactional
1564,Indoor halloween door decorations online,Decorations,Home Decorations,Transactional
1565,Indoor halloween fireplace mantel decor for sale,Decorations,Home Decorations,Transactional
1566,Indoor halloween flag set,Decorations,Home Decorations,Transactional
1567,Indoor halloween fog machine with free shipping,Decorations,Home Decorations,Transactional
1568,Indoor halloween home decor near me,Decorations,Home Decorations,Transactional
1569,Indoor halloween lawn decorations set,Decorations,Home Decorations,Transactional
1570,Indoor halloween lawn decorations with fast shipping,Decorations,Home Decorations,Transactional
1571,Indoor halloween staircase decor in bulk,Decorations,Home Decorations,Transactional
1572,Indoor halloween staircase decor with free shipping,Decorations,Home Decorations,Transactional
1573,Indoor halloween tombstone stakes for porch,Decorations,Home Decorations,Transactional
1574,Indoor halloween tombstone stakes near me,Decorations,Home Decorations,Transactional
1575,Indoor halloween tombstone stakes with fast shipping,Decorations,Home Decorations,Transactional
1576,Indoor halloween wreath,Decorations,Home Decorations,Transactional
1577,Indoor halloween yard decor usa,Decorations,Home Decorations,Transactional
1578,Indoor hanging ghost decoration near me,Decorations,Home Decorations,Transactional
1579,Indoor haunted house props with fast shipping,Decorations,Home Decorations,Transactional
1580,Indoor led pumpkin lights set,Decorations,Home Decorations,Transactional
1581,Indoor outdoor halloween decorations pack,Decorations,Home Decorations,Transactional
1582,Indoor outdoor halloween decorations with fast shipping,Decorations,Home Decorations,Transactional
1583,Indoor spider web decoration in bulk,Decorations,Home Decorations,Transactional
1584,Jack o lantern decor near me,Decorations,Home Decorations,Transactional
1585,Jack o lantern decor with free shipping,Decorations,Home Decorations,Transactional
1586,Led black crow prop for haunted house,Decorations,Home Decorations,Transactional
1587,Led black crow prop for porch,Decorations,Home Decorations,Transactional
1588,Led cauldron prop near me,Decorations,Home Decorations,Transactional
1589,Led fake cobweb decoration,Decorations,Home Decorations,Transactional
1590,Led fake cobweb decoration in bulk,Decorations,Home Decorations,Transactional
1591,Led fake cobweb decoration pack,Decorations,Home Decorations,Transactional
1592,Led glowing eyes stakes decoration set,Decorations,Home Decorations,Transactional
1593,Led halloween animatronic figure for porch,Decorations,Home Decorations,Transactional
1594,Led halloween candle holders kit,Decorations,Home Decorations,Transactional
1595,Led halloween centerpiece for porch,Decorations,Home Decorations,Transactional
1596,Led halloween decorations near me,Decorations,Home Decorations,Transactional
1597,Led halloween decorations online,Decorations,Home Decorations,Transactional
1598,Led halloween flag ideas,Decorations,Home Decorations,Transactional
1599,Led halloween fog machine with fast shipping,Decorations,Home Decorations,Transactional
1600,Led halloween garland for front yard,Decorations,Home Decorations,Transactional
1601,Led halloween inflatables,Decorations,Home Decorations,Transactional
1602,Led halloween lawn decorations,Decorations,Home Decorations,Transactional
1603,Led halloween lawn decorations usa delivery,Decorations,Home Decorations,Transactional
1604,Led halloween mailbox cover for sale,Decorations,Home Decorations,Transactional
1605,Led halloween staircase decor with fast shipping,Decorations,Home Decorations,Transactional
1606,Led halloween tree decorations near me,Decorations,Home Decorations,Transactional
1607,Led halloween welcome sign,Decorations,Home Decorations,Transactional
1608,Led halloween window decorations,Decorations,Home Decorations,Transactional
1609,Led halloween window decorations pack,Decorations,Home Decorations,Transactional
1610,Led halloween window projector near me,Decorations,Home Decorations,Transactional
1611,Led halloween wreath delivered to your door,Decorations,Home Decorations,Transactional
1612,Led halloween wreath for sale,Decorations,Home Decorations,Transactional
1613,Led halloween yard stakes kit,Decorations,Home Decorations,Transactional
1614,Led hanging ghost decoration delivered to your door,Decorations,Home Decorations,Transactional
1615,Led hanging ghost decoration online,Decorations,Home Decorations,Transactional
1616,Led haunted house props,Decorations,Home Decorations,Transactional
1617,Led haunted mansion decor kit online,Decorations,Home Decorations,Transactional
1618,Led haunted mansion decor kit pack,Decorations,Home Decorations,Transactional
1619,Led indoor halloween decorations near me,Decorations,Home Decorations,Transactional
1620,Led indoor halloween decorations usa delivery,Decorations,Home Decorations,Transactional
1621,Led life size skeleton decor in bulk,Decorations,Home Decorations,Transactional
1622,Led life size skeleton decor near me,Decorations,Home Decorations,Transactional
1623,Led life size skeleton decor online,Decorations,Home Decorations,Transactional
1624,Led pumpkin decorations near me,Decorations,Home Decorations,Transactional
1625,Led pumpkin lights near me,Decorations,Home Decorations,Transactional
1626,Led skull garland with fast shipping,Decorations,Home Decorations,Transactional
1627,Led spooky halloween decor for sale,Decorations,Home Decorations,Transactional
1628,Life size cauldron prop online,Decorations,Home Decorations,Transactional
1629,Life size fake cobweb decoration for sale,Decorations,Home Decorations,Transactional
1630,Life size giant inflatable skeleton 2026,Decorations,Home Decorations,Transactional
1631,Life size halloween candle holders online,Decorations,Home Decorations,Transactional
1632,Life size halloween centerpiece for haunted house,Decorations,Home Decorations,Transactional
1633,Life size halloween decorations online,Decorations,Home Decorations,Transactional
1634,Life size halloween decorations set,Decorations,Home Decorations,Transactional
1635,Life size halloween door decorations for sale,Decorations,Home Decorations,Transactional
1636,Life size halloween door decorations pack,Decorations,Home Decorations,Transactional
1637,Life size halloween doormat usa,Decorations,Home Decorations,Transactional
1638,Life size halloween lawn decorations usa delivery,Decorations,Home Decorations,Transactional
1639,Life size halloween office decorations set,Decorations,Home Decorations,Transactional
1640,Life size halloween porch decor near me,Decorations,Home Decorations,Transactional
1641,Life size halloween staircase decor for front yard,Decorations,Home Decorations,Transactional
1642,Life size halloween table decorations usa,Decorations,Home Decorations,Transactional
1643,Life size halloween tree decorations usa,Decorations,Home Decorations,Transactional
1644,Life size halloween window decorations online,Decorations,Home Decorations,Transactional
1645,Life size halloween yard stakes online,Decorations,Home Decorations,Transactional
1646,Life size hanging ghost decoration delivered to your door,Decorations,Home Decorations,Transactional
1647,Life size hanging ghost decoration ideas,Decorations,Home Decorations,Transactional
1648,Life size hanging skeleton decoration ideas,Decorations,Home Decorations,Transactional
1649,Life size hanging skeleton decoration usa delivery,Decorations,Home Decorations,Transactional
1650,Life size indoor halloween decorations near me,Decorations,Home Decorations,Transactional
1651,Life size inflatable pumpkin yard decor pack,Decorations,Home Decorations,Transactional
1652,Life size pumpkin decorations online,Decorations,Home Decorations,Transactional
1653,Life size scary halloween decor online,Decorations,Home Decorations,Transactional
1654,Life size skull garland in bulk,Decorations,Home Decorations,Transactional
1655,Order black crow prop with free shipping,Decorations,Home Decorations,Transactional
1656,Order cauldron prop pack,Decorations,Home Decorations,Transactional
1657,Order fake cobweb decoration 2026,Decorations,Home Decorations,Transactional
1658,Order giant inflatable skeleton online,Decorations,Home Decorations,Transactional
1659,Order halloween animatronic figure usa,Decorations,Home Decorations,Transactional
1660,Order halloween balloon garland with free shipping,Decorations,Home Decorations,Transactional
1661,Order halloween centerpiece in bulk,Decorations,Home Decorations,Transactional
1662,Order halloween doormat for front yard,Decorations,Home Decorations,Transactional
1663,Order halloween doormat ideas,Decorations,Home Decorations,Transactional
1664,Order halloween home decor with fast shipping,Decorations,Home Decorations,Transactional
1665,Order halloween mailbox cover for sale,Decorations,Home Decorations,Transactional
1666,Order halloween office decorations ideas,Decorations,Home Decorations,Transactional
1667,Order halloween staircase decor ideas,Decorations,Home Decorations,Transactional
1668,Order halloween staircase decor usa delivery,Decorations,Home Decorations,Transactional
1669,Order halloween table runner kit,Decorations,Home Decorations,Transactional
1670,Order halloween tombstone stakes pack,Decorations,Home Decorations,Transactional
1671,Order halloween welcome sign for front yard,Decorations,Home Decorations,Transactional
1672,Order halloween window decorations near me,Decorations,Home Decorations,Transactional
1673,Order halloween window projector,Decorations,Home Decorations,Transactional
1674,Order halloween window projector for sale,Decorations,Home Decorations,Transactional
1675,Order halloween window projector set,Decorations,Home Decorations,Transactional
1676,Order halloween yard decor for haunted house,Decorations,Home Decorations,Transactional
1677,Order hanging ghost decoration for front yard,Decorations,Home Decorations,Transactional
1678,Order hanging skeleton decoration for sale,Decorations,Home Decorations,Transactional
1679,Order haunted house props near me,Decorations,Home Decorations,Transactional
1680,Order indoor halloween decorations in bulk,Decorations,Home Decorations,Transactional
1681,Order jack o lantern decor for porch,Decorations,Home Decorations,Transactional
1682,Order jack o lantern decor for sale,Decorations,Home Decorations,Transactional
1683,Order jack o lantern decor set,Decorations,Home Decorations,Transactional
1684,Order outdoor halloween decorations in bulk,Decorations,Home Decorations,Transactional
1685,Order outdoor halloween decorations near me,Decorations,Home Decorations,Transactional
1686,Order pumpkin decorations in bulk,Decorations,Home Decorations,Transactional
1687,Order pumpkin decorations with fast shipping,Decorations,Home Decorations,Transactional
1688,Order scary halloween decor near me,Decorations,Home Decorations,Transactional
1689,Outdoor black crow prop for front yard,Decorations,Home Decorations,Transactional
1690,Outdoor cauldron prop ideas,Decorations,Home Decorations,Transactional
1691,Outdoor giant inflatable skeleton online,Decorations,Home Decorations,Transactional
1692,Outdoor glowing eyes stakes decoration online,Decorations,Home Decorations,Transactional
1693,Outdoor glowing eyes stakes decoration with free shipping,Decorations,Home Decorations,Transactional
1694,Outdoor halloween centerpiece near me,Decorations,Home Decorations,Transactional
1695,Outdoor halloween door decorations with fast shipping,Decorations,Home Decorations,Transactional
1696,Outdoor halloween doormat for haunted house,Decorations,Home Decorations,Transactional
1697,Outdoor halloween doormat kit,Decorations,Home Decorations,Transactional
1698,Outdoor halloween doormat with free shipping,Decorations,Home Decorations,Transactional
1699,Outdoor halloween fog machine 2026,Decorations,Home Decorations,Transactional
1700,Outdoor halloween garland in bulk,Decorations,Home Decorations,Transactional
1701,Outdoor halloween garland with fast shipping,Decorations,Home Decorations,Transactional
1702,Outdoor halloween mailbox cover usa,Decorations,Home Decorations,Transactional
1703,Outdoor halloween porch decor delivered to your door,Decorations,Home Decorations,Transactional
1704,Outdoor halloween tombstone stakes for sale,Decorations,Home Decorations,Transactional
1705,Outdoor halloween tree decorations for sale,Decorations,Home Decorations,Transactional
1706,Outdoor halloween wall decals near me,Decorations,Home Decorations,Transactional
1707,Outdoor halloween window decorations 2026,Decorations,Home Decorations,Transactional
1708,Outdoor halloween window projector set,Decorations,Home Decorations,Transactional
1709,Outdoor halloween yard decor online,Decorations,Home Decorations,Transactional
1710,Outdoor halloween yard decor usa,Decorations,Home Decorations,Transactional
1711,Outdoor halloween yard stakes with fast shipping,Decorations,Home Decorations,Transactional
1712,Outdoor hanging skeleton decoration delivered to your door,Decorations,Home Decorations,Transactional
1713,Outdoor haunted house props with fast shipping,Decorations,Home Decorations,Transactional
1714,Outdoor indoor halloween decorations near me,Decorations,Home Decorations,Transactional
1715,Outdoor life size skeleton decor set,Decorations,Home Decorations,Transactional
1716,Outdoor scary halloween decor near me,Decorations,Home Decorations,Transactional
1717,Outdoor spider web decoration for haunted house,Decorations,Home Decorations,Transactional
1718,Premium fake cobweb decoration usa delivery,Decorations,Home Decorations,Transactional
1719,Premium giant inflatable skeleton online,Decorations,Home Decorations,Transactional
1720,Premium halloween animatronic figure online,Decorations,Home Decorations,Transactional
1721,Premium halloween balloon garland,Decorations,Home Decorations,Transactional
1722,Premium halloween banner 2026,Decorations,Home Decorations,Transactional
1723,Premium halloween candle holders online,Decorations,Home Decorations,Transactional
1724,Premium halloween centerpiece usa,Decorations,Home Decorations,Transactional
1725,Premium halloween decorations usa delivery,Decorations,Home Decorations,Transactional
1726,Premium halloween door decorations near me,Decorations,Home Decorations,Transactional
1727,Premium halloween doormat near me,Decorations,Home Decorations,Transactional
1728,Premium halloween flag for front yard,Decorations,Home Decorations,Transactional
1729,Premium halloween fog machine for porch,Decorations,Home Decorations,Transactional
1730,Premium halloween string lights for sale,Decorations,Home Decorations,Transactional
1731,Premium halloween string lights ideas,Decorations,Home Decorations,Transactional
1732,Premium halloween string lights set,Decorations,Home Decorations,Transactional
1733,Premium halloween table decorations for front yard,Decorations,Home Decorations,Transactional
1734,Premium halloween table decorations with fast shipping,Decorations,Home Decorations,Transactional
1735,Premium halloween tombstone stakes usa,Decorations,Home Decorations,Transactional
1736,Premium halloween welcome sign 2026,Decorations,Home Decorations,Transactional
1737,Premium haunted mansion decor kit near me,Decorations,Home Decorations,Transactional
1738,Premium indoor halloween decorations near me,Decorations,Home Decorations,Transactional
1739,Premium inflatable pumpkin yard decor 2026,Decorations,Home Decorations,Transactional
1740,Premium jack o lantern decor online,Decorations,Home Decorations,Transactional
1741,Premium led pumpkin lights ideas,Decorations,Home Decorations,Transactional
1742,Premium led pumpkin lights with free shipping,Decorations,Home Decorations,Transactional
1743,Premium life size skeleton decor,Decorations,Home Decorations,Transactional
1744,Premium outdoor halloween decorations kit,Decorations,Home Decorations,Transactional
1745,Premium scary halloween decor set,Decorations,Home Decorations,Transactional
1746,Premium spooky halloween decor for haunted house,Decorations,Home Decorations,Transactional
1747,Quality animated halloween prop in bulk,Decorations,Home Decorations,Transactional
1748,Quality cauldron prop usa,Decorations,Home Decorations,Transactional
1749,Quality cute halloween decorations for sale,Decorations,Home Decorations,Transactional
1750,Quality fake cobweb decoration for porch,Decorations,Home Decorations,Transactional
1751,Quality halloween candle holders online,Decorations,Home Decorations,Transactional
1752,Quality halloween centerpiece for sale,Decorations,Home Decorations,Transactional
1753,Quality halloween centerpiece in bulk,Decorations,Home Decorations,Transactional
1754,Quality halloween centerpiece near me,Decorations,Home Decorations,Transactional
1755,Quality halloween flag 2026,Decorations,Home Decorations,Transactional
1756,Quality halloween string lights near me,Decorations,Home Decorations,Transactional
1757,Quality halloween table decorations kit,Decorations,Home Decorations,Transactional
1758,Quality halloween tombstone stakes near me,Decorations,Home Decorations,Transactional
1759,Quality halloween wall decals ideas,Decorations,Home Decorations,Transactional
1760,Quality halloween welcome sign for haunted house,Decorations,Home Decorations,Transactional
1761,Quality halloween window decorations for front yard,Decorations,Home Decorations,Transactional
1762,Quality halloween window decorations for haunted house,Decorations,Home Decorations,Transactional
1763,Quality halloween wreath in bulk,Decorations,Home Decorations,Transactional
1764,Quality halloween yard decor ideas,Decorations,Home Decorations,Transactional
1765,Quality hanging skeleton decoration for sale,Decorations,Home Decorations,Transactional
1766,Quality hanging skeleton decoration online,Decorations,Home Decorations,Transactional
1767,Quality indoor halloween decorations 2026,Decorations,Home Decorations,Transactional
1768,Quality indoor halloween decorations online,Decorations,Home Decorations,Transactional
1769,Quality led pumpkin lights ideas,Decorations,Home Decorations,Transactional
1770,Quality pumpkin decorations for haunted house,Decorations,Home Decorations,Transactional
1771,Quality pumpkin decorations usa delivery,Decorations,Home Decorations,Transactional
1772,Quality skull garland for front yard,Decorations,Home Decorations,Transactional
1773,Quality spooky halloween decor for sale,Decorations,Home Decorations,Transactional
1774,Scary animated halloween prop 2026,Decorations,Home Decorations,Transactional
1775,Scary animated halloween prop near me,Decorations,Home Decorations,Transactional
1776,Scary cute halloween decorations,Decorations,Home Decorations,Transactional
1777,Scary fake cobweb decoration near me,Decorations,Home Decorations,Transactional
1778,Scary giant inflatable skeleton near me,Decorations,Home Decorations,Transactional
1779,Scary glowing eyes stakes decoration usa,Decorations,Home Decorations,Transactional
1780,Scary halloween animatronic figure 2026,Decorations,Home Decorations,Transactional
1781,Scary halloween door decorations near me,Decorations,Home Decorations,Transactional
1782,Scary halloween doormat,Decorations,Home Decorations,Transactional
1783,Scary halloween fireplace mantel decor,Decorations,Home Decorations,Transactional
1784,Scary halloween fireplace mantel decor for sale,Decorations,Home Decorations,Transactional
1785,Scary halloween fog machine with free shipping,Decorations,Home Decorations,Transactional
1786,Scary halloween office decorations usa,Decorations,Home Decorations,Transactional
1787,Scary halloween string lights near me,Decorations,Home Decorations,Transactional
1788,Scary halloween table decorations online,Decorations,Home Decorations,Transactional
1789,Scary halloween table decorations pack,Decorations,Home Decorations,Transactional
1790,Scary halloween table runner set,Decorations,Home Decorations,Transactional
1791,Scary halloween table runner with fast shipping,Decorations,Home Decorations,Transactional
1792,Scary halloween tree decorations delivered to your door,Decorations,Home Decorations,Transactional
1793,Scary halloween wall decals near me,Decorations,Home Decorations,Transactional
1794,Scary halloween window projector delivered to your door,Decorations,Home Decorations,Transactional
1795,Scary halloween yard decor ideas,Decorations,Home Decorations,Transactional
1796,Scary halloween yard stakes usa delivery,Decorations,Home Decorations,Transactional
1797,Scary hanging ghost decoration for front yard,Decorations,Home Decorations,Transactional
1798,Scary haunted house props pack,Decorations,Home Decorations,Transactional
1799,Scary haunted mansion decor kit online,Decorations,Home Decorations,Transactional
1800,Scary haunted mansion decor kit set,Decorations,Home Decorations,Transactional
1801,Scary indoor halloween decorations for haunted house,Decorations,Home Decorations,Transactional
1802,Scary jack o lantern decor usa delivery,Decorations,Home Decorations,Transactional
1803,Scary led pumpkin lights online,Decorations,Home Decorations,Transactional
1804,Scary life size skeleton decor with fast shipping,Decorations,Home Decorations,Transactional
1805,Scary pumpkin decorations for haunted house,Decorations,Home Decorations,Transactional
1806,Scary spider web decoration for front yard,Decorations,Home Decorations,Transactional
1807,Scary spider web decoration near me,Decorations,Home Decorations,Transactional
1808,Scary spider web decoration online,Decorations,Home Decorations,Transactional
1809,Shop black crow prop 2026,Decorations,Home Decorations,Transactional
1810,Shop black crow prop for haunted house,Decorations,Home Decorations,Transactional
1811,Shop cute halloween decorations set,Decorations,Home Decorations,Transactional
1812,Shop fake cobweb decoration set,Decorations,Home Decorations,Transactional
1813,Shop for fake cobweb decoration online,Decorations,Home Decorations,Transactional
1814,Shop for halloween fireplace mantel decor with fast shipping,Decorations,Home Decorations,Transactional
1815,Shop for halloween garland kit,Decorations,Home Decorations,Transactional
1816,Shop for halloween garland near me,Decorations,Home Decorations,Transactional
1817,Shop for halloween home decor delivered to your door,Decorations,Home Decorations,Transactional
1818,Shop for halloween home decor online,Decorations,Home Decorations,Transactional
1819,Shop for halloween office decorations in bulk,Decorations,Home Decorations,Transactional
1820,Shop for halloween office decorations with fast shipping,Decorations,Home Decorations,Transactional
1821,Shop for halloween staircase decor kit,Decorations,Home Decorations,Transactional
1822,Shop for halloween staircase decor near me,Decorations,Home Decorations,Transactional
1823,Shop for halloween string lights usa delivery,Decorations,Home Decorations,Transactional
1824,Shop for halloween wall decals ideas,Decorations,Home Decorations,Transactional
1825,Shop for halloween welcome sign in bulk,Decorations,Home Decorations,Transactional
1826,Shop for halloween welcome sign near me,Decorations,Home Decorations,Transactional
1827,Shop for halloween window decorations 2026,Decorations,Home Decorations,Transactional
1828,Shop for halloween wreath 2026,Decorations,Home Decorations,Transactional
1829,Shop giant inflatable skeleton near me,Decorations,Home Decorations,Transactional
1830,Shop giant inflatable skeleton usa,Decorations,Home Decorations,Transactional
1831,Shop halloween animatronic figure delivered to your door,Decorations,Home Decorations,Transactional
1832,Shop halloween balloon garland,Decorations,Home Decorations,Transactional
1833,Shop halloween balloon garland pack,Decorations,Home Decorations,Transactional
1834,Shop halloween balloon garland with free shipping,Decorations,Home Decorations,Transactional
1835,Shop halloween candle holders kit,Decorations,Home Decorations,Transactional
1836,Shop halloween door decorations online,Decorations,Home Decorations,Transactional
1837,Shop halloween doormat online,Decorations,Home Decorations,Transactional
1838,Shop halloween doormat pack,Decorations,Home Decorations,Transactional
1839,Shop halloween fog machine set,Decorations,Home Decorations,Transactional
1840,Shop halloween lawn decorations near me,Decorations,Home Decorations,Transactional
1841,Shop halloween mailbox cover online,Decorations,Home Decorations,Transactional
1842,Shop halloween office decorations near me,Decorations,Home Decorations,Transactional
1843,Shop halloween string lights near me,Decorations,Home Decorations,Transactional
1844,Shop halloween table decorations usa,Decorations,Home Decorations,Transactional
1845,Shop halloween welcome sign near me,Decorations,Home Decorations,Transactional
1846,Shop halloween wreath online,Decorations,Home Decorations,Transactional
1847,Shop halloween yard decor in bulk,Decorations,Home Decorations,Transactional
1848,Shop halloween yard decor near me,Decorations,Home Decorations,Transactional
1849,Shop halloween yard stakes near me,Decorations,Home Decorations,Transactional
1850,Shop hanging ghost decoration usa,Decorations,Home Decorations,Transactional
1851,Shop hanging skeleton decoration online,Decorations,Home Decorations,Transactional
1852,Shop haunted house props delivered to your door,Decorations,Home Decorations,Transactional
1853,Shop led pumpkin lights delivered to your door,Decorations,Home Decorations,Transactional
1854,Shop led pumpkin lights pack,Decorations,Home Decorations,Transactional
1855,Shop life size skeleton decor,Decorations,Home Decorations,Transactional
1856,Shop life size skeleton decor for haunted house,Decorations,Home Decorations,Transactional
1857,Shop life size skeleton decor in bulk,Decorations,Home Decorations,Transactional
1858,Shop outdoor halloween decorations for front yard,Decorations,Home Decorations,Transactional
1859,Shop outdoor halloween decorations ideas,Decorations,Home Decorations,Transactional
1860,Spooky black crow prop for sale,Decorations,Home Decorations,Transactional
1861,Spooky cute halloween decorations for sale,Decorations,Home Decorations,Transactional
1862,Spooky fake cobweb decoration near me,Decorations,Home Decorations,Transactional
1863,Spooky giant inflatable skeleton for sale,Decorations,Home Decorations,Transactional
1864,Spooky giant inflatable skeleton pack,Decorations,Home Decorations,Transactional
1865,Spooky halloween animatronic figure for front yard,Decorations,Home Decorations,Transactional
1866,Spooky halloween balloon garland for porch,Decorations,Home Decorations,Transactional
1867,Spooky halloween balloon garland near me,Decorations,Home Decorations,Transactional
1868,Spooky halloween candle holders in bulk,Decorations,Home Decorations,Transactional
1869,Spooky halloween decor in bulk,Decorations,Home Decorations,Transactional
1870,Spooky halloween flag 2026,Decorations,Home Decorations,Transactional
1871,Spooky halloween flag online,Decorations,Home Decorations,Transactional
1872,Spooky halloween fog machine delivered to your door,Decorations,Home Decorations,Transactional
1873,Spooky halloween garland,Decorations,Home Decorations,Transactional
1874,Spooky halloween garland near me,Decorations,Home Decorations,Transactional
1875,Spooky halloween lawn decorations 2026,Decorations,Home Decorations,Transactional
1876,Spooky halloween porch decor for front yard,Decorations,Home Decorations,Transactional
1877,Spooky halloween porch decor with fast shipping,Decorations,Home Decorations,Transactional
1878,Spooky halloween staircase decor for haunted house,Decorations,Home Decorations,Transactional
1879,Spooky halloween staircase decor in bulk,Decorations,Home Decorations,Transactional
1880,Spooky halloween table decorations usa delivery,Decorations,Home Decorations,Transactional
1881,Spooky halloween table runner near me,Decorations,Home Decorations,Transactional
1882,Spooky halloween wall decals for porch,Decorations,Home Decorations,Transactional
1883,Spooky halloween welcome sign online,Decorations,Home Decorations,Transactional
1884,Spooky halloween window projector for front yard,Decorations,Home Decorations,Transactional
1885,Spooky halloween wreath for sale,Decorations,Home Decorations,Transactional
1886,Spooky halloween yard stakes usa,Decorations,Home Decorations,Transactional
1887,Spooky haunted house props usa delivery,Decorations,Home Decorations,Transactional
1888,Spooky haunted mansion decor kit delivered to your door,Decorations,Home Decorations,Transactional
1889,Spooky haunted mansion decor kit ideas,Decorations,Home Decorations,Transactional
1890,Spooky indoor halloween decorations set,Decorations,Home Decorations,Transactional
1891,Spooky inflatable pumpkin yard decor usa,Decorations,Home Decorations,Transactional
1892,Spooky jack o lantern decor near me,Decorations,Home Decorations,Transactional
1893,Spooky led pumpkin lights set,Decorations,Home Decorations,Transactional
1894,Spooky outdoor halloween decorations for sale,Decorations,Home Decorations,Transactional
1895,Spooky pumpkin decorations for haunted house,Decorations,Home Decorations,Transactional
1896,Spooky pumpkin decorations usa delivery,Decorations,Home Decorations,Transactional
1897,Spooky spider web decoration online,Decorations,Home Decorations,Transactional
1898,Top black crow prop for sale,Decorations,Home Decorations,Transactional
1899,Top black crow prop set,Decorations,Home Decorations,Transactional
1900,Top cute halloween decorations with free shipping,Decorations,Home Decorations,Transactional
1901,Top glowing eyes stakes decoration for front yard,Decorations,Home Decorations,Transactional
1902,Top glowing eyes stakes decoration set,Decorations,Home Decorations,Transactional
1903,Top halloween candle holders for porch,Decorations,Home Decorations,Transactional
1904,Top halloween decorations near me,Decorations,Home Decorations,Transactional
1905,Top halloween fog machine 2026,Decorations,Home Decorations,Transactional
1906,Top halloween garland in bulk,Decorations,Home Decorations,Transactional
1907,Top halloween lawn decorations with fast shipping,Decorations,Home Decorations,Transactional
1908,Top halloween mailbox cover with fast shipping,Decorations,Home Decorations,Transactional
1909,Top halloween office decorations near me,Decorations,Home Decorations,Transactional
1910,Top halloween porch decor set,Decorations,Home Decorations,Transactional
1911,Top halloween string lights online,Decorations,Home Decorations,Transactional
1912,Top halloween tombstone stakes usa delivery,Decorations,Home Decorations,Transactional
1913,Top halloween welcome sign usa delivery,Decorations,Home Decorations,Transactional
1914,Top halloween window decorations set,Decorations,Home Decorations,Transactional
1915,Top halloween wreath online,Decorations,Home Decorations,Transactional
1916,Top halloween wreath with free shipping,Decorations,Home Decorations,Transactional
1917,Top hanging ghost decoration for front yard,Decorations,Home Decorations,Transactional
1918,Top hanging ghost decoration online,Decorations,Home Decorations,Transactional
1919,Top haunted house props kit,Decorations,Home Decorations,Transactional
1920,Top haunted mansion decor kit,Decorations,Home Decorations,Transactional
1921,Top indoor halloween decorations for sale,Decorations,Home Decorations,Transactional
1922,Top indoor halloween decorations ideas,Decorations,Home Decorations,Transactional
1923,Top jack o lantern decor near me,Decorations,Home Decorations,Transactional
1924,Top life size skeleton decor usa delivery,Decorations,Home Decorations,Transactional
1925,Top outdoor halloween decorations with free shipping,Decorations,Home Decorations,Transactional
1926,Top skull garland kit,Decorations,Home Decorations,Transactional
1927,Top spooky halloween decor near me,Decorations,Home Decorations,Transactional
1928,Unique animated halloween prop online,Decorations,Home Decorations,Transactional
1929,Unique black crow prop kit,Decorations,Home Decorations,Transactional
1930,Unique giant inflatable skeleton set,Decorations,Home Decorations,Transactional
1931,Unique glowing eyes stakes decoration pack,Decorations,Home Decorations,Transactional
1932,Unique halloween balloon garland kit,Decorations,Home Decorations,Transactional
1933,Unique halloween banner 2026,Decorations,Home Decorations,Transactional
1934,Unique halloween banner for front yard,Decorations,Home Decorations,Transactional
1935,Unique halloween candle holders,Decorations,Home Decorations,Transactional
1936,Unique halloween candle holders kit,Decorations,Home Decorations,Transactional
1937,Unique halloween centerpiece ideas,Decorations,Home Decorations,Transactional
1938,Unique halloween decorations near me,Decorations,Home Decorations,Transactional
1939,Unique halloween fireplace mantel decor near me,Decorations,Home Decorations,Transactional
1940,Unique halloween flag pack,Decorations,Home Decorations,Transactional
1941,Unique halloween fog machine,Decorations,Home Decorations,Transactional
1942,Unique halloween fog machine set,Decorations,Home Decorations,Transactional
1943,Unique halloween inflatables 2026,Decorations,Home Decorations,Transactional
1944,Unique halloween inflatables for porch,Decorations,Home Decorations,Transactional
1945,Unique halloween mailbox cover for sale,Decorations,Home Decorations,Transactional
1946,Unique halloween office decorations for front yard,Decorations,Home Decorations,Transactional
1947,Unique halloween window projector set,Decorations,Home Decorations,Transactional
1948,Unique halloween yard decor with fast shipping,Decorations,Home Decorations,Transactional
1949,Unique halloween yard stakes usa delivery,Decorations,Home Decorations,Transactional
1950,Unique hanging skeleton decoration usa,Decorations,Home Decorations,Transactional
1951,Unique led pumpkin lights for front yard,Decorations,Home Decorations,Transactional
1952,Unique spooky halloween decor online,Decorations,Home Decorations,Transactional
1953,Unique spooky halloween decor usa delivery,Decorations,Home Decorations,Transactional
1954,Waterproof animated halloween prop online,Decorations,Home Decorations,Transactional
1955,Waterproof cauldron prop in bulk,Decorations,Home Decorations,Transactional
1956,Waterproof glowing eyes stakes decoration online,Decorations,Home Decorations,Transactional
1957,Waterproof halloween animatronic figure for sale,Decorations,Home Decorations,Transactional
1958,Waterproof halloween animatronic figure near me,Decorations,Home Decorations,Transactional
1959,Waterproof halloween centerpiece online,Decorations,Home Decorations,Transactional
1960,Waterproof halloween door decorations kit,Decorations,Home Decorations,Transactional
1961,Waterproof halloween fireplace mantel decor for haunted house,Decorations,Home Decorations,Transactional
1962,Waterproof halloween fireplace mantel decor near me,Decorations,Home Decorations,Transactional
1963,Waterproof halloween flag in bulk,Decorations,Home Decorations,Transactional
1964,Waterproof halloween fog machine with fast shipping,Decorations,Home Decorations,Transactional
1965,Waterproof halloween mailbox cover for front yard,Decorations,Home Decorations,Transactional
1966,Waterproof halloween porch decor online,Decorations,Home Decorations,Transactional
1967,Waterproof halloween string lights online,Decorations,Home Decorations,Transactional
1968,Waterproof halloween table decorations usa delivery,Decorations,Home Decorations,Transactional
1969,Waterproof halloween wall decals near me,Decorations,Home Decorations,Transactional
1970,Waterproof halloween welcome sign ideas,Decorations,Home Decorations,Transactional
1971,Waterproof halloween wreath for front yard,Decorations,Home Decorations,Transactional
1972,Waterproof halloween yard stakes set,Decorations,Home Decorations,Transactional
1973,Waterproof hanging ghost decoration in bulk,Decorations,Home Decorations,Transactional
1974,Waterproof hanging ghost decoration near me,Decorations,Home Decorations,Transactional
1975,Waterproof inflatable pumpkin yard decor for haunted house,Decorations,Home Decorations,Transactional
1976,Waterproof jack o lantern decor near me,Decorations,Home Decorations,Transactional
1977,Waterproof led pumpkin lights near me,Decorations,Home Decorations,Transactional
1978,Waterproof outdoor halloween decorations 2026,Decorations,Home Decorations,Transactional
1979,Waterproof outdoor halloween decorations for sale,Decorations,Home Decorations,Transactional
1980,Waterproof pumpkin decorations with fast shipping,Decorations,Home Decorations,Transactional
1981,Adult fairy wings for halloween party,Accessories,Costumes & Accessories,Transactional
1982,Adult glow sticks for halloween online,Accessories,Costumes & Accessories,Transactional
1983,Adult grim reaper scythe prop kit,Accessories,Costumes & Accessories,Transactional
1984,Adult grim reaper scythe prop pack,Accessories,Costumes & Accessories,Transactional
1985,Adult halloween accessories kit,Accessories,Costumes & Accessories,Transactional
1986,Adult halloween body paint in bulk,Accessories,Costumes & Accessories,Transactional
1987,Adult halloween body paint near me,Accessories,Costumes & Accessories,Transactional
1988,Adult halloween cape with free shipping,Accessories,Costumes & Accessories,Transactional
1989,Adult halloween contact lenses online,Accessories,Costumes & Accessories,Transactional
1990,Adult halloween fangs,Accessories,Costumes & Accessories,Transactional
1991,Adult halloween fangs usa shipping,Accessories,Costumes & Accessories,Transactional
1992,Adult halloween gloves for cosplay,Accessories,Costumes & Accessories,Transactional
1993,Adult halloween gloves usa,Accessories,Costumes & Accessories,Transactional
1994,Adult halloween hat ideas,Accessories,Costumes & Accessories,Transactional
1995,Adult halloween hat kit,Accessories,Costumes & Accessories,Transactional
1996,Adult halloween prosthetics pack,Accessories,Costumes & Accessories,Transactional
1997,Adult halloween temporary tattoos ideas,Accessories,Costumes & Accessories,Transactional
1998,Adult halloween temporary tattoos pack,Accessories,Costumes & Accessories,Transactional
1999,Adult halloween wig 2026,Accessories,Costumes & Accessories,Transactional
2000,Adult halloween wig set,Accessories,Costumes & Accessories,Transactional
2001,Adult latex halloween mask,Accessories,Costumes & Accessories,Transactional
2002,Adult scar wax kit online,Accessories,Costumes & Accessories,Transactional
2003,Adult scar wax kit set,Accessories,Costumes & Accessories,Transactional
2004,Adult skull mask for sale,Accessories,Costumes & Accessories,Transactional
2005,Adult skull mask with free shipping,Accessories,Costumes & Accessories,Transactional
2006,Adult spider headband,Accessories,Costumes & Accessories,Transactional
2007,Adult vampire fangs,Accessories,Costumes & Accessories,Transactional
2008,Adult vampire fangs delivered to your door,Accessories,Costumes & Accessories,Transactional
2009,Adult werewolf ears headband 2026,Accessories,Costumes & Accessories,Transactional
2010,Adult werewolf ears headband delivered to your door,Accessories,Costumes & Accessories,Transactional
2011,Adult witch fingerless gloves ideas,Accessories,Costumes & Accessories,Transactional
2012,Adult witch fingerless gloves with free shipping,Accessories,Costumes & Accessories,Transactional
2013,Adult zombie makeup kit,Accessories,Costumes & Accessories,Transactional
2014,Affordable fairy wings near me,Accessories,Costumes & Accessories,Transactional
2015,Affordable fake blood pack,Accessories,Costumes & Accessories,Transactional
2016,Affordable glow sticks for halloween with fast shipping,Accessories,Costumes & Accessories,Transactional
2017,Affordable grim reaper scythe prop near me,Accessories,Costumes & Accessories,Transactional
2018,Affordable halloween cape with free shipping,Accessories,Costumes & Accessories,Transactional
2019,Affordable halloween contact lenses in bulk,Accessories,Costumes & Accessories,Transactional
2020,Affordable halloween eye patch in bulk,Accessories,Costumes & Accessories,Transactional
2021,Affordable halloween wig usa,Accessories,Costumes & Accessories,Transactional
2022,Affordable spider headband ideas,Accessories,Costumes & Accessories,Transactional
2023,Affordable witch hat near me,Accessories,Costumes & Accessories,Transactional
2024,Baby halloween body paint online,Accessories,Costumes & Accessories,Transactional
2025,Baby halloween body paint with fast shipping,Accessories,Costumes & Accessories,Transactional
2026,Baby halloween cape for cosplay,Accessories,Costumes & Accessories,Transactional
2027,Baby halloween eye patch near me,Accessories,Costumes & Accessories,Transactional
2028,Baby halloween prosthetics with fast shipping,Accessories,Costumes & Accessories,Transactional
2029,Baby halloween temporary tattoos kit,Accessories,Costumes & Accessories,Transactional
2030,Baby latex halloween mask near me,Accessories,Costumes & Accessories,Transactional
2031,Baby scar wax kit with fast shipping,Accessories,Costumes & Accessories,Transactional
2032,Best fairy wings usa shipping,Accessories,Costumes & Accessories,Transactional
2033,Best fake blood ideas,Accessories,Costumes & Accessories,Transactional
2034,Best scar wax kit for cosplay,Accessories,Costumes & Accessories,Transactional
2035,Best werewolf ears headband with free shipping,Accessories,Costumes & Accessories,Transactional
2036,Black fairy wings near me,Accessories,Costumes & Accessories,Transactional
2037,Black halloween body paint online,Accessories,Costumes & Accessories,Transactional
2038,Black halloween contact lenses for cosplay,Accessories,Costumes & Accessories,Transactional
2039,Black halloween contact lenses near me,Accessories,Costumes & Accessories,Transactional
2040,Black halloween fangs for sale,Accessories,Costumes & Accessories,Transactional
2041,Black halloween hat online,Accessories,Costumes & Accessories,Transactional
2042,Black halloween prosthetics set,Accessories,Costumes & Accessories,Transactional
2043,Black pirate eye patch set online,Accessories,Costumes & Accessories,Transactional
2044,Black scar wax kit near me,Accessories,Costumes & Accessories,Transactional
2045,Black sfx makeup for halloween delivered to your door,Accessories,Costumes & Accessories,Transactional
2046,Black sfx makeup for halloween kit,Accessories,Costumes & Accessories,Transactional
2047,Black sfx makeup for halloween with free shipping,Accessories,Costumes & Accessories,Transactional
2048,Black witch fingerless gloves for sale,Accessories,Costumes & Accessories,Transactional
2049,Buy fairy wings kit,Accessories,Costumes & Accessories,Transactional
2050,Buy fake blood online,Accessories,Costumes & Accessories,Transactional
2051,Buy glow sticks for halloween usa,Accessories,Costumes & Accessories,Transactional
2052,Buy grim reaper scythe prop in bulk,Accessories,Costumes & Accessories,Transactional
2053,Buy halloween accessories kit with free shipping,Accessories,Costumes & Accessories,Transactional
2054,Buy halloween cape adult near me,Accessories,Costumes & Accessories,Transactional
2055,Buy halloween contact lenses kit,Accessories,Costumes & Accessories,Transactional
2056,Buy halloween prosthetics near me,Accessories,Costumes & Accessories,Transactional
2057,Buy latex halloween mask online,Accessories,Costumes & Accessories,Transactional
2058,Buy pirate eye patch set delivered to your door,Accessories,Costumes & Accessories,Transactional
2059,Buy spider headband with fast shipping,Accessories,Costumes & Accessories,Transactional
2060,Buy werewolf ears headband set,Accessories,Costumes & Accessories,Transactional
2061,Buy witch fingerless gloves with free shipping,Accessories,Costumes & Accessories,Transactional
2062,Cheap black wig with fast shipping,Accessories,Costumes & Accessories,Transactional
2063,Cheap fairy wings,Accessories,Costumes & Accessories,Transactional
2064,Cheap fairy wings in bulk,Accessories,Costumes & Accessories,Transactional
2065,Cheap fairy wings set,Accessories,Costumes & Accessories,Transactional
2066,Cheap halloween accessories kit near me,Accessories,Costumes & Accessories,Transactional
2067,Cheap halloween accessories kit with free shipping,Accessories,Costumes & Accessories,Transactional
2068,Cheap halloween cape adult with free shipping,Accessories,Costumes & Accessories,Transactional
2069,Cheap halloween contact lenses for sale,Accessories,Costumes & Accessories,Transactional
2070,Cheap halloween fangs in bulk,Accessories,Costumes & Accessories,Transactional
2071,Cheap halloween hat kit,Accessories,Costumes & Accessories,Transactional
2072,Cheap halloween makeup kit online,Accessories,Costumes & Accessories,Transactional
2073,Cheap halloween prosthetics with fast shipping,Accessories,Costumes & Accessories,Transactional
2074,Cheap latex halloween mask delivered to your door,Accessories,Costumes & Accessories,Transactional
2075,Cheap latex halloween mask near me,Accessories,Costumes & Accessories,Transactional
2076,Cheap latex halloween mask with fast shipping,Accessories,Costumes & Accessories,Transactional
2077,Cheap scar wax kit usa,Accessories,Costumes & Accessories,Transactional
2078,Cheap scar wax kit with fast shipping,Accessories,Costumes & Accessories,Transactional
2079,Cheap sfx makeup for halloween delivered to your door,Accessories,Costumes & Accessories,Transactional
2080,Cheap zombie makeup kit for sale,Accessories,Costumes & Accessories,Transactional
2081,Cheap zombie makeup kit in bulk,Accessories,Costumes & Accessories,Transactional
2082,Classic black wig,Accessories,Costumes & Accessories,Transactional
2083,Classic fairy wings for halloween party,Accessories,Costumes & Accessories,Transactional
2084,Classic fairy wings kit,Accessories,Costumes & Accessories,Transactional
2085,Classic grim reaper scythe prop in bulk,Accessories,Costumes & Accessories,Transactional
2086,Classic halloween cape adult near me,Accessories,Costumes & Accessories,Transactional
2087,Classic halloween fangs for sale,Accessories,Costumes & Accessories,Transactional
2088,Classic halloween gloves usa shipping,Accessories,Costumes & Accessories,Transactional
2089,Classic halloween hat,Accessories,Costumes & Accessories,Transactional
2090,Classic halloween temporary tattoos near me,Accessories,Costumes & Accessories,Transactional
2091,Classic halloween temporary tattoos usa shipping,Accessories,Costumes & Accessories,Transactional
2092,Classic latex halloween mask near me,Accessories,Costumes & Accessories,Transactional
2093,Classic pirate eye patch set for sale,Accessories,Costumes & Accessories,Transactional
2094,Classic pirate eye patch set near me,Accessories,Costumes & Accessories,Transactional
2095,Classic sfx makeup for halloween 2026,Accessories,Costumes & Accessories,Transactional
2096,Classic spider headband with free shipping,Accessories,Costumes & Accessories,Transactional
2097,Classic vampire fangs for sale,Accessories,Costumes & Accessories,Transactional
2098,Classic werewolf ears headband online,Accessories,Costumes & Accessories,Transactional
2099,Classic werewolf ears headband with fast shipping,Accessories,Costumes & Accessories,Transactional
2100,Cool glow sticks for halloween near me,Accessories,Costumes & Accessories,Transactional
2101,Cool halloween accessories kit near me,Accessories,Costumes & Accessories,Transactional
2102,Cool halloween cape adult kit,Accessories,Costumes & Accessories,Transactional
2103,Cool halloween cape adult near me,Accessories,Costumes & Accessories,Transactional
2104,Cool halloween contact lenses usa shipping,Accessories,Costumes & Accessories,Transactional
2105,Cool halloween eye patch in bulk,Accessories,Costumes & Accessories,Transactional
2106,Cool halloween eye patch pack,Accessories,Costumes & Accessories,Transactional
2107,Cool halloween makeup kit usa shipping,Accessories,Costumes & Accessories,Transactional
2108,Cool halloween tights in bulk,Accessories,Costumes & Accessories,Transactional
2109,Cool halloween wig for sale,Accessories,Costumes & Accessories,Transactional
2110,Cool halloween wig set,Accessories,Costumes & Accessories,Transactional
2111,Cool pirate eye patch set,Accessories,Costumes & Accessories,Transactional
2112,Cool scar wax kit 2026,Accessories,Costumes & Accessories,Transactional
2113,Cool spider headband for cosplay,Accessories,Costumes & Accessories,Transactional
2114,Cool vampire fangs usa shipping,Accessories,Costumes & Accessories,Transactional
2115,Cool zombie makeup kit for sale,Accessories,Costumes & Accessories,Transactional
2116,Cool zombie makeup kit pack,Accessories,Costumes & Accessories,Transactional
2117,Couples glow sticks for halloween near me,Accessories,Costumes & Accessories,Transactional
2118,Couples halloween accessories kit,Accessories,Costumes & Accessories,Transactional
2119,Couples halloween cape 2026,Accessories,Costumes & Accessories,Transactional
2120,Couples halloween eye patch kit,Accessories,Costumes & Accessories,Transactional
2121,Couples halloween eye patch set,Accessories,Costumes & Accessories,Transactional
2122,Couples halloween face paint usa shipping,Accessories,Costumes & Accessories,Transactional
2123,Couples halloween gloves with fast shipping,Accessories,Costumes & Accessories,Transactional
2124,Couples halloween hat usa,Accessories,Costumes & Accessories,Transactional
2125,Couples halloween makeup kit,Accessories,Costumes & Accessories,Transactional
2126,Couples sfx makeup for halloween in bulk,Accessories,Costumes & Accessories,Transactional
2127,Couples vampire fangs,Accessories,Costumes & Accessories,Transactional
2128,Couples werewolf ears headband in bulk,Accessories,Costumes & Accessories,Transactional
2129,Couples werewolf ears headband with free shipping,Accessories,Costumes & Accessories,Transactional
2130,Couples witch hat for cosplay,Accessories,Costumes & Accessories,Transactional
2131,Couples zombie makeup kit delivered to your door,Accessories,Costumes & Accessories,Transactional
2132,Couples zombie makeup kit near me,Accessories,Costumes & Accessories,Transactional
2133,Couples zombie makeup kit online,Accessories,Costumes & Accessories,Transactional
2134,Creepy black wig for cosplay,Accessories,Costumes & Accessories,Transactional
2135,Creepy black wig near me,Accessories,Costumes & Accessories,Transactional
2136,Creepy fairy wings 2026,Accessories,Costumes & Accessories,Transactional
2137,Creepy glow sticks for halloween near me,Accessories,Costumes & Accessories,Transactional
2138,Creepy halloween eye patch for cosplay,Accessories,Costumes & Accessories,Transactional
2139,Creepy halloween eye patch with free shipping,Accessories,Costumes & Accessories,Transactional
2140,Creepy halloween tights for sale,Accessories,Costumes & Accessories,Transactional
2141,Creepy scar wax kit near me,Accessories,Costumes & Accessories,Transactional
2142,Creepy witch fingerless gloves ideas,Accessories,Costumes & Accessories,Transactional
2143,Creepy witch fingerless gloves usa,Accessories,Costumes & Accessories,Transactional
2144,Cute fairy wings pack,Accessories,Costumes & Accessories,Transactional
2145,Cute halloween body paint pack,Accessories,Costumes & Accessories,Transactional
2146,Cute halloween cape in bulk,Accessories,Costumes & Accessories,Transactional
2147,Cute halloween hat for cosplay,Accessories,Costumes & Accessories,Transactional
2148,Cute halloween prosthetics kit,Accessories,Costumes & Accessories,Transactional
2149,Cute halloween wig usa shipping,Accessories,Costumes & Accessories,Transactional
2150,Cute witch fingerless gloves online,Accessories,Costumes & Accessories,Transactional
2151,Cute zombie makeup kit ideas,Accessories,Costumes & Accessories,Transactional
2152,Discount grim reaper scythe prop usa,Accessories,Costumes & Accessories,Transactional
2153,Discount halloween cape adult,Accessories,Costumes & Accessories,Transactional
2154,Discount halloween contact lenses ideas,Accessories,Costumes & Accessories,Transactional
2155,Discount halloween eye patch for cosplay,Accessories,Costumes & Accessories,Transactional
2156,Discount halloween makeup kit with fast shipping,Accessories,Costumes & Accessories,Transactional
2157,Discount halloween mask for sale,Accessories,Costumes & Accessories,Transactional
2158,Discount halloween prosthetics online,Accessories,Costumes & Accessories,Transactional
2159,Discount halloween temporary tattoos ideas,Accessories,Costumes & Accessories,Transactional
2160,Discount halloween wig near me,Accessories,Costumes & Accessories,Transactional
2161,Discount latex halloween mask online,Accessories,Costumes & Accessories,Transactional
2162,Discount pirate eye patch set for halloween party,Accessories,Costumes & Accessories,Transactional
2163,Discount vampire fangs near me,Accessories,Costumes & Accessories,Transactional
2164,Discount witch hat for halloween party,Accessories,Costumes & Accessories,Transactional
2165,Discount zombie makeup kit usa shipping,Accessories,Costumes & Accessories,Transactional
2166,Diy halloween cape delivered to your door,Accessories,Costumes & Accessories,Transactional
2167,Diy halloween gloves usa shipping,Accessories,Costumes & Accessories,Transactional
2168,Diy halloween prosthetics near me,Accessories,Costumes & Accessories,Transactional
2169,Diy pirate eye patch set near me,Accessories,Costumes & Accessories,Transactional
2170,Diy skull mask for cosplay,Accessories,Costumes & Accessories,Transactional
2171,Diy witch hat kit,Accessories,Costumes & Accessories,Transactional
2172,Diy witch hat near me,Accessories,Costumes & Accessories,Transactional
2173,Diy witch hat online,Accessories,Costumes & Accessories,Transactional
2174,Diy zombie makeup kit pack,Accessories,Costumes & Accessories,Transactional
2175,Dog black wig near me,Accessories,Costumes & Accessories,Transactional
2176,Dog fake blood near me,Accessories,Costumes & Accessories,Transactional
2177,Dog glow sticks for halloween near me,Accessories,Costumes & Accessories,Transactional
2178,Dog grim reaper scythe prop online,Accessories,Costumes & Accessories,Transactional
2179,Dog halloween accessories kit near me,Accessories,Costumes & Accessories,Transactional
2180,Dog halloween body paint for cosplay,Accessories,Costumes & Accessories,Transactional
2181,Dog halloween fangs 2026,Accessories,Costumes & Accessories,Transactional
2182,Dog halloween fangs online,Accessories,Costumes & Accessories,Transactional
2183,Dog halloween tights in bulk,Accessories,Costumes & Accessories,Transactional
2184,Dog halloween tights kit,Accessories,Costumes & Accessories,Transactional
2185,Dog halloween tights online,Accessories,Costumes & Accessories,Transactional
2186,Dog scar wax kit 2026,Accessories,Costumes & Accessories,Transactional
2187,Dog sfx makeup for halloween near me,Accessories,Costumes & Accessories,Transactional
2188,Dog skull mask delivered to your door,Accessories,Costumes & Accessories,Transactional
2189,Dog skull mask near me,Accessories,Costumes & Accessories,Transactional
2190,Dog spider headband kit,Accessories,Costumes & Accessories,Transactional
2191,Dog spider headband near me,Accessories,Costumes & Accessories,Transactional
2192,Dog vampire fangs set,Accessories,Costumes & Accessories,Transactional
2193,Dog witch hat near me,Accessories,Costumes & Accessories,Transactional
2194,Easy halloween cape for cosplay,Accessories,Costumes & Accessories,Transactional
2195,Easy halloween contact lenses for sale,Accessories,Costumes & Accessories,Transactional
2196,Easy halloween eye patch set,Accessories,Costumes & Accessories,Transactional
2197,Easy halloween face paint ideas,Accessories,Costumes & Accessories,Transactional
2198,Easy halloween hat near me,Accessories,Costumes & Accessories,Transactional
2199,Easy halloween mask near me,Accessories,Costumes & Accessories,Transactional
2200,Easy halloween mask pack,Accessories,Costumes & Accessories,Transactional
2201,Easy halloween prosthetics pack,Accessories,Costumes & Accessories,Transactional
2202,Easy vampire fangs,Accessories,Costumes & Accessories,Transactional
2203,Easy vampire fangs usa shipping,Accessories,Costumes & Accessories,Transactional
2204,Easy witch hat pack,Accessories,Costumes & Accessories,Transactional
2205,Easy zombie makeup kit pack,Accessories,Costumes & Accessories,Transactional
2206,Fake blood usa shipping,Accessories,Costumes & Accessories,Transactional
2207,Family halloween body paint,Accessories,Costumes & Accessories,Transactional
2208,Family halloween body paint delivered to your door,Accessories,Costumes & Accessories,Transactional
2209,Family halloween cape adult usa shipping,Accessories,Costumes & Accessories,Transactional
2210,Family halloween contact lenses for cosplay,Accessories,Costumes & Accessories,Transactional
2211,Family halloween contact lenses online,Accessories,Costumes & Accessories,Transactional
2212,Family halloween hat usa,Accessories,Costumes & Accessories,Transactional
2213,Family halloween temporary tattoos ideas,Accessories,Costumes & Accessories,Transactional
2214,Family latex halloween mask ideas,Accessories,Costumes & Accessories,Transactional
2215,Family latex halloween mask set,Accessories,Costumes & Accessories,Transactional
2216,Family pirate eye patch set for cosplay,Accessories,Costumes & Accessories,Transactional
2217,Family skull mask usa shipping,Accessories,Costumes & Accessories,Transactional
2218,Family spider headband,Accessories,Costumes & Accessories,Transactional
2219,Family vampire fangs for sale,Accessories,Costumes & Accessories,Transactional
2220,Family vampire fangs pack,Accessories,Costumes & Accessories,Transactional
2221,Family werewolf ears headband for sale,Accessories,Costumes & Accessories,Transactional
2222,Family werewolf ears headband near me,Accessories,Costumes & Accessories,Transactional
2223,Funny fake blood with free shipping,Accessories,Costumes & Accessories,Transactional
2224,Funny grim reaper scythe prop kit,Accessories,Costumes & Accessories,Transactional
2225,Funny halloween contact lenses 2026,Accessories,Costumes & Accessories,Transactional
2226,Funny halloween eye patch delivered to your door,Accessories,Costumes & Accessories,Transactional
2227,Funny halloween hat usa,Accessories,Costumes & Accessories,Transactional
2228,Funny halloween wig for cosplay,Accessories,Costumes & Accessories,Transactional
2229,Funny pirate eye patch set usa,Accessories,Costumes & Accessories,Transactional
2230,Funny pirate eye patch set usa shipping,Accessories,Costumes & Accessories,Transactional
2231,Funny scar wax kit for halloween party,Accessories,Costumes & Accessories,Transactional
2232,Funny witch hat online,Accessories,Costumes & Accessories,Transactional
2233,Get fake blood with free shipping,Accessories,Costumes & Accessories,Transactional
2234,Get glow sticks for halloween delivered to your door,Accessories,Costumes & Accessories,Transactional
2235,Get glow sticks for halloween online,Accessories,Costumes & Accessories,Transactional
2236,Get grim reaper scythe prop 2026,Accessories,Costumes & Accessories,Transactional
2237,Get grim reaper scythe prop for halloween party,Accessories,Costumes & Accessories,Transactional
2238,Get halloween accessories kit in bulk,Accessories,Costumes & Accessories,Transactional
2239,Get halloween contact lenses in bulk,Accessories,Costumes & Accessories,Transactional
2240,Get halloween fangs ideas,Accessories,Costumes & Accessories,Transactional
2241,Get halloween hat 2026,Accessories,Costumes & Accessories,Transactional
2242,Get halloween hat for sale,Accessories,Costumes & Accessories,Transactional
2243,Get halloween mask 2026,Accessories,Costumes & Accessories,Transactional
2244,Get halloween prosthetics in bulk,Accessories,Costumes & Accessories,Transactional
2245,Get halloween tights,Accessories,Costumes & Accessories,Transactional
2246,Get sfx makeup for halloween with free shipping,Accessories,Costumes & Accessories,Transactional
2247,Get skull mask pack,Accessories,Costumes & Accessories,Transactional
2248,Get skull mask with free shipping,Accessories,Costumes & Accessories,Transactional
2249,Get spider headband,Accessories,Costumes & Accessories,Transactional
2250,Glow in the dark fairy wings with fast shipping,Accessories,Costumes & Accessories,Transactional
2251,Glow in the dark grim reaper scythe prop pack,Accessories,Costumes & Accessories,Transactional
2252,Glow in the dark halloween cape online,Accessories,Costumes & Accessories,Transactional
2253,Glow in the dark halloween hat kit,Accessories,Costumes & Accessories,Transactional
2254,Glow in the dark halloween makeup kit delivered to your door,Accessories,Costumes & Accessories,Transactional
2255,Glow in the dark halloween mask for sale,Accessories,Costumes & Accessories,Transactional
2256,Glow in the dark halloween mask kit,Accessories,Costumes & Accessories,Transactional
2257,Glow in the dark halloween wig for cosplay,Accessories,Costumes & Accessories,Transactional
2258,Glow in the dark witch hat near me,Accessories,Costumes & Accessories,Transactional
2259,Glow in the dark zombie makeup kit ideas,Accessories,Costumes & Accessories,Transactional
2260,Glow sticks for halloween pack,Accessories,Costumes & Accessories,Transactional
2261,Group halloween eye patch online,Accessories,Costumes & Accessories,Transactional
2262,Group halloween fangs 2026,Accessories,Costumes & Accessories,Transactional
2263,Group halloween prosthetics 2026,Accessories,Costumes & Accessories,Transactional
2264,Group halloween tights ideas,Accessories,Costumes & Accessories,Transactional
2265,Group latex halloween mask pack,Accessories,Costumes & Accessories,Transactional
2266,Group scar wax kit,Accessories,Costumes & Accessories,Transactional
2267,Group scar wax kit near me,Accessories,Costumes & Accessories,Transactional
2268,Group spider headband,Accessories,Costumes & Accessories,Transactional
2269,Group spider headband online,Accessories,Costumes & Accessories,Transactional
2270,Group vampire fangs,Accessories,Costumes & Accessories,Transactional
2271,Halloween eye patch,Accessories,Costumes & Accessories,Transactional
2272,Halloween gloves 2026,Accessories,Costumes & Accessories,Transactional
2273,Halloween gloves ideas,Accessories,Costumes & Accessories,Transactional
2274,Halloween gloves pack,Accessories,Costumes & Accessories,Transactional
2275,Halloween gloves set,Accessories,Costumes & Accessories,Transactional
2276,Halloween mask for cosplay,Accessories,Costumes & Accessories,Transactional
2277,Halloween prosthetics 2026,Accessories,Costumes & Accessories,Transactional
2278,Homemade grim reaper scythe prop 2026,Accessories,Costumes & Accessories,Transactional
2279,Homemade halloween accessories kit near me,Accessories,Costumes & Accessories,Transactional
2280,Homemade halloween body paint with free shipping,Accessories,Costumes & Accessories,Transactional
2281,Homemade halloween cape adult,Accessories,Costumes & Accessories,Transactional
2282,Homemade halloween contact lenses near me,Accessories,Costumes & Accessories,Transactional
2283,Homemade halloween contact lenses pack,Accessories,Costumes & Accessories,Transactional
2284,Homemade halloween face paint near me,Accessories,Costumes & Accessories,Transactional
2285,Homemade halloween face paint with free shipping,Accessories,Costumes & Accessories,Transactional
2286,Homemade halloween gloves kit,Accessories,Costumes & Accessories,Transactional
2287,Homemade halloween makeup kit set,Accessories,Costumes & Accessories,Transactional
2288,Homemade halloween prosthetics online,Accessories,Costumes & Accessories,Transactional
2289,Homemade halloween tights,Accessories,Costumes & Accessories,Transactional
2290,Homemade scar wax kit usa,Accessories,Costumes & Accessories,Transactional
2291,Kids black wig for sale,Accessories,Costumes & Accessories,Transactional
2292,Kids black wig ideas,Accessories,Costumes & Accessories,Transactional
2293,Kids black wig with fast shipping,Accessories,Costumes & Accessories,Transactional
2294,Kids fairy wings set,Accessories,Costumes & Accessories,Transactional
2295,Kids fake blood for sale,Accessories,Costumes & Accessories,Transactional
2296,Kids fake blood usa shipping,Accessories,Costumes & Accessories,Transactional
2297,Kids halloween accessories kit for sale,Accessories,Costumes & Accessories,Transactional
2298,Kids halloween cape for cosplay,Accessories,Costumes & Accessories,Transactional
2299,Kids halloween cape near me,Accessories,Costumes & Accessories,Transactional
2300,Kids halloween contact lenses near me,Accessories,Costumes & Accessories,Transactional
2301,Kids halloween fangs 2026,Accessories,Costumes & Accessories,Transactional
2302,Kids halloween makeup kit online,Accessories,Costumes & Accessories,Transactional
2303,Kids halloween mask online,Accessories,Costumes & Accessories,Transactional
2304,Kids halloween temporary tattoos delivered to your door,Accessories,Costumes & Accessories,Transactional
2305,Kids halloween temporary tattoos for cosplay,Accessories,Costumes & Accessories,Transactional
2306,Kids pirate eye patch set for cosplay,Accessories,Costumes & Accessories,Transactional
2307,Kids scar wax kit near me,Accessories,Costumes & Accessories,Transactional
2308,Kids skull mask delivered to your door,Accessories,Costumes & Accessories,Transactional
2309,Kids skull mask usa,Accessories,Costumes & Accessories,Transactional
2310,Kids spider headband,Accessories,Costumes & Accessories,Transactional
2311,Kids vampire fangs pack,Accessories,Costumes & Accessories,Transactional
2312,Latex halloween mask kit,Accessories,Costumes & Accessories,Transactional
2313,Men's glow sticks for halloween online,Accessories,Costumes & Accessories,Transactional
2314,Men's grim reaper scythe prop set,Accessories,Costumes & Accessories,Transactional
2315,Men's halloween cape adult pack,Accessories,Costumes & Accessories,Transactional
2316,Men's halloween contact lenses near me,Accessories,Costumes & Accessories,Transactional
2317,Men's halloween eye patch in bulk,Accessories,Costumes & Accessories,Transactional
2318,Men's halloween mask near me,Accessories,Costumes & Accessories,Transactional
2319,Men's halloween tights near me,Accessories,Costumes & Accessories,Transactional
2320,Men's halloween wig set,Accessories,Costumes & Accessories,Transactional
2321,Men's pirate eye patch set for sale,Accessories,Costumes & Accessories,Transactional
2322,Order black wig ideas,Accessories,Costumes & Accessories,Transactional
2323,Order fairy wings for halloween party,Accessories,Costumes & Accessories,Transactional
2324,Order fake blood online,Accessories,Costumes & Accessories,Transactional
2325,Order grim reaper scythe prop usa shipping,Accessories,Costumes & Accessories,Transactional
2326,Order halloween accessories kit near me,Accessories,Costumes & Accessories,Transactional
2327,Order halloween eye patch delivered to your door,Accessories,Costumes & Accessories,Transactional
2328,Order halloween fangs ideas,Accessories,Costumes & Accessories,Transactional
2329,Order halloween mask near me,Accessories,Costumes & Accessories,Transactional
2330,Order halloween temporary tattoos for sale,Accessories,Costumes & Accessories,Transactional
2331,Order halloween temporary tattoos in bulk,Accessories,Costumes & Accessories,Transactional
2332,Order pirate eye patch set kit,Accessories,Costumes & Accessories,Transactional
2333,Order skull mask ideas,Accessories,Costumes & Accessories,Transactional
2334,Order werewolf ears headband 2026,Accessories,Costumes & Accessories,Transactional
2335,Order witch fingerless gloves ideas,Accessories,Costumes & Accessories,Transactional
2336,Order witch hat in bulk,Accessories,Costumes & Accessories,Transactional
2337,Pet fairy wings near me,Accessories,Costumes & Accessories,Transactional
2338,Pet halloween cape adult delivered to your door,Accessories,Costumes & Accessories,Transactional
2339,Pet halloween cape near me,Accessories,Costumes & Accessories,Transactional
2340,Pet halloween gloves for sale,Accessories,Costumes & Accessories,Transactional
2341,Pet halloween hat near me,Accessories,Costumes & Accessories,Transactional
2342,Pet halloween hat online,Accessories,Costumes & Accessories,Transactional
2343,Pet halloween tights with free shipping,Accessories,Costumes & Accessories,Transactional
2344,Pet pirate eye patch set online,Accessories,Costumes & Accessories,Transactional
2345,Pet scar wax kit 2026,Accessories,Costumes & Accessories,Transactional
2346,Pet spider headband online,Accessories,Costumes & Accessories,Transactional
2347,Pet werewolf ears headband usa,Accessories,Costumes & Accessories,Transactional
2348,Pirate eye patch set near me,Accessories,Costumes & Accessories,Transactional
2349,Plus size fairy wings usa shipping,Accessories,Costumes & Accessories,Transactional
2350,Plus size halloween accessories kit for sale,Accessories,Costumes & Accessories,Transactional
2351,Plus size halloween gloves for cosplay,Accessories,Costumes & Accessories,Transactional
2352,Plus size halloween gloves online,Accessories,Costumes & Accessories,Transactional
2353,Plus size halloween gloves pack,Accessories,Costumes & Accessories,Transactional
2354,Plus size halloween prosthetics 2026,Accessories,Costumes & Accessories,Transactional
2355,Plus size halloween temporary tattoos with fast shipping,Accessories,Costumes & Accessories,Transactional
2356,Plus size halloween tights 2026,Accessories,Costumes & Accessories,Transactional
2357,Plus size halloween tights usa shipping,Accessories,Costumes & Accessories,Transactional
2358,Plus size halloween wig near me,Accessories,Costumes & Accessories,Transactional
2359,Plus size scar wax kit for sale,Accessories,Costumes & Accessories,Transactional
2360,Plus size sfx makeup for halloween ideas,Accessories,Costumes & Accessories,Transactional
2361,Plus size spider headband near me,Accessories,Costumes & Accessories,Transactional
2362,Plus size spider headband with free shipping,Accessories,Costumes & Accessories,Transactional
2363,Plus size werewolf ears headband in bulk,Accessories,Costumes & Accessories,Transactional
2364,Plus size witch fingerless gloves online,Accessories,Costumes & Accessories,Transactional
2365,Premium fairy wings online,Accessories,Costumes & Accessories,Transactional
2366,Premium halloween cape delivered to your door,Accessories,Costumes & Accessories,Transactional
2367,Premium halloween face paint for sale,Accessories,Costumes & Accessories,Transactional
2368,Premium halloween fangs kit,Accessories,Costumes & Accessories,Transactional
2369,Premium halloween fangs pack,Accessories,Costumes & Accessories,Transactional
2370,Premium halloween prosthetics,Accessories,Costumes & Accessories,Transactional
2371,Premium halloween tights for cosplay,Accessories,Costumes & Accessories,Transactional
2372,Premium halloween tights ideas,Accessories,Costumes & Accessories,Transactional
2373,Premium skull mask delivered to your door,Accessories,Costumes & Accessories,Transactional
2374,Premium skull mask near me,Accessories,Costumes & Accessories,Transactional
2375,Premium spider headband usa shipping,Accessories,Costumes & Accessories,Transactional
2376,Premium vampire fangs for sale,Accessories,Costumes & Accessories,Transactional
2377,Premium witch fingerless gloves 2026,Accessories,Costumes & Accessories,Transactional
2378,Premium witch hat online,Accessories,Costumes & Accessories,Transactional
2379,Quality grim reaper scythe prop with fast shipping,Accessories,Costumes & Accessories,Transactional
2380,Quality halloween eye patch ideas,Accessories,Costumes & Accessories,Transactional
2381,Quality halloween eye patch near me,Accessories,Costumes & Accessories,Transactional
2382,Quality halloween face paint ideas,Accessories,Costumes & Accessories,Transactional
2383,Quality halloween makeup kit near me,Accessories,Costumes & Accessories,Transactional
2384,Quality halloween makeup kit with free shipping,Accessories,Costumes & Accessories,Transactional
2385,Quality halloween tights for sale,Accessories,Costumes & Accessories,Transactional
2386,Quality scar wax kit for halloween party,Accessories,Costumes & Accessories,Transactional
2387,Quality werewolf ears headband for cosplay,Accessories,Costumes & Accessories,Transactional
2388,Quality witch fingerless gloves kit,Accessories,Costumes & Accessories,Transactional
2389,Quality zombie makeup kit for sale,Accessories,Costumes & Accessories,Transactional
2390,Scar wax kit near me,Accessories,Costumes & Accessories,Transactional
2391,Scary fairy wings kit,Accessories,Costumes & Accessories,Transactional
2392,Scary halloween accessories kit in bulk,Accessories,Costumes & Accessories,Transactional
2393,Scary halloween cape adult for sale,Accessories,Costumes & Accessories,Transactional
2394,Scary halloween gloves with fast shipping,Accessories,Costumes & Accessories,Transactional
2395,Scary halloween hat delivered to your door,Accessories,Costumes & Accessories,Transactional
2396,Scary halloween tights in bulk,Accessories,Costumes & Accessories,Transactional
2397,Scary latex halloween mask 2026,Accessories,Costumes & Accessories,Transactional
2398,Scary latex halloween mask ideas,Accessories,Costumes & Accessories,Transactional
2399,Scary scar wax kit near me,Accessories,Costumes & Accessories,Transactional
2400,Scary vampire fangs for halloween party,Accessories,Costumes & Accessories,Transactional
2401,Scary witch fingerless gloves near me,Accessories,Costumes & Accessories,Transactional
2402,Scary witch fingerless gloves pack,Accessories,Costumes & Accessories,Transactional
2403,Sfx makeup for halloween usa,Accessories,Costumes & Accessories,Transactional
2404,Shop for halloween accessories kit in bulk,Accessories,Costumes & Accessories,Transactional
2405,Shop for halloween face paint near me,Accessories,Costumes & Accessories,Transactional
2406,Shop for vampire fangs delivered to your door,Accessories,Costumes & Accessories,Transactional
2407,Shop for vampire fangs usa shipping,Accessories,Costumes & Accessories,Transactional
2408,Shop for werewolf ears headband set,Accessories,Costumes & Accessories,Transactional
2409,Shop for witch fingerless gloves,Accessories,Costumes & Accessories,Transactional
2410,Shop for witch fingerless gloves online,Accessories,Costumes & Accessories,Transactional
2411,Shop halloween contact lenses,Accessories,Costumes & Accessories,Transactional
2412,Shop halloween contact lenses near me,Accessories,Costumes & Accessories,Transactional
2413,Shop halloween contact lenses with fast shipping,Accessories,Costumes & Accessories,Transactional
2414,Shop halloween face paint for cosplay,Accessories,Costumes & Accessories,Transactional
2415,Shop halloween fangs for sale,Accessories,Costumes & Accessories,Transactional
2416,Shop halloween mask for sale,Accessories,Costumes & Accessories,Transactional
2417,Shop halloween mask pack,Accessories,Costumes & Accessories,Transactional
2418,Shop halloween wig,Accessories,Costumes & Accessories,Transactional
2419,Shop halloween wig near me,Accessories,Costumes & Accessories,Transactional
2420,Shop latex halloween mask with free shipping,Accessories,Costumes & Accessories,Transactional
2421,Shop sfx makeup for halloween near me,Accessories,Costumes & Accessories,Transactional
2422,Shop spider headband 2026,Accessories,Costumes & Accessories,Transactional
2423,Shop spider headband for sale,Accessories,Costumes & Accessories,Transactional
2424,Shop spider headband near me,Accessories,Costumes & Accessories,Transactional
2425,Shop vampire fangs near me,Accessories,Costumes & Accessories,Transactional
2426,Spooky black wig online,Accessories,Costumes & Accessories,Transactional
2427,Spooky fairy wings with fast shipping,Accessories,Costumes & Accessories,Transactional
2428,Spooky fake blood for sale,Accessories,Costumes & Accessories,Transactional
2429,Spooky grim reaper scythe prop,Accessories,Costumes & Accessories,Transactional
2430,Spooky halloween body paint for cosplay,Accessories,Costumes & Accessories,Transactional
2431,Spooky halloween body paint near me,Accessories,Costumes & Accessories,Transactional
2432,Spooky halloween cape adult for sale,Accessories,Costumes & Accessories,Transactional
2433,Spooky halloween face paint set,Accessories,Costumes & Accessories,Transactional
2434,Spooky halloween fangs pack,Accessories,Costumes & Accessories,Transactional
2435,Spooky halloween hat in bulk,Accessories,Costumes & Accessories,Transactional
2436,Spooky halloween prosthetics,Accessories,Costumes & Accessories,Transactional
2437,Spooky pirate eye patch set online,Accessories,Costumes & Accessories,Transactional
2438,Spooky skull mask pack,Accessories,Costumes & Accessories,Transactional
2439,Spooky spider headband in bulk,Accessories,Costumes & Accessories,Transactional
2440,Spooky vampire fangs near me,Accessories,Costumes & Accessories,Transactional
2441,Spooky witch fingerless gloves,Accessories,Costumes & Accessories,Transactional
2442,Teen black wig near me,Accessories,Costumes & Accessories,Transactional
2443,Teen fake blood online,Accessories,Costumes & Accessories,Transactional
2444,Teen glow sticks for halloween near me,Accessories,Costumes & Accessories,Transactional
2445,Teen grim reaper scythe prop online,Accessories,Costumes & Accessories,Transactional
2446,Teen halloween body paint for sale,Accessories,Costumes & Accessories,Transactional
2447,Teen halloween tights online,Accessories,Costumes & Accessories,Transactional
2448,Teen halloween tights with free shipping,Accessories,Costumes & Accessories,Transactional
2449,Teen pirate eye patch set for sale,Accessories,Costumes & Accessories,Transactional
2450,Teen pirate eye patch set kit,Accessories,Costumes & Accessories,Transactional
2451,Teen scar wax kit for halloween party,Accessories,Costumes & Accessories,Transactional
2452,Teen skull mask delivered to your door,Accessories,Costumes & Accessories,Transactional
2453,Teen witch hat with free shipping,Accessories,Costumes & Accessories,Transactional
2454,Toddler black wig in bulk,Accessories,Costumes & Accessories,Transactional
2455,Toddler fairy wings usa shipping,Accessories,Costumes & Accessories,Transactional
2456,Toddler fake blood with free shipping,Accessories,Costumes & Accessories,Transactional
2457,Toddler halloween cape online,Accessories,Costumes & Accessories,Transactional
2458,Toddler halloween cape with fast shipping,Accessories,Costumes & Accessories,Transactional
2459,Toddler halloween gloves usa,Accessories,Costumes & Accessories,Transactional
2460,Toddler halloween hat for cosplay,Accessories,Costumes & Accessories,Transactional
2461,Toddler halloween tights pack,Accessories,Costumes & Accessories,Transactional
2462,Toddler halloween wig usa shipping,Accessories,Costumes & Accessories,Transactional
2463,Toddler vampire fangs near me,Accessories,Costumes & Accessories,Transactional
2464,Toddler vampire fangs usa shipping,Accessories,Costumes & Accessories,Transactional
2465,Top grim reaper scythe prop delivered to your door,Accessories,Costumes & Accessories,Transactional
2466,Top halloween body paint near me,Accessories,Costumes & Accessories,Transactional
2467,Top halloween eye patch in bulk,Accessories,Costumes & Accessories,Transactional
2468,Top halloween hat online,Accessories,Costumes & Accessories,Transactional
2469,Top halloween prosthetics near me,Accessories,Costumes & Accessories,Transactional
2470,Top halloween prosthetics pack,Accessories,Costumes & Accessories,Transactional
2471,Top scar wax kit usa shipping,Accessories,Costumes & Accessories,Transactional
2472,Top sfx makeup for halloween delivered to your door,Accessories,Costumes & Accessories,Transactional
2473,Top sfx makeup for halloween usa shipping,Accessories,Costumes & Accessories,Transactional
2474,Top werewolf ears headband in bulk,Accessories,Costumes & Accessories,Transactional
2475,Top zombie makeup kit for sale,Accessories,Costumes & Accessories,Transactional
2476,Unique black wig for sale,Accessories,Costumes & Accessories,Transactional
2477,Unique black wig with fast shipping,Accessories,Costumes & Accessories,Transactional
2478,Unique fake blood kit,Accessories,Costumes & Accessories,Transactional
2479,Unique halloween cape adult with free shipping,Accessories,Costumes & Accessories,Transactional
2480,Unique halloween fangs kit,Accessories,Costumes & Accessories,Transactional
2481,Unique halloween fangs usa,Accessories,Costumes & Accessories,Transactional
2482,Unique halloween prosthetics pack,Accessories,Costumes & Accessories,Transactional
2483,Unique halloween prosthetics with free shipping,Accessories,Costumes & Accessories,Transactional
2484,Unique halloween tights in bulk,Accessories,Costumes & Accessories,Transactional
2485,Unique pirate eye patch set with free shipping,Accessories,Costumes & Accessories,Transactional
2486,Unique skull mask for sale,Accessories,Costumes & Accessories,Transactional
2487,Unique witch fingerless gloves with free shipping,Accessories,Costumes & Accessories,Transactional
2488,Unique zombie makeup kit for sale,Accessories,Costumes & Accessories,Transactional
2489,Unique zombie makeup kit usa,Accessories,Costumes & Accessories,Transactional
2490,Vampire fangs 2026,Accessories,Costumes & Accessories,Transactional
2491,Vampire fangs kit,Accessories,Costumes & Accessories,Transactional
2492,Vampire fangs pack,Accessories,Costumes & Accessories,Transactional
2493,Washable glow sticks for halloween,Accessories,Costumes & Accessories,Transactional
2494,Washable grim reaper scythe prop online,Accessories,Costumes & Accessories,Transactional
2495,Washable halloween body paint for cosplay,Accessories,Costumes & Accessories,Transactional
2496,Washable halloween contact lenses delivered to your door,Accessories,Costumes & Accessories,Transactional
2497,Washable halloween contact lenses kit,Accessories,Costumes & Accessories,Transactional
2498,Washable halloween face paint with fast shipping,Accessories,Costumes & Accessories,Transactional
2499,Washable halloween hat for sale,Accessories,Costumes & Accessories,Transactional
2500,Washable halloween hat with fast shipping,Accessories,Costumes & Accessories,Transactional
2501,Washable halloween temporary tattoos set,Accessories,Costumes & Accessories,Transactional
2502,Washable pirate eye patch set kit,Accessories,Costumes & Accessories,Transactional
2503,Washable spider headband,Accessories,Costumes & Accessories,Transactional
2504,Washable spider headband online,Accessories,Costumes & Accessories,Transactional
2505,Washable vampire fangs usa,Accessories,Costumes & Accessories,Transactional
2506,Washable zombie makeup kit for cosplay,Accessories,Costumes & Accessories,Transactional
2507,Washable zombie makeup kit usa,Accessories,Costumes & Accessories,Transactional
2508,Witch fingerless gloves with fast shipping,Accessories,Costumes & Accessories,Transactional
2509,Women's glow sticks for halloween near me,Accessories,Costumes & Accessories,Transactional
2510,Women's glow sticks for halloween set,Accessories,Costumes & Accessories,Transactional
2511,Women's grim reaper scythe prop for halloween party,Accessories,Costumes & Accessories,Transactional
2512,Women's halloween accessories kit delivered to your door,Accessories,Costumes & Accessories,Transactional
2513,Women's halloween accessories kit with fast shipping,Accessories,Costumes & Accessories,Transactional
2514,Women's halloween body paint,Accessories,Costumes & Accessories,Transactional
2515,Women's halloween body paint in bulk,Accessories,Costumes & Accessories,Transactional
2516,Women's halloween cape adult kit,Accessories,Costumes & Accessories,Transactional
2517,Women's halloween cape adult set,Accessories,Costumes & Accessories,Transactional
2518,Women's halloween cape ideas,Accessories,Costumes & Accessories,Transactional
2519,Women's halloween fangs usa,Accessories,Costumes & Accessories,Transactional
2520,Women's halloween prosthetics online,Accessories,Costumes & Accessories,Transactional
2521,Women's latex halloween mask online,Accessories,Costumes & Accessories,Transactional
2522,Women's latex halloween mask with fast shipping,Accessories,Costumes & Accessories,Transactional
2523,Women's pirate eye patch set kit,Accessories,Costumes & Accessories,Transactional
2524,Women's scar wax kit for sale,Accessories,Costumes & Accessories,Transactional
2525,Women's sfx makeup for halloween near me,Accessories,Costumes & Accessories,Transactional
2526,Women's skull mask for cosplay,Accessories,Costumes & Accessories,Transactional
2527,Women's spider headband for sale,Accessories,Costumes & Accessories,Transactional
2528,Women's werewolf ears headband delivered to your door,Accessories,Costumes & Accessories,Transactional
2529,Women's witch fingerless gloves near me,Accessories,Costumes & Accessories,Transactional
2530,Women's witch fingerless gloves online,Accessories,Costumes & Accessories,Transactional
2531,Adult halloween candy bowl,Party Supplies,Party Supplies,Transactional
2532,Adult halloween candy bowl near me,Party Supplies,Party Supplies,Transactional
2533,Adult halloween favor boxes with fast shipping,Party Supplies,Party Supplies,Transactional
2534,Adult halloween napkins in bulk,Party Supplies,Party Supplies,Transactional
2535,Adult halloween napkins kit,Party Supplies,Party Supplies,Transactional
2536,Adult halloween paper plates online,Party Supplies,Party Supplies,Transactional
2537,Adult halloween party backdrop 2026,Party Supplies,Party Supplies,Transactional
2538,Adult halloween party backdrop near me,Party Supplies,Party Supplies,Transactional
2539,Adult halloween party supplies for adults pack of 20,Party Supplies,Party Supplies,Transactional
2540,Adult halloween party theme ideas,Party Supplies,Party Supplies,Transactional
2541,Adult halloween party theme usa delivery,Party Supplies,Party Supplies,Transactional
2542,Adult halloween photo booth props with fast shipping,Party Supplies,Party Supplies,Transactional
2543,Adult halloween photo booth props with free shipping,Party Supplies,Party Supplies,Transactional
2544,Adult halloween plates delivered to your door,Party Supplies,Party Supplies,Transactional
2545,Adult halloween serving tray usa delivery,Party Supplies,Party Supplies,Transactional
2546,Adult halloween tablecloth online,Party Supplies,Party Supplies,Transactional
2547,Adult halloween tableware in bulk,Party Supplies,Party Supplies,Transactional
2548,Adult halloween tableware near me,Party Supplies,Party Supplies,Transactional
2549,Adult office halloween party ideas for sale,Party Supplies,Party Supplies,Transactional
2550,Adult orange and black balloons for sale,Party Supplies,Party Supplies,Transactional
2551,Adult orange and black balloons online,Party Supplies,Party Supplies,Transactional
2552,Affordable halloween cupcake toppers with free shipping,Party Supplies,Party Supplies,Transactional
2553,Affordable halloween party checklist,Party Supplies,Party Supplies,Transactional
2554,Affordable halloween party favors for 20 guests,Party Supplies,Party Supplies,Transactional
2555,Affordable halloween party favors usa,Party Supplies,Party Supplies,Transactional
2556,Affordable halloween party games usa,Party Supplies,Party Supplies,Transactional
2557,Affordable halloween party ideas 2026,Party Supplies,Party Supplies,Transactional
2558,Affordable halloween party supplies for adults with free shipping,Party Supplies,Party Supplies,Transactional
2559,Affordable halloween party supplies near me,Party Supplies,Party Supplies,Transactional
2560,Affordable halloween tableware kit,Party Supplies,Party Supplies,Transactional
2561,Affordable office halloween party ideas for sale,Party Supplies,Party Supplies,Transactional
2562,Baby black lace table runner usa,Party Supplies,Party Supplies,Transactional
2563,Baby creepy cloth table skirt near me,Party Supplies,Party Supplies,Transactional
2564,Baby halloween candy bowl delivered to your door,Party Supplies,Party Supplies,Transactional
2565,Baby halloween cupcake toppers pack,Party Supplies,Party Supplies,Transactional
2566,Baby halloween napkins with free shipping,Party Supplies,Party Supplies,Transactional
2567,Baby halloween party checklist with fast shipping,Party Supplies,Party Supplies,Transactional
2568,Baby halloween party ideas pack of 20,Party Supplies,Party Supplies,Transactional
2569,Baby halloween party ideas with free shipping,Party Supplies,Party Supplies,Transactional
2570,Baby halloween party supplies for adults ideas,Party Supplies,Party Supplies,Transactional
2571,Baby halloween photo booth kit pack of 20,Party Supplies,Party Supplies,Transactional
2572,Baby halloween tableware set,Party Supplies,Party Supplies,Transactional
2573,Baby office halloween party ideas online,Party Supplies,Party Supplies,Transactional
2574,Baby orange and black balloons with free shipping,Party Supplies,Party Supplies,Transactional
2575,Best creepy cloth table skirt for 20 guests,Party Supplies,Party Supplies,Transactional
2576,Best halloween cupcake toppers for 20 guests,Party Supplies,Party Supplies,Transactional
2577,Best halloween cupcake toppers online,Party Supplies,Party Supplies,Transactional
2578,Best halloween cups pack,Party Supplies,Party Supplies,Transactional
2579,Best halloween napkins,Party Supplies,Party Supplies,Transactional
2580,Best halloween paper plates near me,Party Supplies,Party Supplies,Transactional
2581,Best halloween party favors,Party Supplies,Party Supplies,Transactional
2582,Best halloween party theme in bulk,Party Supplies,Party Supplies,Transactional
2583,Best halloween photo booth kit pack,Party Supplies,Party Supplies,Transactional
2584,Budget creepy cloth table skirt near me,Party Supplies,Party Supplies,Transactional
2585,Budget halloween candy bowl set,Party Supplies,Party Supplies,Transactional
2586,Budget halloween cupcake toppers pack of 20,Party Supplies,Party Supplies,Transactional
2587,Budget halloween cupcake toppers set,Party Supplies,Party Supplies,Transactional
2588,Budget halloween cups ideas,Party Supplies,Party Supplies,Transactional
2589,Budget halloween favor boxes near me,Party Supplies,Party Supplies,Transactional
2590,Budget halloween party backdrop online,Party Supplies,Party Supplies,Transactional
2591,Budget halloween party decorations pack of 20,Party Supplies,Party Supplies,Transactional
2592,Budget halloween party games with fast shipping,Party Supplies,Party Supplies,Transactional
2593,Budget halloween party supplies for kids pack,Party Supplies,Party Supplies,Transactional
2594,Budget halloween party theme pack of 20,Party Supplies,Party Supplies,Transactional
2595,Budget halloween plates for sale,Party Supplies,Party Supplies,Transactional
2596,Budget halloween plates ideas,Party Supplies,Party Supplies,Transactional
2597,Budget halloween tablecloth in bulk,Party Supplies,Party Supplies,Transactional
2598,Budget office halloween party ideas usa,Party Supplies,Party Supplies,Transactional
2599,Budget orange and black balloons usa,Party Supplies,Party Supplies,Transactional
2600,Buy black lace table runner 2026,Party Supplies,Party Supplies,Transactional
2601,Buy halloween birthday party supplies for 20 guests,Party Supplies,Party Supplies,Transactional
2602,Buy halloween candy bowl 2026,Party Supplies,Party Supplies,Transactional
2603,Buy halloween candy bowl with fast shipping,Party Supplies,Party Supplies,Transactional
2604,Buy halloween cupcake toppers 2026,Party Supplies,Party Supplies,Transactional
2605,Buy halloween favor boxes online,Party Supplies,Party Supplies,Transactional
2606,Buy halloween napkins near me,Party Supplies,Party Supplies,Transactional
2607,Buy halloween party favors near me,Party Supplies,Party Supplies,Transactional
2608,Buy halloween party games in bulk,Party Supplies,Party Supplies,Transactional
2609,Buy halloween party games with free shipping,Party Supplies,Party Supplies,Transactional
2610,Buy halloween party supplies for adults pack of 20,Party Supplies,Party Supplies,Transactional
2611,Buy halloween party supplies set,Party Supplies,Party Supplies,Transactional
2612,Buy halloween party theme in bulk,Party Supplies,Party Supplies,Transactional
2613,Buy halloween photo booth kit near me,Party Supplies,Party Supplies,Transactional
2614,Buy halloween photo booth props 2026,Party Supplies,Party Supplies,Transactional
2615,Buy halloween tablecloth with fast shipping,Party Supplies,Party Supplies,Transactional
2616,Cheap halloween birthday party supplies,Party Supplies,Party Supplies,Transactional
2617,Cheap halloween candy bowl online,Party Supplies,Party Supplies,Transactional
2618,Cheap halloween candy bowl pack,Party Supplies,Party Supplies,Transactional
2619,Cheap halloween napkins kit,Party Supplies,Party Supplies,Transactional
2620,Cheap halloween paper plates pack,Party Supplies,Party Supplies,Transactional
2621,Cheap halloween party supplies for adults usa delivery,Party Supplies,Party Supplies,Transactional
2622,Cheap halloween party supplies online,Party Supplies,Party Supplies,Transactional
2623,Cheap halloween photo booth kit 2026,Party Supplies,Party Supplies,Transactional
2624,Cheap halloween photo booth kit online,Party Supplies,Party Supplies,Transactional
2625,Cheap halloween photo booth props in bulk,Party Supplies,Party Supplies,Transactional
2626,Cheap halloween tablecloth for sale,Party Supplies,Party Supplies,Transactional
2627,Cheap halloween tablecloth online,Party Supplies,Party Supplies,Transactional
2628,Classic black lace table runner with fast shipping,Party Supplies,Party Supplies,Transactional
2629,Classic halloween candy bowl,Party Supplies,Party Supplies,Transactional
2630,Classic halloween candy bowl kit,Party Supplies,Party Supplies,Transactional
2631,Classic halloween cupcake toppers set,Party Supplies,Party Supplies,Transactional
2632,Classic halloween favor boxes kit,Party Supplies,Party Supplies,Transactional
2633,Classic halloween invitations pack,Party Supplies,Party Supplies,Transactional
2634,Classic halloween paper plates,Party Supplies,Party Supplies,Transactional
2635,Classic halloween party decorations near me,Party Supplies,Party Supplies,Transactional
2636,Classic halloween party decorations usa,Party Supplies,Party Supplies,Transactional
2637,Classic halloween party decorations usa delivery,Party Supplies,Party Supplies,Transactional
2638,Classic halloween party supplies for adults usa,Party Supplies,Party Supplies,Transactional
2639,Classic halloween party supplies for sale,Party Supplies,Party Supplies,Transactional
2640,Classic halloween straws pack of 20,Party Supplies,Party Supplies,Transactional
2641,Classic orange and black balloons in bulk,Party Supplies,Party Supplies,Transactional
2642,Cool creepy cloth table skirt online,Party Supplies,Party Supplies,Transactional
2643,Cool halloween cupcake toppers online,Party Supplies,Party Supplies,Transactional
2644,Cool halloween cups usa delivery,Party Supplies,Party Supplies,Transactional
2645,Cool halloween favor boxes in bulk,Party Supplies,Party Supplies,Transactional
2646,Cool halloween party backdrop delivered to your door,Party Supplies,Party Supplies,Transactional
2647,Cool halloween party checklist usa,Party Supplies,Party Supplies,Transactional
2648,Cool halloween party favors pack of 20,Party Supplies,Party Supplies,Transactional
2649,Cool halloween party supplies in bulk,Party Supplies,Party Supplies,Transactional
2650,Cool halloween tableware kit,Party Supplies,Party Supplies,Transactional
2651,Cool office halloween party ideas set,Party Supplies,Party Supplies,Transactional
2652,Couples black lace table runner for sale,Party Supplies,Party Supplies,Transactional
2653,Couples halloween balloons 2026,Party Supplies,Party Supplies,Transactional
2654,Couples halloween cupcake toppers for 20 guests,Party Supplies,Party Supplies,Transactional
2655,Couples halloween cupcake toppers with fast shipping,Party Supplies,Party Supplies,Transactional
2656,Couples halloween cups online,Party Supplies,Party Supplies,Transactional
2657,Couples halloween favor boxes near me,Party Supplies,Party Supplies,Transactional
2658,Couples halloween napkins,Party Supplies,Party Supplies,Transactional
2659,Couples halloween napkins 2026,Party Supplies,Party Supplies,Transactional
2660,Couples halloween napkins kit,Party Supplies,Party Supplies,Transactional
2661,Couples halloween party backdrop near me,Party Supplies,Party Supplies,Transactional
2662,Couples halloween party decorations delivered to your door,Party Supplies,Party Supplies,Transactional
2663,Couples halloween party favors set,Party Supplies,Party Supplies,Transactional
2664,Couples halloween party supplies for adults in bulk,Party Supplies,Party Supplies,Transactional
2665,Couples halloween party supplies with free shipping,Party Supplies,Party Supplies,Transactional
2666,Couples halloween photo booth kit in bulk,Party Supplies,Party Supplies,Transactional
2667,Couples halloween photo booth kit near me,Party Supplies,Party Supplies,Transactional
2668,Couples halloween plates,Party Supplies,Party Supplies,Transactional
2669,Couples halloween plates kit,Party Supplies,Party Supplies,Transactional
2670,Couples halloween tablecloth near me,Party Supplies,Party Supplies,Transactional
2671,Couples orange and black balloons set,Party Supplies,Party Supplies,Transactional
2672,Creepy black lace table runner for sale,Party Supplies,Party Supplies,Transactional
2673,Creepy halloween balloons usa,Party Supplies,Party Supplies,Transactional
2674,Creepy halloween birthday party supplies for sale,Party Supplies,Party Supplies,Transactional
2675,Creepy halloween candy bowl online,Party Supplies,Party Supplies,Transactional
2676,Creepy halloween invitations for sale,Party Supplies,Party Supplies,Transactional
2677,Creepy halloween napkins near me,Party Supplies,Party Supplies,Transactional
2678,Creepy halloween party favors ideas,Party Supplies,Party Supplies,Transactional
2679,Creepy halloween party favors usa delivery,Party Supplies,Party Supplies,Transactional
2680,Creepy halloween party games for 20 guests,Party Supplies,Party Supplies,Transactional
2681,Creepy halloween party games for sale,Party Supplies,Party Supplies,Transactional
2682,Creepy halloween party ideas for 20 guests,Party Supplies,Party Supplies,Transactional
2683,Creepy halloween straws near me,Party Supplies,Party Supplies,Transactional
2684,Creepy halloween tablecloth 2026,Party Supplies,Party Supplies,Transactional
2685,Creepy halloween tablecloth online,Party Supplies,Party Supplies,Transactional
2686,Creepy halloween tableware pack,Party Supplies,Party Supplies,Transactional
2687,Creepy office halloween party ideas,Party Supplies,Party Supplies,Transactional
2688,Creepy office halloween party ideas in bulk,Party Supplies,Party Supplies,Transactional
2689,Creepy orange and black balloons for 20 guests,Party Supplies,Party Supplies,Transactional
2690,Cute halloween invitations pack,Party Supplies,Party Supplies,Transactional
2691,Cute halloween party decorations set,Party Supplies,Party Supplies,Transactional
2692,Cute halloween party favors near me,Party Supplies,Party Supplies,Transactional
2693,Cute halloween party games set,Party Supplies,Party Supplies,Transactional
2694,Cute halloween photo booth props for sale,Party Supplies,Party Supplies,Transactional
2695,Cute halloween straws near me,Party Supplies,Party Supplies,Transactional
2696,Cute halloween tablecloth for sale,Party Supplies,Party Supplies,Transactional
2697,Discount halloween invitations online,Party Supplies,Party Supplies,Transactional
2698,Discount halloween invitations pack,Party Supplies,Party Supplies,Transactional
2699,Discount halloween napkins pack of 20,Party Supplies,Party Supplies,Transactional
2700,Discount halloween party checklist delivered to your door,Party Supplies,Party Supplies,Transactional
2701,Discount halloween party games kit,Party Supplies,Party Supplies,Transactional
2702,Discount halloween party ideas pack,Party Supplies,Party Supplies,Transactional
2703,Discount halloween party supplies for adults pack of 20,Party Supplies,Party Supplies,Transactional
2704,Discount halloween party supplies for kids delivered to your door,Party Supplies,Party Supplies,Transactional
2705,Discount halloween party theme near me,Party Supplies,Party Supplies,Transactional
2706,Discount halloween party theme with fast shipping,Party Supplies,Party Supplies,Transactional
2707,Discount halloween photo booth kit 2026,Party Supplies,Party Supplies,Transactional
2708,Discount halloween photo booth kit for sale,Party Supplies,Party Supplies,Transactional
2709,Discount halloween plates delivered to your door,Party Supplies,Party Supplies,Transactional
2710,Discount office halloween party ideas for sale,Party Supplies,Party Supplies,Transactional
2711,Diy black lace table runner delivered to your door,Party Supplies,Party Supplies,Transactional
2712,Diy black lace table runner with free shipping,Party Supplies,Party Supplies,Transactional
2713,Diy creepy cloth table skirt 2026,Party Supplies,Party Supplies,Transactional
2714,Diy halloween party ideas for sale,Party Supplies,Party Supplies,Transactional
2715,Diy halloween party supplies delivered to your door,Party Supplies,Party Supplies,Transactional
2716,Diy halloween party supplies for adults kit,Party Supplies,Party Supplies,Transactional
2717,Diy halloween party supplies for kids near me,Party Supplies,Party Supplies,Transactional
2718,Diy halloween party supplies near me,Party Supplies,Party Supplies,Transactional
2719,Diy halloween party theme delivered to your door,Party Supplies,Party Supplies,Transactional
2720,Diy halloween photo booth kit near me,Party Supplies,Party Supplies,Transactional
2721,Diy halloween serving tray ideas,Party Supplies,Party Supplies,Transactional
2722,Diy halloween tablecloth set,Party Supplies,Party Supplies,Transactional
2723,Dog black lace table runner kit,Party Supplies,Party Supplies,Transactional
2724,Dog halloween balloons in bulk,Party Supplies,Party Supplies,Transactional
2725,Dog halloween balloons usa delivery,Party Supplies,Party Supplies,Transactional
2726,Dog halloween candy bowl pack of 20,Party Supplies,Party Supplies,Transactional
2727,Dog halloween favor boxes for sale,Party Supplies,Party Supplies,Transactional
2728,Dog halloween favor boxes pack of 20,Party Supplies,Party Supplies,Transactional
2729,Dog halloween favor boxes set,Party Supplies,Party Supplies,Transactional
2730,Dog halloween party games for sale,Party Supplies,Party Supplies,Transactional
2731,Dog halloween party games online,Party Supplies,Party Supplies,Transactional
2732,Dog halloween party supplies for kids usa,Party Supplies,Party Supplies,Transactional
2733,Dog halloween party supplies for kids with free shipping,Party Supplies,Party Supplies,Transactional
2734,Dog halloween party theme online,Party Supplies,Party Supplies,Transactional
2735,Easy creepy cloth table skirt delivered to your door,Party Supplies,Party Supplies,Transactional
2736,Easy halloween party backdrop near me,Party Supplies,Party Supplies,Transactional
2737,Easy halloween party decorations in bulk,Party Supplies,Party Supplies,Transactional
2738,Easy halloween party games near me,Party Supplies,Party Supplies,Transactional
2739,Easy halloween party games usa delivery,Party Supplies,Party Supplies,Transactional
2740,Easy halloween party supplies online,Party Supplies,Party Supplies,Transactional
2741,Easy halloween party theme for sale,Party Supplies,Party Supplies,Transactional
2742,Easy halloween photo booth kit usa,Party Supplies,Party Supplies,Transactional
2743,Easy halloween plates usa delivery,Party Supplies,Party Supplies,Transactional
2744,Easy halloween tablecloth pack,Party Supplies,Party Supplies,Transactional
2745,Elegant black lace table runner ideas,Party Supplies,Party Supplies,Transactional
2746,Elegant creepy cloth table skirt near me,Party Supplies,Party Supplies,Transactional
2747,Elegant halloween birthday party supplies delivered to your door,Party Supplies,Party Supplies,Transactional
2748,Elegant halloween invitations online,Party Supplies,Party Supplies,Transactional
2749,Elegant halloween napkins for sale,Party Supplies,Party Supplies,Transactional
2750,Elegant halloween paper plates with fast shipping,Party Supplies,Party Supplies,Transactional
2751,Elegant halloween party supplies delivered to your door,Party Supplies,Party Supplies,Transactional
2752,Elegant halloween party supplies for adults kit,Party Supplies,Party Supplies,Transactional
2753,Elegant halloween party supplies for kids near me,Party Supplies,Party Supplies,Transactional
2754,Elegant halloween party theme for sale,Party Supplies,Party Supplies,Transactional
2755,Elegant halloween photo booth props pack of 20,Party Supplies,Party Supplies,Transactional
2756,Elegant halloween photo booth props usa,Party Supplies,Party Supplies,Transactional
2757,Elegant halloween serving tray for 20 guests,Party Supplies,Party Supplies,Transactional
2758,Elegant halloween serving tray usa,Party Supplies,Party Supplies,Transactional
2759,Elegant office halloween party ideas 2026,Party Supplies,Party Supplies,Transactional
2760,Family halloween invitations for sale,Party Supplies,Party Supplies,Transactional
2761,Family halloween party games near me,Party Supplies,Party Supplies,Transactional
2762,Family halloween party supplies for kids set,Party Supplies,Party Supplies,Transactional
2763,Family halloween photo booth kit set,Party Supplies,Party Supplies,Transactional
2764,Family halloween tablecloth in bulk,Party Supplies,Party Supplies,Transactional
2765,Family halloween tableware for sale,Party Supplies,Party Supplies,Transactional
2766,Family halloween tableware pack,Party Supplies,Party Supplies,Transactional
2767,Family orange and black balloons,Party Supplies,Party Supplies,Transactional
2768,Family orange and black balloons usa,Party Supplies,Party Supplies,Transactional
2769,Funny halloween birthday party supplies for sale,Party Supplies,Party Supplies,Transactional
2770,Funny halloween cupcake toppers for sale,Party Supplies,Party Supplies,Transactional
2771,Funny halloween invitations pack,Party Supplies,Party Supplies,Transactional
2772,Funny halloween napkins usa delivery,Party Supplies,Party Supplies,Transactional
2773,Funny halloween party supplies for kids pack of 20,Party Supplies,Party Supplies,Transactional
2774,Get creepy cloth table skirt for sale,Party Supplies,Party Supplies,Transactional
2775,Get halloween birthday party supplies in bulk,Party Supplies,Party Supplies,Transactional
2776,Get halloween candy bowl for sale,Party Supplies,Party Supplies,Transactional
2777,Get halloween favor boxes online,Party Supplies,Party Supplies,Transactional
2778,Get halloween party games for sale,Party Supplies,Party Supplies,Transactional
2779,Get halloween party games ideas,Party Supplies,Party Supplies,Transactional
2780,Get halloween party theme online,Party Supplies,Party Supplies,Transactional
2781,Get halloween plates pack of 20,Party Supplies,Party Supplies,Transactional
2782,Get orange and black balloons usa delivery,Party Supplies,Party Supplies,Transactional
2783,Group creepy cloth table skirt in bulk,Party Supplies,Party Supplies,Transactional
2784,Group halloween birthday party supplies near me,Party Supplies,Party Supplies,Transactional
2785,Group halloween cups delivered to your door,Party Supplies,Party Supplies,Transactional
2786,Group halloween napkins near me,Party Supplies,Party Supplies,Transactional
2787,Group halloween napkins pack of 20,Party Supplies,Party Supplies,Transactional
2788,Group halloween napkins usa delivery,Party Supplies,Party Supplies,Transactional
2789,Group halloween party backdrop ideas,Party Supplies,Party Supplies,Transactional
2790,Group halloween party supplies for adults with fast shipping,Party Supplies,Party Supplies,Transactional
2791,Group halloween party supplies in bulk,Party Supplies,Party Supplies,Transactional
2792,Group halloween party supplies near me,Party Supplies,Party Supplies,Transactional
2793,Group halloween photo booth kit near me,Party Supplies,Party Supplies,Transactional
2794,Group halloween photo booth kit online,Party Supplies,Party Supplies,Transactional
2795,Group halloween plates ideas,Party Supplies,Party Supplies,Transactional
2796,Group halloween plates pack,Party Supplies,Party Supplies,Transactional
2797,Group halloween serving tray for sale,Party Supplies,Party Supplies,Transactional
2798,Group halloween straws kit,Party Supplies,Party Supplies,Transactional
2799,Group halloween straws set,Party Supplies,Party Supplies,Transactional
2800,Group halloween straws usa,Party Supplies,Party Supplies,Transactional
2801,Group halloween tablecloth for sale,Party Supplies,Party Supplies,Transactional
2802,Group halloween tablecloth usa,Party Supplies,Party Supplies,Transactional
2803,Group office halloween party ideas,Party Supplies,Party Supplies,Transactional
2804,Halloween birthday party supplies near me,Party Supplies,Party Supplies,Transactional
2805,Halloween cups online,Party Supplies,Party Supplies,Transactional
2806,Halloween paper plates delivered to your door,Party Supplies,Party Supplies,Transactional
2807,Halloween party decorations 2026,Party Supplies,Party Supplies,Transactional
2808,Halloween party decorations set,Party Supplies,Party Supplies,Transactional
2809,Halloween party ideas,Party Supplies,Party Supplies,Transactional
2810,Halloween party supplies delivered to your door,Party Supplies,Party Supplies,Transactional
2811,Halloween party supplies for adults ideas,Party Supplies,Party Supplies,Transactional
2812,Halloween party theme near me,Party Supplies,Party Supplies,Transactional
2813,Halloween photo booth props near me,Party Supplies,Party Supplies,Transactional
2814,Halloween serving tray 2026,Party Supplies,Party Supplies,Transactional
2815,Halloween straws in bulk,Party Supplies,Party Supplies,Transactional
2816,Halloween straws near me,Party Supplies,Party Supplies,Transactional
2817,Halloween tableware for sale,Party Supplies,Party Supplies,Transactional
2818,Homemade creepy cloth table skirt pack,Party Supplies,Party Supplies,Transactional
2819,Homemade halloween favor boxes near me,Party Supplies,Party Supplies,Transactional
2820,Homemade halloween napkins usa delivery,Party Supplies,Party Supplies,Transactional
2821,Homemade halloween party supplies for kids,Party Supplies,Party Supplies,Transactional
2822,Homemade halloween party supplies for kids pack of 20,Party Supplies,Party Supplies,Transactional
2823,Homemade halloween party theme,Party Supplies,Party Supplies,Transactional
2824,Homemade halloween plates 2026,Party Supplies,Party Supplies,Transactional
2825,Homemade halloween plates for 20 guests,Party Supplies,Party Supplies,Transactional
2826,Homemade halloween tableware pack of 20,Party Supplies,Party Supplies,Transactional
2827,Homemade orange and black balloons pack,Party Supplies,Party Supplies,Transactional
2828,Homemade orange and black balloons with fast shipping,Party Supplies,Party Supplies,Transactional
2829,Kids creepy cloth table skirt kit,Party Supplies,Party Supplies,Transactional
2830,Kids halloween balloons in bulk,Party Supplies,Party Supplies,Transactional
2831,Kids halloween birthday party supplies for sale,Party Supplies,Party Supplies,Transactional
2832,Kids halloween cupcake toppers online,Party Supplies,Party Supplies,Transactional
2833,Kids halloween cupcake toppers usa delivery,Party Supplies,Party Supplies,Transactional
2834,Kids halloween favor boxes,Party Supplies,Party Supplies,Transactional
2835,Kids halloween invitations set,Party Supplies,Party Supplies,Transactional
2836,Kids halloween paper plates for 20 guests,Party Supplies,Party Supplies,Transactional
2837,Kids halloween party backdrop for 20 guests,Party Supplies,Party Supplies,Transactional
2838,Kids halloween party checklist in bulk,Party Supplies,Party Supplies,Transactional
2839,Kids halloween party supplies delivered to your door,Party Supplies,Party Supplies,Transactional
2840,Kids halloween photo booth kit with fast shipping,Party Supplies,Party Supplies,Transactional
2841,Kids halloween tablecloth with fast shipping,Party Supplies,Party Supplies,Transactional
2842,Kids halloween tableware 2026,Party Supplies,Party Supplies,Transactional
2843,Kids halloween tableware for sale,Party Supplies,Party Supplies,Transactional
2844,Kids halloween tableware ideas,Party Supplies,Party Supplies,Transactional
2845,Kids orange and black balloons in bulk,Party Supplies,Party Supplies,Transactional
2846,Kids orange and black balloons pack of 20,Party Supplies,Party Supplies,Transactional
2847,Kids orange and black balloons usa,Party Supplies,Party Supplies,Transactional
2848,Kids orange and black balloons with fast shipping,Party Supplies,Party Supplies,Transactional
2849,Men's halloween birthday party supplies delivered to your door,Party Supplies,Party Supplies,Transactional
2850,Men's halloween birthday party supplies for sale,Party Supplies,Party Supplies,Transactional
2851,Men's halloween invitations delivered to your door,Party Supplies,Party Supplies,Transactional
2852,Men's halloween napkins for sale,Party Supplies,Party Supplies,Transactional
2853,Men's halloween party backdrop in bulk,Party Supplies,Party Supplies,Transactional
2854,Men's halloween party ideas 2026,Party Supplies,Party Supplies,Transactional
2855,Men's halloween party theme with fast shipping,Party Supplies,Party Supplies,Transactional
2856,Men's halloween photo booth props in bulk,Party Supplies,Party Supplies,Transactional
2857,Men's halloween tableware near me,Party Supplies,Party Supplies,Transactional
2858,Men's office halloween party ideas near me,Party Supplies,Party Supplies,Transactional
2859,Orange and black balloons kit,Party Supplies,Party Supplies,Transactional
2860,Order halloween candy bowl,Party Supplies,Party Supplies,Transactional
2861,Order halloween cupcake toppers kit,Party Supplies,Party Supplies,Transactional
2862,Order halloween cups for sale,Party Supplies,Party Supplies,Transactional
2863,Order halloween paper plates 2026,Party Supplies,Party Supplies,Transactional
2864,Order halloween party checklist online,Party Supplies,Party Supplies,Transactional
2865,Order halloween party checklist usa,Party Supplies,Party Supplies,Transactional
2866,Order halloween party decorations near me,Party Supplies,Party Supplies,Transactional
2867,Order halloween party supplies for adults pack,Party Supplies,Party Supplies,Transactional
2868,Order halloween party supplies in bulk,Party Supplies,Party Supplies,Transactional
2869,Order halloween photo booth kit pack of 20,Party Supplies,Party Supplies,Transactional
2870,Order halloween tablecloth in bulk,Party Supplies,Party Supplies,Transactional
2871,Order halloween tablecloth pack of 20,Party Supplies,Party Supplies,Transactional
2872,Order halloween tableware with fast shipping,Party Supplies,Party Supplies,Transactional
2873,Pet halloween party backdrop near me,Party Supplies,Party Supplies,Transactional
2874,Pet halloween party favors pack,Party Supplies,Party Supplies,Transactional
2875,Pet halloween party games with free shipping,Party Supplies,Party Supplies,Transactional
2876,Pet halloween party ideas near me,Party Supplies,Party Supplies,Transactional
2877,Pet halloween serving tray online,Party Supplies,Party Supplies,Transactional
2878,Pet halloween straws set,Party Supplies,Party Supplies,Transactional
2879,Pet halloween straws with free shipping,Party Supplies,Party Supplies,Transactional
2880,Pet halloween tableware 2026,Party Supplies,Party Supplies,Transactional
2881,Plus size halloween candy bowl pack,Party Supplies,Party Supplies,Transactional
2882,Plus size halloween cupcake toppers in bulk,Party Supplies,Party Supplies,Transactional
2883,Plus size halloween cups usa,Party Supplies,Party Supplies,Transactional
2884,Plus size halloween paper plates usa,Party Supplies,Party Supplies,Transactional
2885,Plus size halloween party checklist delivered to your door,Party Supplies,Party Supplies,Transactional
2886,Plus size halloween party decorations near me,Party Supplies,Party Supplies,Transactional
2887,Plus size halloween party favors,Party Supplies,Party Supplies,Transactional
2888,Plus size halloween party games kit,Party Supplies,Party Supplies,Transactional
2889,Plus size halloween party games near me,Party Supplies,Party Supplies,Transactional
2890,Plus size halloween party ideas in bulk,Party Supplies,Party Supplies,Transactional
2891,Plus size halloween party supplies ideas,Party Supplies,Party Supplies,Transactional
2892,Plus size office halloween party ideas pack,Party Supplies,Party Supplies,Transactional
2893,Plus size orange and black balloons ideas,Party Supplies,Party Supplies,Transactional
2894,Premium halloween candy bowl in bulk,Party Supplies,Party Supplies,Transactional
2895,Premium halloween napkins kit,Party Supplies,Party Supplies,Transactional
2896,Premium halloween paper plates usa delivery,Party Supplies,Party Supplies,Transactional
2897,Premium halloween party checklist near me,Party Supplies,Party Supplies,Transactional
2898,Premium halloween party favors for sale,Party Supplies,Party Supplies,Transactional
2899,Premium halloween party games 2026,Party Supplies,Party Supplies,Transactional
2900,Premium halloween party theme delivered to your door,Party Supplies,Party Supplies,Transactional
2901,Premium halloween plates delivered to your door,Party Supplies,Party Supplies,Transactional
2902,Premium halloween straws pack,Party Supplies,Party Supplies,Transactional
2903,Premium office halloween party ideas near me,Party Supplies,Party Supplies,Transactional
2904,Premium orange and black balloons online,Party Supplies,Party Supplies,Transactional
2905,Quality halloween cups delivered to your door,Party Supplies,Party Supplies,Transactional
2906,Quality halloween cups usa delivery,Party Supplies,Party Supplies,Transactional
2907,Quality halloween party supplies for adults online,Party Supplies,Party Supplies,Transactional
2908,Quality halloween photo booth props kit,Party Supplies,Party Supplies,Transactional
2909,Quality halloween serving tray near me,Party Supplies,Party Supplies,Transactional
2910,Quality halloween tablecloth delivered to your door,Party Supplies,Party Supplies,Transactional
2911,Quality office halloween party ideas near me,Party Supplies,Party Supplies,Transactional
2912,Quality orange and black balloons,Party Supplies,Party Supplies,Transactional
2913,Scary creepy cloth table skirt delivered to your door,Party Supplies,Party Supplies,Transactional
2914,Scary halloween cups with fast shipping,Party Supplies,Party Supplies,Transactional
2915,Scary halloween invitations in bulk,Party Supplies,Party Supplies,Transactional
2916,Scary halloween napkins online,Party Supplies,Party Supplies,Transactional
2917,Scary halloween party backdrop in bulk,Party Supplies,Party Supplies,Transactional
2918,Scary halloween party checklist near me,Party Supplies,Party Supplies,Transactional
2919,Scary halloween party supplies pack of 20,Party Supplies,Party Supplies,Transactional
2920,Scary halloween party supplies with free shipping,Party Supplies,Party Supplies,Transactional
2921,Scary halloween plates with fast shipping,Party Supplies,Party Supplies,Transactional
2922,Scary halloween serving tray pack of 20,Party Supplies,Party Supplies,Transactional
2923,Scary office halloween party ideas for sale,Party Supplies,Party Supplies,Transactional
2924,Shop for halloween birthday party supplies in bulk,Party Supplies,Party Supplies,Transactional
2925,Shop for halloween napkins usa delivery,Party Supplies,Party Supplies,Transactional
2926,Shop for halloween napkins with free shipping,Party Supplies,Party Supplies,Transactional
2927,Shop for halloween paper plates usa delivery,Party Supplies,Party Supplies,Transactional
2928,Shop for halloween party checklist online,Party Supplies,Party Supplies,Transactional
2929,Shop for halloween party checklist pack of 20,Party Supplies,Party Supplies,Transactional
2930,Shop for halloween party theme,Party Supplies,Party Supplies,Transactional
2931,Shop for halloween serving tray ideas,Party Supplies,Party Supplies,Transactional
2932,Shop for halloween straws 2026,Party Supplies,Party Supplies,Transactional
2933,Shop for halloween tablecloth usa delivery,Party Supplies,Party Supplies,Transactional
2934,Shop for halloween tableware set,Party Supplies,Party Supplies,Transactional
2935,Shop for orange and black balloons near me,Party Supplies,Party Supplies,Transactional
2936,Shop halloween birthday party supplies pack,Party Supplies,Party Supplies,Transactional
2937,Shop halloween candy bowl in bulk,Party Supplies,Party Supplies,Transactional
2938,Shop halloween invitations usa,Party Supplies,Party Supplies,Transactional
2939,Shop halloween invitations usa delivery,Party Supplies,Party Supplies,Transactional
2940,Shop halloween invitations with fast shipping,Party Supplies,Party Supplies,Transactional
2941,Shop halloween party games in bulk,Party Supplies,Party Supplies,Transactional
2942,Shop halloween party supplies for adults online,Party Supplies,Party Supplies,Transactional
2943,Shop halloween photo booth kit near me,Party Supplies,Party Supplies,Transactional
2944,Shop halloween serving tray kit,Party Supplies,Party Supplies,Transactional
2945,Spooky black lace table runner with fast shipping,Party Supplies,Party Supplies,Transactional
2946,Spooky halloween birthday party supplies for sale,Party Supplies,Party Supplies,Transactional
2947,Spooky halloween cupcake toppers ideas,Party Supplies,Party Supplies,Transactional
2948,Spooky halloween favor boxes pack,Party Supplies,Party Supplies,Transactional
2949,Spooky halloween favor boxes set,Party Supplies,Party Supplies,Transactional
2950,Spooky halloween invitations near me,Party Supplies,Party Supplies,Transactional
2951,Spooky halloween invitations set,Party Supplies,Party Supplies,Transactional
2952,Spooky halloween paper plates delivered to your door,Party Supplies,Party Supplies,Transactional
2953,Spooky halloween party backdrop ideas,Party Supplies,Party Supplies,Transactional
2954,Spooky halloween party checklist ideas,Party Supplies,Party Supplies,Transactional
2955,Spooky halloween party checklist in bulk,Party Supplies,Party Supplies,Transactional
2956,Spooky halloween party checklist near me,Party Supplies,Party Supplies,Transactional
2957,Spooky halloween party decorations near me,Party Supplies,Party Supplies,Transactional
2958,Spooky halloween party favors near me,Party Supplies,Party Supplies,Transactional
2959,Spooky halloween party supplies online,Party Supplies,Party Supplies,Transactional
2960,Spooky halloween party theme 2026,Party Supplies,Party Supplies,Transactional
2961,Spooky halloween serving tray usa,Party Supplies,Party Supplies,Transactional
2962,Spooky halloween straws ideas,Party Supplies,Party Supplies,Transactional
2963,Spooky halloween straws online,Party Supplies,Party Supplies,Transactional
2964,Spooky halloween tablecloth for sale,Party Supplies,Party Supplies,Transactional
2965,Spooky halloween tablecloth kit,Party Supplies,Party Supplies,Transactional
2966,Spooky halloween tableware online,Party Supplies,Party Supplies,Transactional
2967,Spooky orange and black balloons,Party Supplies,Party Supplies,Transactional
2968,Teen halloween cupcake toppers 2026,Party Supplies,Party Supplies,Transactional
2969,Teen halloween favor boxes set,Party Supplies,Party Supplies,Transactional
2970,Teen halloween paper plates for 20 guests,Party Supplies,Party Supplies,Transactional
2971,Teen halloween paper plates for sale,Party Supplies,Party Supplies,Transactional
2972,Teen halloween party backdrop near me,Party Supplies,Party Supplies,Transactional
2973,Teen halloween party supplies for kids ideas,Party Supplies,Party Supplies,Transactional
2974,Teen halloween party supplies for kids with fast shipping,Party Supplies,Party Supplies,Transactional
2975,Teen halloween tablecloth with free shipping,Party Supplies,Party Supplies,Transactional
2976,Toddler creepy cloth table skirt pack of 20,Party Supplies,Party Supplies,Transactional
2977,Toddler halloween birthday party supplies for sale,Party Supplies,Party Supplies,Transactional
2978,Toddler halloween birthday party supplies near me,Party Supplies,Party Supplies,Transactional
2979,Toddler halloween napkins for 20 guests,Party Supplies,Party Supplies,Transactional
2980,Toddler halloween party favors for sale,Party Supplies,Party Supplies,Transactional
2981,Toddler halloween party games 2026,Party Supplies,Party Supplies,Transactional
2982,Toddler halloween party ideas in bulk,Party Supplies,Party Supplies,Transactional
2983,Toddler halloween party theme for sale,Party Supplies,Party Supplies,Transactional
2984,Toddler halloween party theme usa,Party Supplies,Party Supplies,Transactional
2985,Toddler halloween serving tray usa delivery,Party Supplies,Party Supplies,Transactional
2986,Toddler halloween tablecloth online,Party Supplies,Party Supplies,Transactional
2987,Toddler halloween tableware for sale,Party Supplies,Party Supplies,Transactional
2988,Toddler orange and black balloons usa delivery,Party Supplies,Party Supplies,Transactional
2989,Top creepy cloth table skirt 2026,Party Supplies,Party Supplies,Transactional
2990,Top creepy cloth table skirt for sale,Party Supplies,Party Supplies,Transactional
2991,Top halloween balloons,Party Supplies,Party Supplies,Transactional
2992,Top halloween balloons 2026,Party Supplies,Party Supplies,Transactional
2993,Top halloween cupcake toppers with fast shipping,Party Supplies,Party Supplies,Transactional
2994,Top halloween favor boxes usa,Party Supplies,Party Supplies,Transactional
2995,Top halloween favor boxes usa delivery,Party Supplies,Party Supplies,Transactional
2996,Top halloween invitations pack of 20,Party Supplies,Party Supplies,Transactional
2997,Top halloween party games pack of 20,Party Supplies,Party Supplies,Transactional
2998,Top halloween party supplies for kids in bulk,Party Supplies,Party Supplies,Transactional
2999,Top halloween party supplies for kids pack of 20,Party Supplies,Party Supplies,Transactional
3000,Top halloween party supplies set,Party Supplies,Party Supplies,Transactional
3001,Top halloween party supplies with fast shipping,Party Supplies,Party Supplies,Transactional
3002,Top halloween serving tray usa delivery,Party Supplies,Party Supplies,Transactional
3003,Top halloween tablecloth ideas,Party Supplies,Party Supplies,Transactional
3004,Top halloween tablecloth near me,Party Supplies,Party Supplies,Transactional
3005,Unique black lace table runner near me,Party Supplies,Party Supplies,Transactional
3006,Unique creepy cloth table skirt for sale,Party Supplies,Party Supplies,Transactional
3007,Unique halloween balloons near me,Party Supplies,Party Supplies,Transactional
3008,Unique halloween cups for 20 guests,Party Supplies,Party Supplies,Transactional
3009,Unique halloween favor boxes for sale,Party Supplies,Party Supplies,Transactional
3010,Unique halloween party ideas usa,Party Supplies,Party Supplies,Transactional
3011,Unique halloween party supplies for kids near me,Party Supplies,Party Supplies,Transactional
3012,Unique halloween straws with fast shipping,Party Supplies,Party Supplies,Transactional
3013,Unique halloween tableware for sale,Party Supplies,Party Supplies,Transactional
3014,Unique orange and black balloons online,Party Supplies,Party Supplies,Transactional
3015,Women's black lace table runner in bulk,Party Supplies,Party Supplies,Transactional
3016,Women's black lace table runner near me,Party Supplies,Party Supplies,Transactional
3017,Women's halloween cupcake toppers online,Party Supplies,Party Supplies,Transactional
3018,Women's halloween cups usa delivery,Party Supplies,Party Supplies,Transactional
3019,Women's halloween favor boxes near me,Party Supplies,Party Supplies,Transactional
3020,Women's halloween invitations for 20 guests,Party Supplies,Party Supplies,Transactional
3021,Women's halloween party decorations 2026,Party Supplies,Party Supplies,Transactional
3022,Women's halloween party decorations delivered to your door,Party Supplies,Party Supplies,Transactional
3023,Women's halloween party decorations near me,Party Supplies,Party Supplies,Transactional
3024,Women's halloween party decorations pack,Party Supplies,Party Supplies,Transactional
3025,Women's halloween party favors in bulk,Party Supplies,Party Supplies,Transactional
3026,Women's halloween party ideas near me,Party Supplies,Party Supplies,Transactional
3027,Women's halloween party supplies for kids with free shipping,Party Supplies,Party Supplies,Transactional
3028,Women's halloween straws for sale,Party Supplies,Party Supplies,Transactional
3029,Women's halloween tableware pack,Party Supplies,Party Supplies,Transactional
3030,Women's office halloween party ideas for sale,Party Supplies,Party Supplies,Transactional
3031,Affordable allergy friendly halloween candy with free shipping,Candy & Treats,Candy & Treats,Transactional
3032,Affordable gluten free halloween candy in bulk,Candy & Treats,Candy & Treats,Transactional
3033,Affordable gluten free halloween candy online,Candy & Treats,Candy & Treats,Transactional
3034,Affordable halloween candy bags delivered to your door,Candy & Treats,Candy & Treats,Transactional
3035,Affordable halloween candy bags online,Candy & Treats,Candy & Treats,Transactional
3036,Affordable halloween candy for classroom in bulk,Candy & Treats,Candy & Treats,Transactional
3037,Affordable halloween candy variety pack delivered to your door,Candy & Treats,Candy & Treats,Transactional
3038,Affordable halloween chocolate usa,Candy & Treats,Candy & Treats,Transactional
3039,Affordable halloween party favors candy with fast shipping,Candy & Treats,Candy & Treats,Transactional
3040,Affordable halloween treat bags near me,Candy & Treats,Candy & Treats,Transactional
3041,Affordable trick or treat candy near me,Candy & Treats,Candy & Treats,Transactional
3042,Affordable trick or treat candy with fast shipping,Candy & Treats,Candy & Treats,Transactional
3043,Affordable vegan halloween candy in bulk,Candy & Treats,Candy & Treats,Transactional
3044,Allergy friendly halloween candy pack,Candy & Treats,Candy & Treats,Transactional
3045,Allergy friendly halloween candy set,Candy & Treats,Candy & Treats,Transactional
3046,Assorted bulk halloween candy for sale,Candy & Treats,Candy & Treats,Transactional
3047,Assorted bulk halloween candy for trick or treaters,Candy & Treats,Candy & Treats,Transactional
3048,Assorted bulk halloween candy with fast shipping,Candy & Treats,Candy & Treats,Transactional
3049,Assorted gluten free halloween candy in bulk,Candy & Treats,Candy & Treats,Transactional
3050,Assorted halloween candy bags ideas,Candy & Treats,Candy & Treats,Transactional
3051,Assorted halloween party favors candy usa shipping,Candy & Treats,Candy & Treats,Transactional
3052,Assorted halloween treat bags in bulk online,Candy & Treats,Candy & Treats,Transactional
3053,Assorted individually wrapped halloween candy near me,Candy & Treats,Candy & Treats,Transactional
3054,Assorted non candy halloween treats kit,Candy & Treats,Candy & Treats,Transactional
3055,Assorted non candy halloween treats online,Candy & Treats,Candy & Treats,Transactional
3056,Assorted sugar free halloween candy near me,Candy & Treats,Candy & Treats,Transactional
3057,Assorted sugar free halloween candy pack,Candy & Treats,Candy & Treats,Transactional
3058,Assorted vegan halloween candy for trick or treaters,Candy & Treats,Candy & Treats,Transactional
3059,Best gluten free halloween candy for sale,Candy & Treats,Candy & Treats,Transactional
3060,Best gluten free halloween candy near me,Candy & Treats,Candy & Treats,Transactional
3061,Best halloween candy variety pack usa,Candy & Treats,Candy & Treats,Transactional
3062,Best halloween chocolate usa shipping,Candy & Treats,Candy & Treats,Transactional
3063,Best halloween treat bags usa shipping,Candy & Treats,Candy & Treats,Transactional
3064,Best halloween treat bags with free shipping,Candy & Treats,Candy & Treats,Transactional
3065,Best individually wrapped halloween candy,Candy & Treats,Candy & Treats,Transactional
3066,Best non candy halloween treats near me,Candy & Treats,Candy & Treats,Transactional
3067,Bulk allergy friendly halloween candy near me,Candy & Treats,Candy & Treats,Transactional
3068,Bulk gluten free halloween candy online,Candy & Treats,Candy & Treats,Transactional
3069,Bulk gluten free halloween candy with fast shipping,Candy & Treats,Candy & Treats,Transactional
3070,Bulk halloween candy for classroom ideas,Candy & Treats,Candy & Treats,Transactional
3071,Bulk halloween candy for classroom online,Candy & Treats,Candy & Treats,Transactional
3072,Bulk halloween candy for classroom usa shipping,Candy & Treats,Candy & Treats,Transactional
3073,Bulk halloween candy for sale,Candy & Treats,Candy & Treats,Transactional
3074,Bulk halloween candy for trick or treaters,Candy & Treats,Candy & Treats,Transactional
3075,Bulk halloween candy near me,Candy & Treats,Candy & Treats,Transactional
3076,Bulk halloween chocolate,Candy & Treats,Candy & Treats,Transactional
3077,Bulk sugar free halloween candy online,Candy & Treats,Candy & Treats,Transactional
3078,Bulk trick or treat candy near me,Candy & Treats,Candy & Treats,Transactional
3079,Buy bulk halloween candy near me,Candy & Treats,Candy & Treats,Transactional
3080,Buy gluten free halloween candy online,Candy & Treats,Candy & Treats,Transactional
3081,Buy halloween candy for sale,Candy & Treats,Candy & Treats,Transactional
3082,Buy halloween treat bags kit,Candy & Treats,Candy & Treats,Transactional
3083,Buy trick or treat candy usa,Candy & Treats,Candy & Treats,Transactional
3084,Cheap allergy friendly halloween candy set,Candy & Treats,Candy & Treats,Transactional
3085,Cheap allergy friendly halloween candy usa shipping,Candy & Treats,Candy & Treats,Transactional
3086,Cheap gluten free halloween candy pack,Candy & Treats,Candy & Treats,Transactional
3087,Cheap halloween chocolate near me,Candy & Treats,Candy & Treats,Transactional
3088,Cheap halloween chocolate set,Candy & Treats,Candy & Treats,Transactional
3089,Cheap halloween party favors candy with free shipping,Candy & Treats,Candy & Treats,Transactional
3090,Cheap halloween treat bags usa,Candy & Treats,Candy & Treats,Transactional
3091,Cheap halloween treat bags with free shipping,Candy & Treats,Candy & Treats,Transactional
3092,Cheap individually wrapped halloween candy,Candy & Treats,Candy & Treats,Transactional
3093,Cheap non candy halloween treats 2026,Candy & Treats,Candy & Treats,Transactional
3094,Cheap vegan halloween candy near me,Candy & Treats,Candy & Treats,Transactional
3095,Classic allergy friendly halloween candy,Candy & Treats,Candy & Treats,Transactional
3096,Classic allergy friendly halloween candy for sale,Candy & Treats,Candy & Treats,Transactional
3097,Classic bulk halloween candy usa,Candy & Treats,Candy & Treats,Transactional
3098,Classic gluten free halloween candy in bulk online,Candy & Treats,Candy & Treats,Transactional
3099,Classic halloween candy bags usa,Candy & Treats,Candy & Treats,Transactional
3100,Classic halloween candy corn usa,Candy & Treats,Candy & Treats,Transactional
3101,Classic halloween candy corn with fast shipping,Candy & Treats,Candy & Treats,Transactional
3102,Classic halloween candy for classroom in bulk online,Candy & Treats,Candy & Treats,Transactional
3103,Classic halloween candy near me,Candy & Treats,Candy & Treats,Transactional
3104,Classic halloween candy variety pack for trick or treaters,Candy & Treats,Candy & Treats,Transactional
3105,Classic halloween chocolate,Candy & Treats,Candy & Treats,Transactional
3106,Classic halloween treat bags,Candy & Treats,Candy & Treats,Transactional
3107,Classic individually wrapped halloween candy near me,Candy & Treats,Candy & Treats,Transactional
3108,Classic non candy halloween treats,Candy & Treats,Candy & Treats,Transactional
3109,Classic sugar free halloween candy,Candy & Treats,Candy & Treats,Transactional
3110,Classic trick or treat candy delivered to your door,Candy & Treats,Candy & Treats,Transactional
3111,Cool allergy friendly halloween candy set,Candy & Treats,Candy & Treats,Transactional
3112,Cool bulk halloween candy for sale,Candy & Treats,Candy & Treats,Transactional
3113,Cool bulk halloween candy kit,Candy & Treats,Candy & Treats,Transactional
3114,Cool gluten free halloween candy for trick or treaters,Candy & Treats,Candy & Treats,Transactional
3115,Cool halloween candy corn,Candy & Treats,Candy & Treats,Transactional
3116,Cool halloween candy for classroom ideas,Candy & Treats,Candy & Treats,Transactional
3117,Cool halloween party favors candy delivered to your door,Candy & Treats,Candy & Treats,Transactional
3118,Cool halloween party favors candy ideas,Candy & Treats,Candy & Treats,Transactional
3119,Cool individually wrapped halloween candy for sale,Candy & Treats,Candy & Treats,Transactional
3120,Cool individually wrapped halloween candy near me,Candy & Treats,Candy & Treats,Transactional
3121,Cool individually wrapped halloween candy online,Candy & Treats,Candy & Treats,Transactional
3122,Cool trick or treat candy 2026,Candy & Treats,Candy & Treats,Transactional
3123,Cool trick or treat candy in bulk,Candy & Treats,Candy & Treats,Transactional
3124,Creepy bulk halloween candy ideas,Candy & Treats,Candy & Treats,Transactional
3125,Creepy gluten free halloween candy ideas,Candy & Treats,Candy & Treats,Transactional
3126,Creepy gluten free halloween candy pack,Candy & Treats,Candy & Treats,Transactional
3127,Creepy halloween candy bags for sale,Candy & Treats,Candy & Treats,Transactional
3128,Creepy halloween candy for classroom in bulk,Candy & Treats,Candy & Treats,Transactional
3129,Creepy halloween candy for classroom usa shipping,Candy & Treats,Candy & Treats,Transactional
3130,Creepy halloween candy for classroom with fast shipping,Candy & Treats,Candy & Treats,Transactional
3131,Creepy halloween candy kit,Candy & Treats,Candy & Treats,Transactional
3132,Creepy halloween candy variety pack in bulk,Candy & Treats,Candy & Treats,Transactional
3133,Creepy halloween candy variety pack with free shipping,Candy & Treats,Candy & Treats,Transactional
3134,Creepy halloween party favors candy delivered to your door,Candy & Treats,Candy & Treats,Transactional
3135,Creepy halloween treat bags for sale,Candy & Treats,Candy & Treats,Transactional
3136,Creepy individually wrapped halloween candy pack,Candy & Treats,Candy & Treats,Transactional
3137,Cute allergy friendly halloween candy ideas,Candy & Treats,Candy & Treats,Transactional
3138,Cute bulk halloween candy with fast shipping,Candy & Treats,Candy & Treats,Transactional
3139,Cute halloween candy bags ideas,Candy & Treats,Candy & Treats,Transactional
3140,Cute halloween candy corn kit,Candy & Treats,Candy & Treats,Transactional
3141,Cute halloween chocolate with free shipping,Candy & Treats,Candy & Treats,Transactional
3142,Cute individually wrapped halloween candy usa shipping,Candy & Treats,Candy & Treats,Transactional
3143,Cute non candy halloween treats in bulk,Candy & Treats,Candy & Treats,Transactional
3144,Cute sugar free halloween candy for sale,Candy & Treats,Candy & Treats,Transactional
3145,Cute sugar free halloween candy kit,Candy & Treats,Candy & Treats,Transactional
3146,Cute sugar free halloween candy online,Candy & Treats,Candy & Treats,Transactional
3147,Discount gluten free halloween candy delivered to your door,Candy & Treats,Candy & Treats,Transactional
3148,Discount halloween candy for classroom 2026,Candy & Treats,Candy & Treats,Transactional
3149,Discount halloween chocolate for sale,Candy & Treats,Candy & Treats,Transactional
3150,Discount halloween chocolate for trick or treaters,Candy & Treats,Candy & Treats,Transactional
3151,Discount non candy halloween treats online,Candy & Treats,Candy & Treats,Transactional
3152,Discount non candy halloween treats usa,Candy & Treats,Candy & Treats,Transactional
3153,Discount sugar free halloween candy in bulk online,Candy & Treats,Candy & Treats,Transactional
3154,Discount trick or treat candy online,Candy & Treats,Candy & Treats,Transactional
3155,Discount trick or treat candy usa,Candy & Treats,Candy & Treats,Transactional
3156,Diy gluten free halloween candy in bulk,Candy & Treats,Candy & Treats,Transactional
3157,Diy halloween candy corn for trick or treaters,Candy & Treats,Candy & Treats,Transactional
3158,Diy halloween candy corn online,Candy & Treats,Candy & Treats,Transactional
3159,Diy halloween candy kit,Candy & Treats,Candy & Treats,Transactional
3160,Diy halloween candy variety pack,Candy & Treats,Candy & Treats,Transactional
3161,Diy halloween chocolate online,Candy & Treats,Candy & Treats,Transactional
3162,Diy individually wrapped halloween candy delivered to your door,Candy & Treats,Candy & Treats,Transactional
3163,Diy individually wrapped halloween candy with fast shipping,Candy & Treats,Candy & Treats,Transactional
3164,Diy non candy halloween treats for sale,Candy & Treats,Candy & Treats,Transactional
3165,Diy non candy halloween treats in bulk,Candy & Treats,Candy & Treats,Transactional
3166,Diy trick or treat candy near me,Candy & Treats,Candy & Treats,Transactional
3167,Diy vegan halloween candy delivered to your door,Candy & Treats,Candy & Treats,Transactional
3168,Easy bulk halloween candy near me,Candy & Treats,Candy & Treats,Transactional
3169,Easy halloween candy corn usa,Candy & Treats,Candy & Treats,Transactional
3170,Easy halloween candy variety pack usa shipping,Candy & Treats,Candy & Treats,Transactional
3171,Easy halloween chocolate in bulk,Candy & Treats,Candy & Treats,Transactional
3172,Easy halloween chocolate near me,Candy & Treats,Candy & Treats,Transactional
3173,Easy halloween treat bags near me,Candy & Treats,Candy & Treats,Transactional
3174,Easy non candy halloween treats,Candy & Treats,Candy & Treats,Transactional
3175,Easy non candy halloween treats delivered to your door,Candy & Treats,Candy & Treats,Transactional
3176,Easy sugar free halloween candy near me,Candy & Treats,Candy & Treats,Transactional
3177,Easy trick or treat candy for sale,Candy & Treats,Candy & Treats,Transactional
3178,Easy vegan halloween candy usa shipping,Candy & Treats,Candy & Treats,Transactional
3179,Funny halloween candy near me,Candy & Treats,Candy & Treats,Transactional
3180,Funny halloween candy variety pack kit,Candy & Treats,Candy & Treats,Transactional
3181,Funny halloween candy with fast shipping,Candy & Treats,Candy & Treats,Transactional
3182,Funny halloween treat bags set,Candy & Treats,Candy & Treats,Transactional
3183,Funny individually wrapped halloween candy for sale,Candy & Treats,Candy & Treats,Transactional
3184,Funny individually wrapped halloween candy online,Candy & Treats,Candy & Treats,Transactional
3185,Funny sugar free halloween candy ideas,Candy & Treats,Candy & Treats,Transactional
3186,Funny trick or treat candy with fast shipping,Candy & Treats,Candy & Treats,Transactional
3187,Get bulk halloween candy,Candy & Treats,Candy & Treats,Transactional
3188,Get bulk halloween candy near me,Candy & Treats,Candy & Treats,Transactional
3189,Get halloween candy for classroom online,Candy & Treats,Candy & Treats,Transactional
3190,Get halloween chocolate ideas,Candy & Treats,Candy & Treats,Transactional
3191,Get halloween treat bags near me,Candy & Treats,Candy & Treats,Transactional
3192,Get halloween treat bags online,Candy & Treats,Candy & Treats,Transactional
3193,Get non candy halloween treats delivered to your door,Candy & Treats,Candy & Treats,Transactional
3194,Get non candy halloween treats for sale,Candy & Treats,Candy & Treats,Transactional
3195,Get non candy halloween treats with fast shipping,Candy & Treats,Candy & Treats,Transactional
3196,Get sugar free halloween candy kit,Candy & Treats,Candy & Treats,Transactional
3197,Get trick or treat candy with free shipping,Candy & Treats,Candy & Treats,Transactional
3198,Halloween candy for sale,Candy & Treats,Candy & Treats,Transactional
3199,Homemade halloween candy bags with fast shipping,Candy & Treats,Candy & Treats,Transactional
3200,Homemade halloween candy corn kit,Candy & Treats,Candy & Treats,Transactional
3201,Homemade non candy halloween treats for trick or treaters,Candy & Treats,Candy & Treats,Transactional
3202,Homemade non candy halloween treats in bulk online,Candy & Treats,Candy & Treats,Transactional
3203,Individually wrapped bulk halloween candy delivered to your door,Candy & Treats,Candy & Treats,Transactional
3204,Individually wrapped bulk halloween candy usa shipping,Candy & Treats,Candy & Treats,Transactional
3205,Individually wrapped gluten free halloween candy online,Candy & Treats,Candy & Treats,Transactional
3206,Individually wrapped halloween candy bags for trick or treaters,Candy & Treats,Candy & Treats,Transactional
3207,Individually wrapped halloween candy corn for sale,Candy & Treats,Candy & Treats,Transactional
3208,Individually wrapped halloween candy corn set,Candy & Treats,Candy & Treats,Transactional
3209,Individually wrapped halloween candy for classroom in bulk,Candy & Treats,Candy & Treats,Transactional
3210,Individually wrapped halloween chocolate near me,Candy & Treats,Candy & Treats,Transactional
3211,Individually wrapped halloween chocolate set,Candy & Treats,Candy & Treats,Transactional
3212,Individually wrapped halloween party favors candy near me,Candy & Treats,Candy & Treats,Transactional
3213,Individually wrapped vegan halloween candy 2026,Candy & Treats,Candy & Treats,Transactional
3214,Mini bulk halloween candy with fast shipping,Candy & Treats,Candy & Treats,Transactional
3215,Mini halloween candy 2026,Candy & Treats,Candy & Treats,Transactional
3216,Mini halloween candy bags near me,Candy & Treats,Candy & Treats,Transactional
3217,Mini halloween candy near me,Candy & Treats,Candy & Treats,Transactional
3218,Mini halloween candy usa,Candy & Treats,Candy & Treats,Transactional
3219,Mini halloween candy variety pack usa,Candy & Treats,Candy & Treats,Transactional
3220,Mini halloween chocolate pack,Candy & Treats,Candy & Treats,Transactional
3221,Mini sugar free halloween candy for sale,Candy & Treats,Candy & Treats,Transactional
3222,Mini trick or treat candy,Candy & Treats,Candy & Treats,Transactional
3223,Mini vegan halloween candy near me,Candy & Treats,Candy & Treats,Transactional
3224,Mini vegan halloween candy online,Candy & Treats,Candy & Treats,Transactional
3225,Order bulk halloween candy ideas,Candy & Treats,Candy & Treats,Transactional
3226,Order halloween candy for classroom ideas,Candy & Treats,Candy & Treats,Transactional
3227,Order halloween candy near me,Candy & Treats,Candy & Treats,Transactional
3228,Order halloween chocolate for sale,Candy & Treats,Candy & Treats,Transactional
3229,Order halloween party favors candy online,Candy & Treats,Candy & Treats,Transactional
3230,Order halloween treat bags set,Candy & Treats,Candy & Treats,Transactional
3231,Order sugar free halloween candy online,Candy & Treats,Candy & Treats,Transactional
3232,Order vegan halloween candy 2026,Candy & Treats,Candy & Treats,Transactional
3233,Premium allergy friendly halloween candy set,Candy & Treats,Candy & Treats,Transactional
3234,Premium allergy friendly halloween candy usa,Candy & Treats,Candy & Treats,Transactional
3235,Premium halloween candy for classroom usa,Candy & Treats,Candy & Treats,Transactional
3236,Premium halloween candy variety pack near me,Candy & Treats,Candy & Treats,Transactional
3237,Premium halloween chocolate usa,Candy & Treats,Candy & Treats,Transactional
3238,Premium halloween treat bags online,Candy & Treats,Candy & Treats,Transactional
3239,Premium sugar free halloween candy for sale,Candy & Treats,Candy & Treats,Transactional
3240,Premium trick or treat candy near me,Candy & Treats,Candy & Treats,Transactional
3241,Premium trick or treat candy pack,Candy & Treats,Candy & Treats,Transactional
3242,Premium vegan halloween candy delivered to your door,Candy & Treats,Candy & Treats,Transactional
3243,Quality halloween candy variety pack for trick or treaters,Candy & Treats,Candy & Treats,Transactional
3244,Quality halloween treat bags kit,Candy & Treats,Candy & Treats,Transactional
3245,Quality halloween treat bags online,Candy & Treats,Candy & Treats,Transactional
3246,Quality halloween treat bags usa,Candy & Treats,Candy & Treats,Transactional
3247,Quality vegan halloween candy usa,Candy & Treats,Candy & Treats,Transactional
3248,Scary bulk halloween candy set,Candy & Treats,Candy & Treats,Transactional
3249,Scary halloween candy bags online,Candy & Treats,Candy & Treats,Transactional
3250,Scary halloween candy bags usa,Candy & Treats,Candy & Treats,Transactional
3251,Scary halloween candy corn near me,Candy & Treats,Candy & Treats,Transactional
3252,Scary halloween candy kit,Candy & Treats,Candy & Treats,Transactional
3253,Scary halloween party favors candy for trick or treaters,Candy & Treats,Candy & Treats,Transactional
3254,Scary halloween party favors candy ideas,Candy & Treats,Candy & Treats,Transactional
3255,Scary non candy halloween treats,Candy & Treats,Candy & Treats,Transactional
3256,Scary non candy halloween treats in bulk,Candy & Treats,Candy & Treats,Transactional
3257,Shop bulk halloween candy for sale,Candy & Treats,Candy & Treats,Transactional
3258,Shop for gluten free halloween candy with fast shipping,Candy & Treats,Candy & Treats,Transactional
3259,Shop for halloween candy bags in bulk,Candy & Treats,Candy & Treats,Transactional
3260,Shop for halloween candy set,Candy & Treats,Candy & Treats,Transactional
3261,Shop for halloween candy variety pack in bulk online,Candy & Treats,Candy & Treats,Transactional
3262,Shop for individually wrapped halloween candy 2026,Candy & Treats,Candy & Treats,Transactional
3263,Shop for individually wrapped halloween candy in bulk,Candy & Treats,Candy & Treats,Transactional
3264,Shop for vegan halloween candy with free shipping,Candy & Treats,Candy & Treats,Transactional
3265,Shop gluten free halloween candy near me,Candy & Treats,Candy & Treats,Transactional
3266,Shop halloween candy bags online,Candy & Treats,Candy & Treats,Transactional
3267,Shop halloween candy for classroom online,Candy & Treats,Candy & Treats,Transactional
3268,Shop halloween candy for classroom usa,Candy & Treats,Candy & Treats,Transactional
3269,Shop halloween chocolate kit,Candy & Treats,Candy & Treats,Transactional
3270,Shop halloween chocolate with free shipping,Candy & Treats,Candy & Treats,Transactional
3271,Shop sugar free halloween candy delivered to your door,Candy & Treats,Candy & Treats,Transactional
3272,Shop trick or treat candy online,Candy & Treats,Candy & Treats,Transactional
3273,Shop vegan halloween candy,Candy & Treats,Candy & Treats,Transactional
3274,Spooky allergy friendly halloween candy 2026,Candy & Treats,Candy & Treats,Transactional
3275,Spooky halloween candy corn near me,Candy & Treats,Candy & Treats,Transactional
3276,Spooky halloween chocolate kit,Candy & Treats,Candy & Treats,Transactional
3277,Spooky halloween treat bags usa shipping,Candy & Treats,Candy & Treats,Transactional
3278,Spooky individually wrapped halloween candy,Candy & Treats,Candy & Treats,Transactional
3279,Spooky individually wrapped halloween candy usa shipping,Candy & Treats,Candy & Treats,Transactional
3280,Sugar free halloween candy ideas,Candy & Treats,Candy & Treats,Transactional
3281,Sugar free halloween candy near me,Candy & Treats,Candy & Treats,Transactional
3282,Top gluten free halloween candy near me,Candy & Treats,Candy & Treats,Transactional
3283,Top halloween candy variety pack near me,Candy & Treats,Candy & Treats,Transactional
3284,Top halloween party favors candy pack,Candy & Treats,Candy & Treats,Transactional
3285,Top halloween treat bags 2026,Candy & Treats,Candy & Treats,Transactional
3286,Top individually wrapped halloween candy for sale,Candy & Treats,Candy & Treats,Transactional
3287,Top non candy halloween treats near me,Candy & Treats,Candy & Treats,Transactional
3288,Top non candy halloween treats usa,Candy & Treats,Candy & Treats,Transactional
3289,Top trick or treat candy 2026,Candy & Treats,Candy & Treats,Transactional
3290,Unique allergy friendly halloween candy with fast shipping,Candy & Treats,Candy & Treats,Transactional
3291,Unique bulk halloween candy for trick or treaters,Candy & Treats,Candy & Treats,Transactional
3292,Unique bulk halloween candy pack,Candy & Treats,Candy & Treats,Transactional
3293,Unique gluten free halloween candy pack,Candy & Treats,Candy & Treats,Transactional
3294,Unique halloween candy for classroom online,Candy & Treats,Candy & Treats,Transactional
3295,Unique halloween treat bags online,Candy & Treats,Candy & Treats,Transactional
3296,Unique individually wrapped halloween candy ideas,Candy & Treats,Candy & Treats,Transactional
3297,Unique trick or treat candy online,Candy & Treats,Candy & Treats,Transactional
3298,Vegan halloween candy kit,Candy & Treats,Candy & Treats,Transactional
3299,Wholesale bulk halloween candy for trick or treaters,Candy & Treats,Candy & Treats,Transactional
3300,Wholesale bulk halloween candy online,Candy & Treats,Candy & Treats,Transactional
3301,Wholesale halloween candy for classroom pack,Candy & Treats,Candy & Treats,Transactional
3302,Wholesale halloween candy for classroom with free shipping,Candy & Treats,Candy & Treats,Transactional
3303,Wholesale halloween candy for sale,Candy & Treats,Candy & Treats,Transactional
3304,Wholesale halloween candy pack,Candy & Treats,Candy & Treats,Transactional
3305,Wholesale halloween candy variety pack delivered to your door,Candy & Treats,Candy & Treats,Transactional
3306,Wholesale individually wrapped halloween candy 2026,Candy & Treats,Candy & Treats,Transactional
3307,Wholesale individually wrapped halloween candy in bulk online,Candy & Treats,Candy & Treats,Transactional
3308,Wholesale individually wrapped halloween candy online,Candy & Treats,Candy & Treats,Transactional
3309,Wholesale non candy halloween treats usa,Candy & Treats,Candy & Treats,Transactional
3310,Wholesale trick or treat candy usa shipping,Candy & Treats,Candy & Treats,Transactional
3311,Affordable bouncy ball eyeballs for sale,Toys & Novelty,Toys & Novelty,Transactional
3312,Affordable flying ghost mobile decoration pack,Toys & Novelty,Toys & Novelty,Transactional
3313,Affordable halloween fidget spinner online,Toys & Novelty,Toys & Novelty,Transactional
3314,Affordable halloween fidget toys set,Toys & Novelty,Toys & Novelty,Transactional
3315,Affordable halloween fidget toys with free shipping,Toys & Novelty,Toys & Novelty,Transactional
3316,Affordable halloween novelty items in bulk,Toys & Novelty,Toys & Novelty,Transactional
3317,Affordable halloween prank toys ideas,Toys & Novelty,Toys & Novelty,Transactional
3318,Affordable halloween prank toys near me,Toys & Novelty,Toys & Novelty,Transactional
3319,Affordable mini plastic spiders 2026,Toys & Novelty,Toys & Novelty,Transactional
3320,Affordable mini plastic spiders party favors,Toys & Novelty,Toys & Novelty,Transactional
3321,Affordable trick or treat toy fillers delivered to your door,Toys & Novelty,Toys & Novelty,Transactional
3322,Affordable trick or treat toy fillers near me,Toys & Novelty,Toys & Novelty,Transactional
3323,Best bouncy ball eyeballs,Toys & Novelty,Toys & Novelty,Transactional
3324,Best bouncy ball eyeballs near me,Toys & Novelty,Toys & Novelty,Transactional
3325,Best halloween fidget spinner near me,Toys & Novelty,Toys & Novelty,Transactional
3326,Best halloween fidget spinner pack,Toys & Novelty,Toys & Novelty,Transactional
3327,Best halloween fidget toys with free shipping,Toys & Novelty,Toys & Novelty,Transactional
3328,Best halloween goodie bag toys usa,Toys & Novelty,Toys & Novelty,Transactional
3329,Best halloween prank toys delivered to your door,Toys & Novelty,Toys & Novelty,Transactional
3330,Best mini plastic spiders near me,Toys & Novelty,Toys & Novelty,Transactional
3331,Best spooky toys for kids delivered to your door,Toys & Novelty,Toys & Novelty,Transactional
3332,Bulk flying ghost mobile decoration,Toys & Novelty,Toys & Novelty,Transactional
3333,Bulk glow in the dark toys for halloween goodie bags,Toys & Novelty,Toys & Novelty,Transactional
3334,Bulk halloween fidget spinner,Toys & Novelty,Toys & Novelty,Transactional
3335,Bulk halloween fidget spinner for sale,Toys & Novelty,Toys & Novelty,Transactional
3336,Bulk halloween fidget spinner near me,Toys & Novelty,Toys & Novelty,Transactional
3337,Bulk halloween fidget spinner online,Toys & Novelty,Toys & Novelty,Transactional
3338,Bulk halloween novelty items with free shipping,Toys & Novelty,Toys & Novelty,Transactional
3339,Bulk halloween stress ball set,Toys & Novelty,Toys & Novelty,Transactional
3340,Bulk plastic skeleton hand toy online,Toys & Novelty,Toys & Novelty,Transactional
3341,Bulk spooky toys for kids ideas,Toys & Novelty,Toys & Novelty,Transactional
3342,Buy bouncy ball eyeballs near me,Toys & Novelty,Toys & Novelty,Transactional
3343,Buy halloween fidget spinner online,Toys & Novelty,Toys & Novelty,Transactional
3344,Buy halloween fidget spinner with free shipping,Toys & Novelty,Toys & Novelty,Transactional
3345,Buy halloween goodie bag toys near me,Toys & Novelty,Toys & Novelty,Transactional
3346,Buy halloween novelty items for sale,Toys & Novelty,Toys & Novelty,Transactional
3347,Buy halloween prank toys 2026,Toys & Novelty,Toys & Novelty,Transactional
3348,Buy halloween prank toys kit,Toys & Novelty,Toys & Novelty,Transactional
3349,Buy halloween prank toys set,Toys & Novelty,Toys & Novelty,Transactional
3350,Buy halloween toys online,Toys & Novelty,Toys & Novelty,Transactional
3351,Cheap flying ghost mobile decoration with fast shipping,Toys & Novelty,Toys & Novelty,Transactional
3352,Cheap glow in the dark toys for halloween,Toys & Novelty,Toys & Novelty,Transactional
3353,Cheap glow in the dark toys for halloween goodie bags,Toys & Novelty,Toys & Novelty,Transactional
3354,Cheap halloween fidget spinner 2026,Toys & Novelty,Toys & Novelty,Transactional
3355,Cheap halloween fidget spinner kit,Toys & Novelty,Toys & Novelty,Transactional
3356,Cheap halloween fidget toys online,Toys & Novelty,Toys & Novelty,Transactional
3357,Cheap halloween fidget toys usa,Toys & Novelty,Toys & Novelty,Transactional
3358,Cheap halloween fidget toys with fast shipping,Toys & Novelty,Toys & Novelty,Transactional
3359,Cheap halloween goodie bag toys,Toys & Novelty,Toys & Novelty,Transactional
3360,Cheap halloween goodie bag toys set,Toys & Novelty,Toys & Novelty,Transactional
3361,Cheap halloween novelty items delivered to your door,Toys & Novelty,Toys & Novelty,Transactional
3362,Cheap halloween novelty items for sale,Toys & Novelty,Toys & Novelty,Transactional
3363,Cheap halloween novelty items ideas,Toys & Novelty,Toys & Novelty,Transactional
3364,Cheap halloween novelty items usa,Toys & Novelty,Toys & Novelty,Transactional
3365,Cheap halloween prank toys near me,Toys & Novelty,Toys & Novelty,Transactional
3366,Cheap halloween stress ball pack,Toys & Novelty,Toys & Novelty,Transactional
3367,Cheap mini plastic spiders with fast shipping,Toys & Novelty,Toys & Novelty,Transactional
3368,Cheap plastic skeleton hand toy 2026,Toys & Novelty,Toys & Novelty,Transactional
3369,Classic bouncy ball eyeballs kit,Toys & Novelty,Toys & Novelty,Transactional
3370,Classic bouncy ball eyeballs near me,Toys & Novelty,Toys & Novelty,Transactional
3371,Classic glow in the dark toys for halloween goodie bags,Toys & Novelty,Toys & Novelty,Transactional
3372,Classic halloween novelty items online,Toys & Novelty,Toys & Novelty,Transactional
3373,Classic halloween prank toys near me,Toys & Novelty,Toys & Novelty,Transactional
3374,Classic halloween stress ball usa delivery,Toys & Novelty,Toys & Novelty,Transactional
3375,Classic mini plastic spiders near me,Toys & Novelty,Toys & Novelty,Transactional
3376,Classic plastic skeleton hand toy delivered to your door,Toys & Novelty,Toys & Novelty,Transactional
3377,Classic trick or treat toy fillers with fast shipping,Toys & Novelty,Toys & Novelty,Transactional
3378,Cool flying ghost mobile decoration near me,Toys & Novelty,Toys & Novelty,Transactional
3379,Cool glow in the dark toys for halloween usa,Toys & Novelty,Toys & Novelty,Transactional
3380,Cool halloween fidget toys with fast shipping,Toys & Novelty,Toys & Novelty,Transactional
3381,Cool halloween goodie bag toys for sale,Toys & Novelty,Toys & Novelty,Transactional
3382,Cool halloween novelty items pack,Toys & Novelty,Toys & Novelty,Transactional
3383,Cool halloween stress ball near me,Toys & Novelty,Toys & Novelty,Transactional
3384,Cool halloween toys set,Toys & Novelty,Toys & Novelty,Transactional
3385,Cool plastic skeleton hand toy near me,Toys & Novelty,Toys & Novelty,Transactional
3386,Cool trick or treat toy fillers,Toys & Novelty,Toys & Novelty,Transactional
3387,Cool trick or treat toy fillers near me,Toys & Novelty,Toys & Novelty,Transactional
3388,Cool trick or treat toy fillers with free shipping,Toys & Novelty,Toys & Novelty,Transactional
3389,Creepy bouncy ball eyeballs,Toys & Novelty,Toys & Novelty,Transactional
3390,Creepy glow in the dark toys for halloween party favors,Toys & Novelty,Toys & Novelty,Transactional
3391,Creepy halloween fidget spinner kit,Toys & Novelty,Toys & Novelty,Transactional
3392,Creepy halloween goodie bag toys in bulk,Toys & Novelty,Toys & Novelty,Transactional
3393,Creepy halloween novelty items with free shipping,Toys & Novelty,Toys & Novelty,Transactional
3394,Creepy halloween prank toys for sale,Toys & Novelty,Toys & Novelty,Transactional
3395,Creepy halloween prank toys with free shipping,Toys & Novelty,Toys & Novelty,Transactional
3396,Cute flying ghost mobile decoration 2026,Toys & Novelty,Toys & Novelty,Transactional
3397,Cute flying ghost mobile decoration delivered to your door,Toys & Novelty,Toys & Novelty,Transactional
3398,Cute glow in the dark toys for halloween near me,Toys & Novelty,Toys & Novelty,Transactional
3399,Cute halloween novelty items usa,Toys & Novelty,Toys & Novelty,Transactional
3400,Cute halloween stress ball near me,Toys & Novelty,Toys & Novelty,Transactional
3401,Cute halloween toys online,Toys & Novelty,Toys & Novelty,Transactional
3402,Cute plastic skeleton hand toy kit,Toys & Novelty,Toys & Novelty,Transactional
3403,Cute plastic skeleton hand toy near me,Toys & Novelty,Toys & Novelty,Transactional
3404,Cute spooky toys for kids set,Toys & Novelty,Toys & Novelty,Transactional
3405,Discount bouncy ball eyeballs for sale,Toys & Novelty,Toys & Novelty,Transactional
3406,Discount halloween fidget spinner ideas,Toys & Novelty,Toys & Novelty,Transactional
3407,Discount halloween novelty items near me,Toys & Novelty,Toys & Novelty,Transactional
3408,Discount halloween toys for sale,Toys & Novelty,Toys & Novelty,Transactional
3409,Discount mini plastic spiders in bulk,Toys & Novelty,Toys & Novelty,Transactional
3410,Discount spooky toys for kids,Toys & Novelty,Toys & Novelty,Transactional
3411,Discount spooky toys for kids 2026,Toys & Novelty,Toys & Novelty,Transactional
3412,Discount spooky toys for kids ideas,Toys & Novelty,Toys & Novelty,Transactional
3413,Discount spooky toys for kids usa delivery,Toys & Novelty,Toys & Novelty,Transactional
3414,Diy halloween fidget toys with free shipping,Toys & Novelty,Toys & Novelty,Transactional
3415,Diy halloween novelty items ideas,Toys & Novelty,Toys & Novelty,Transactional
3416,Diy halloween stress ball with free shipping,Toys & Novelty,Toys & Novelty,Transactional
3417,Diy mini plastic spiders with free shipping,Toys & Novelty,Toys & Novelty,Transactional
3418,Diy spooky toys for kids set,Toys & Novelty,Toys & Novelty,Transactional
3419,Diy trick or treat toy fillers ideas,Toys & Novelty,Toys & Novelty,Transactional
3420,Diy trick or treat toy fillers set,Toys & Novelty,Toys & Novelty,Transactional
3421,Easy flying ghost mobile decoration 2026,Toys & Novelty,Toys & Novelty,Transactional
3422,Easy glow in the dark toys for halloween near me,Toys & Novelty,Toys & Novelty,Transactional
3423,Easy halloween fidget toys for sale,Toys & Novelty,Toys & Novelty,Transactional
3424,Easy halloween goodie bag toys near me,Toys & Novelty,Toys & Novelty,Transactional
3425,Easy halloween goodie bag toys usa,Toys & Novelty,Toys & Novelty,Transactional
3426,Easy halloween prank toys near me,Toys & Novelty,Toys & Novelty,Transactional
3427,Easy mini plastic spiders pack,Toys & Novelty,Toys & Novelty,Transactional
3428,Flying ghost mobile decoration party favors,Toys & Novelty,Toys & Novelty,Transactional
3429,Funny bouncy ball eyeballs usa delivery,Toys & Novelty,Toys & Novelty,Transactional
3430,Funny glow in the dark toys for halloween party favors,Toys & Novelty,Toys & Novelty,Transactional
3431,Funny halloween fidget spinner near me,Toys & Novelty,Toys & Novelty,Transactional
3432,Funny halloween goodie bag toys near me,Toys & Novelty,Toys & Novelty,Transactional
3433,Funny halloween prank toys online,Toys & Novelty,Toys & Novelty,Transactional
3434,Funny spooky toys for kids near me,Toys & Novelty,Toys & Novelty,Transactional
3435,Get bouncy ball eyeballs near me,Toys & Novelty,Toys & Novelty,Transactional
3436,Get bouncy ball eyeballs pack,Toys & Novelty,Toys & Novelty,Transactional
3437,Get flying ghost mobile decoration party favors,Toys & Novelty,Toys & Novelty,Transactional
3438,Get flying ghost mobile decoration with free shipping,Toys & Novelty,Toys & Novelty,Transactional
3439,Get glow in the dark toys for halloween near me,Toys & Novelty,Toys & Novelty,Transactional
3440,Get halloween goodie bag toys online,Toys & Novelty,Toys & Novelty,Transactional
3441,Get halloween novelty items delivered to your door,Toys & Novelty,Toys & Novelty,Transactional
3442,Get halloween toys goodie bags,Toys & Novelty,Toys & Novelty,Transactional
3443,Get halloween toys kit,Toys & Novelty,Toys & Novelty,Transactional
3444,Get halloween toys near me,Toys & Novelty,Toys & Novelty,Transactional
3445,Get plastic skeleton hand toy goodie bags,Toys & Novelty,Toys & Novelty,Transactional
3446,Get plastic skeleton hand toy pack,Toys & Novelty,Toys & Novelty,Transactional
3447,Get plastic skeleton hand toy usa,Toys & Novelty,Toys & Novelty,Transactional
3448,Glow in the dark flying ghost mobile decoration with fast shipping,Toys & Novelty,Toys & Novelty,Transactional
3449,Glow in the dark halloween goodie bag toys near me,Toys & Novelty,Toys & Novelty,Transactional
3450,Glow in the dark halloween novelty items kit,Toys & Novelty,Toys & Novelty,Transactional
3451,Glow in the dark halloween prank toys usa,Toys & Novelty,Toys & Novelty,Transactional
3452,Glow in the dark halloween stress ball online,Toys & Novelty,Toys & Novelty,Transactional
3453,Glow in the dark halloween toys near me,Toys & Novelty,Toys & Novelty,Transactional
3454,Glow in the dark mini plastic spiders with fast shipping,Toys & Novelty,Toys & Novelty,Transactional
3455,Halloween goodie bag toys set,Toys & Novelty,Toys & Novelty,Transactional
3456,Halloween goodie bag toys with free shipping,Toys & Novelty,Toys & Novelty,Transactional
3457,Homemade halloween fidget spinner for sale,Toys & Novelty,Toys & Novelty,Transactional
3458,Homemade halloween goodie bag toys party favors,Toys & Novelty,Toys & Novelty,Transactional
3459,Homemade halloween prank toys with free shipping,Toys & Novelty,Toys & Novelty,Transactional
3460,Homemade halloween toys for sale,Toys & Novelty,Toys & Novelty,Transactional
3461,Homemade halloween toys party favors,Toys & Novelty,Toys & Novelty,Transactional
3462,Homemade plastic skeleton hand toy online,Toys & Novelty,Toys & Novelty,Transactional
3463,Kids glow in the dark toys for halloween pack,Toys & Novelty,Toys & Novelty,Transactional
3464,Kids halloween novelty items pack,Toys & Novelty,Toys & Novelty,Transactional
3465,Kids halloween prank toys for sale,Toys & Novelty,Toys & Novelty,Transactional
3466,Kids mini plastic spiders kit,Toys & Novelty,Toys & Novelty,Transactional
3467,Kids plastic skeleton hand toy online,Toys & Novelty,Toys & Novelty,Transactional
3468,Mini bouncy ball eyeballs kit,Toys & Novelty,Toys & Novelty,Transactional
3469,Mini bouncy ball eyeballs usa,Toys & Novelty,Toys & Novelty,Transactional
3470,Mini glow in the dark toys for halloween kit,Toys & Novelty,Toys & Novelty,Transactional
3471,Mini halloween goodie bag toys usa delivery,Toys & Novelty,Toys & Novelty,Transactional
3472,Mini halloween novelty items online,Toys & Novelty,Toys & Novelty,Transactional
3473,Mini halloween prank toys with fast shipping,Toys & Novelty,Toys & Novelty,Transactional
3474,Mini halloween toys usa,Toys & Novelty,Toys & Novelty,Transactional
3475,Mini plastic skeleton hand toy set,Toys & Novelty,Toys & Novelty,Transactional
3476,Mini plastic skeleton hand toy usa,Toys & Novelty,Toys & Novelty,Transactional
3477,Mini spooky toys for kids kit,Toys & Novelty,Toys & Novelty,Transactional
3478,Mini trick or treat toy fillers 2026,Toys & Novelty,Toys & Novelty,Transactional
3479,Mini trick or treat toy fillers usa delivery,Toys & Novelty,Toys & Novelty,Transactional
3480,Order flying ghost mobile decoration,Toys & Novelty,Toys & Novelty,Transactional
3481,Order flying ghost mobile decoration in bulk,Toys & Novelty,Toys & Novelty,Transactional
3482,Order halloween fidget spinner usa,Toys & Novelty,Toys & Novelty,Transactional
3483,Order halloween novelty items near me,Toys & Novelty,Toys & Novelty,Transactional
3484,Order halloween prank toys usa delivery,Toys & Novelty,Toys & Novelty,Transactional
3485,Order mini plastic spiders goodie bags,Toys & Novelty,Toys & Novelty,Transactional
3486,Order trick or treat toy fillers 2026,Toys & Novelty,Toys & Novelty,Transactional
3487,Premium bouncy ball eyeballs set,Toys & Novelty,Toys & Novelty,Transactional
3488,Premium flying ghost mobile decoration kit,Toys & Novelty,Toys & Novelty,Transactional
3489,Premium halloween goodie bag toys near me,Toys & Novelty,Toys & Novelty,Transactional
3490,Premium mini plastic spiders goodie bags,Toys & Novelty,Toys & Novelty,Transactional
3491,Quality glow in the dark toys for halloween online,Toys & Novelty,Toys & Novelty,Transactional
3492,Quality glow in the dark toys for halloween set,Toys & Novelty,Toys & Novelty,Transactional
3493,Quality halloween fidget spinner online,Toys & Novelty,Toys & Novelty,Transactional
3494,Quality halloween novelty items,Toys & Novelty,Toys & Novelty,Transactional
3495,Quality halloween prank toys near me,Toys & Novelty,Toys & Novelty,Transactional
3496,Quality halloween prank toys online,Toys & Novelty,Toys & Novelty,Transactional
3497,Quality halloween prank toys party favors,Toys & Novelty,Toys & Novelty,Transactional
3498,Quality mini plastic spiders delivered to your door,Toys & Novelty,Toys & Novelty,Transactional
3499,Quality mini plastic spiders ideas,Toys & Novelty,Toys & Novelty,Transactional
3500,Quality mini plastic spiders near me,Toys & Novelty,Toys & Novelty,Transactional
3501,Quality mini plastic spiders usa delivery,Toys & Novelty,Toys & Novelty,Transactional
3502,Quality spooky toys for kids online,Toys & Novelty,Toys & Novelty,Transactional
3503,Scary flying ghost mobile decoration with free shipping,Toys & Novelty,Toys & Novelty,Transactional
3504,Scary glow in the dark toys for halloween ideas,Toys & Novelty,Toys & Novelty,Transactional
3505,Scary halloween novelty items party favors,Toys & Novelty,Toys & Novelty,Transactional
3506,Scary halloween prank toys near me,Toys & Novelty,Toys & Novelty,Transactional
3507,Scary halloween prank toys with fast shipping,Toys & Novelty,Toys & Novelty,Transactional
3508,Scary halloween stress ball delivered to your door,Toys & Novelty,Toys & Novelty,Transactional
3509,Scary halloween toys near me,Toys & Novelty,Toys & Novelty,Transactional
3510,Scary mini plastic spiders in bulk,Toys & Novelty,Toys & Novelty,Transactional
3511,Scary plastic skeleton hand toy near me,Toys & Novelty,Toys & Novelty,Transactional
3512,Shop for bouncy ball eyeballs ideas,Toys & Novelty,Toys & Novelty,Transactional
3513,Shop for halloween novelty items,Toys & Novelty,Toys & Novelty,Transactional
3514,Shop for trick or treat toy fillers near me,Toys & Novelty,Toys & Novelty,Transactional
3515,Shop halloween novelty items usa delivery,Toys & Novelty,Toys & Novelty,Transactional
3516,Shop mini plastic spiders party favors,Toys & Novelty,Toys & Novelty,Transactional
3517,Shop spooky toys for kids delivered to your door,Toys & Novelty,Toys & Novelty,Transactional
3518,Spooky glow in the dark toys for halloween set,Toys & Novelty,Toys & Novelty,Transactional
3519,Spooky halloween novelty items kit,Toys & Novelty,Toys & Novelty,Transactional
3520,Spooky halloween stress ball with fast shipping,Toys & Novelty,Toys & Novelty,Transactional
3521,Spooky halloween toys 2026,Toys & Novelty,Toys & Novelty,Transactional
3522,Top halloween fidget spinner set,Toys & Novelty,Toys & Novelty,Transactional
3523,Top halloween fidget toys pack,Toys & Novelty,Toys & Novelty,Transactional
3524,Top halloween goodie bag toys with fast shipping,Toys & Novelty,Toys & Novelty,Transactional
3525,Top halloween novelty items goodie bags,Toys & Novelty,Toys & Novelty,Transactional
3526,Top halloween stress ball with fast shipping,Toys & Novelty,Toys & Novelty,Transactional
3527,Top halloween toys delivered to your door,Toys & Novelty,Toys & Novelty,Transactional
3528,Top mini plastic spiders pack,Toys & Novelty,Toys & Novelty,Transactional
3529,Top spooky toys for kids ideas,Toys & Novelty,Toys & Novelty,Transactional
3530,Top spooky toys for kids online,Toys & Novelty,Toys & Novelty,Transactional
3531,Top trick or treat toy fillers ideas,Toys & Novelty,Toys & Novelty,Transactional
3532,Top trick or treat toy fillers pack,Toys & Novelty,Toys & Novelty,Transactional
3533,Unique bouncy ball eyeballs near me,Toys & Novelty,Toys & Novelty,Transactional
3534,Unique halloween stress ball 2026,Toys & Novelty,Toys & Novelty,Transactional
3535,Unique halloween stress ball delivered to your door,Toys & Novelty,Toys & Novelty,Transactional
3536,Unique mini plastic spiders online,Toys & Novelty,Toys & Novelty,Transactional
3537,Unique plastic skeleton hand toy,Toys & Novelty,Toys & Novelty,Transactional
3538,Unique plastic skeleton hand toy near me,Toys & Novelty,Toys & Novelty,Transactional
3539,Unique plastic skeleton hand toy with fast shipping,Toys & Novelty,Toys & Novelty,Transactional
3540,Unique trick or treat toy fillers for sale,Toys & Novelty,Toys & Novelty,Transactional
3541,Affordable blood red taper candles near me,Candles & Fragrance,Candles & Fragrance,Transactional
3542,Affordable halloween candles delivered to your door,Candles & Fragrance,Candles & Fragrance,Transactional
3543,Affordable halloween reed diffuser set,Candles & Fragrance,Candles & Fragrance,Transactional
3544,Affordable jack o lantern candle holder set,Candles & Fragrance,Candles & Fragrance,Transactional
3545,Affordable witch's brew scented candle,Candles & Fragrance,Candles & Fragrance,Transactional
3546,Autumn bat shaped tealight holders near me,Candles & Fragrance,Candles & Fragrance,Transactional
3547,Autumn blood red taper candles for sale,Candles & Fragrance,Candles & Fragrance,Transactional
3548,Autumn blood red taper candles in bulk,Candles & Fragrance,Candles & Fragrance,Transactional
3549,Autumn blood red taper candles pack,Candles & Fragrance,Candles & Fragrance,Transactional
3550,Autumn halloween wax melts set,Candles & Fragrance,Candles & Fragrance,Transactional
3551,Autumn jack o lantern candle holder for sale,Candles & Fragrance,Candles & Fragrance,Transactional
3552,Autumn witch's brew scented candle pack,Candles & Fragrance,Candles & Fragrance,Transactional
3553,Best blood red taper candles ideas,Candles & Fragrance,Candles & Fragrance,Transactional
3554,Best blood red taper candles online,Candles & Fragrance,Candles & Fragrance,Transactional
3555,Best halloween candles for sale,Candles & Fragrance,Candles & Fragrance,Transactional
3556,Best halloween candles near me,Candles & Fragrance,Candles & Fragrance,Transactional
3557,Best halloween home fragrance near me,Candles & Fragrance,Candles & Fragrance,Transactional
3558,Best halloween wax melts with fast shipping,Candles & Fragrance,Candles & Fragrance,Transactional
3559,Best haunted house reed diffuser usa,Candles & Fragrance,Candles & Fragrance,Transactional
3560,Best haunted house reed diffuser usa shipping,Candles & Fragrance,Candles & Fragrance,Transactional
3561,Best skull tealight candles in bulk,Candles & Fragrance,Candles & Fragrance,Transactional
3562,Best spooky scented candle near me,Candles & Fragrance,Candles & Fragrance,Transactional
3563,Best spooky scented candle usa shipping,Candles & Fragrance,Candles & Fragrance,Transactional
3564,Buy bat shaped tealight holders usa shipping,Candles & Fragrance,Candles & Fragrance,Transactional
3565,Buy halloween home fragrance usa shipping,Candles & Fragrance,Candles & Fragrance,Transactional
3566,Buy haunted house reed diffuser for sale,Candles & Fragrance,Candles & Fragrance,Transactional
3567,Buy pumpkin spice candle for sale,Candles & Fragrance,Candles & Fragrance,Transactional
3568,Buy pumpkin spice candle online,Candles & Fragrance,Candles & Fragrance,Transactional
3569,Buy skull tealight candles ideas,Candles & Fragrance,Candles & Fragrance,Transactional
3570,Buy skull tealight candles with fast shipping,Candles & Fragrance,Candles & Fragrance,Transactional
3571,Cheap halloween home fragrance pack,Candles & Fragrance,Candles & Fragrance,Transactional
3572,Cheap pumpkin spice candle online,Candles & Fragrance,Candles & Fragrance,Transactional
3573,Cheap pumpkin spice candle with fast shipping,Candles & Fragrance,Candles & Fragrance,Transactional
3574,Cheap witch's brew scented candle in bulk,Candles & Fragrance,Candles & Fragrance,Transactional
3575,Classic bat shaped tealight holders for sale,Candles & Fragrance,Candles & Fragrance,Transactional
3576,Classic halloween candles usa shipping,Candles & Fragrance,Candles & Fragrance,Transactional
3577,Classic halloween home fragrance in bulk,Candles & Fragrance,Candles & Fragrance,Transactional
3578,Classic halloween home fragrance kit,Candles & Fragrance,Candles & Fragrance,Transactional
3579,Classic halloween reed diffuser for sale,Candles & Fragrance,Candles & Fragrance,Transactional
3580,Classic haunted house reed diffuser,Candles & Fragrance,Candles & Fragrance,Transactional
3581,Classic haunted house reed diffuser gift set,Candles & Fragrance,Candles & Fragrance,Transactional
3582,Classic haunted house reed diffuser with free shipping,Candles & Fragrance,Candles & Fragrance,Transactional
3583,Classic pumpkin spice candle 2026,Candles & Fragrance,Candles & Fragrance,Transactional
3584,Classic skull tealight candles for sale,Candles & Fragrance,Candles & Fragrance,Transactional
3585,Classic skull tealight candles near me,Candles & Fragrance,Candles & Fragrance,Transactional
3586,Cool bat shaped tealight holders near me,Candles & Fragrance,Candles & Fragrance,Transactional
3587,Cool bat shaped tealight holders online,Candles & Fragrance,Candles & Fragrance,Transactional
3588,Cool halloween candles for sale,Candles & Fragrance,Candles & Fragrance,Transactional
3589,Cool halloween reed diffuser for sale,Candles & Fragrance,Candles & Fragrance,Transactional
3590,Creepy bat shaped tealight holders 2026,Candles & Fragrance,Candles & Fragrance,Transactional
3591,Creepy blood red taper candles,Candles & Fragrance,Candles & Fragrance,Transactional
3592,Creepy halloween candles 2026,Candles & Fragrance,Candles & Fragrance,Transactional
3593,Creepy witch's brew scented candle near me,Candles & Fragrance,Candles & Fragrance,Transactional
3594,Creepy witch's brew scented candle pack,Candles & Fragrance,Candles & Fragrance,Transactional
3595,Cute blood red taper candles set,Candles & Fragrance,Candles & Fragrance,Transactional
3596,Cute blood red taper candles usa,Candles & Fragrance,Candles & Fragrance,Transactional
3597,Cute blood red taper candles usa shipping,Candles & Fragrance,Candles & Fragrance,Transactional
3598,Cute halloween wax melts near me,Candles & Fragrance,Candles & Fragrance,Transactional
3599,Cute jack o lantern candle holder usa shipping,Candles & Fragrance,Candles & Fragrance,Transactional
3600,Cute jack o lantern candle holder with fast shipping,Candles & Fragrance,Candles & Fragrance,Transactional
3601,Cute skull tealight candles delivered to your door,Candles & Fragrance,Candles & Fragrance,Transactional
3602,Cute skull tealight candles with free shipping,Candles & Fragrance,Candles & Fragrance,Transactional
3603,Cute witch's brew scented candle for sale,Candles & Fragrance,Candles & Fragrance,Transactional
3604,Discount bat shaped tealight holders 2026,Candles & Fragrance,Candles & Fragrance,Transactional
3605,Discount halloween candles kit,Candles & Fragrance,Candles & Fragrance,Transactional
3606,Discount halloween home fragrance with free shipping,Candles & Fragrance,Candles & Fragrance,Transactional
3607,Discount haunted house reed diffuser,Candles & Fragrance,Candles & Fragrance,Transactional
3608,Discount haunted house reed diffuser gift set,Candles & Fragrance,Candles & Fragrance,Transactional
3609,Diy bat shaped tealight holders near me,Candles & Fragrance,Candles & Fragrance,Transactional
3610,Diy bat shaped tealight holders with free shipping,Candles & Fragrance,Candles & Fragrance,Transactional
3611,Easy halloween home fragrance usa,Candles & Fragrance,Candles & Fragrance,Transactional
3612,Easy halloween wax melts for sale,Candles & Fragrance,Candles & Fragrance,Transactional
3613,Easy haunted house reed diffuser usa,Candles & Fragrance,Candles & Fragrance,Transactional
3614,Easy jack o lantern candle holder set,Candles & Fragrance,Candles & Fragrance,Transactional
3615,Easy spooky scented candle for sale,Candles & Fragrance,Candles & Fragrance,Transactional
3616,Funny bat shaped tealight holders for sale,Candles & Fragrance,Candles & Fragrance,Transactional
3617,Funny halloween reed diffuser with fast shipping,Candles & Fragrance,Candles & Fragrance,Transactional
3618,Funny halloween wax melts pack,Candles & Fragrance,Candles & Fragrance,Transactional
3619,Get halloween home fragrance near me,Candles & Fragrance,Candles & Fragrance,Transactional
3620,Get halloween reed diffuser for sale,Candles & Fragrance,Candles & Fragrance,Transactional
3621,Get haunted house reed diffuser kit,Candles & Fragrance,Candles & Fragrance,Transactional
3622,Get haunted house reed diffuser online,Candles & Fragrance,Candles & Fragrance,Transactional
3623,Get witch's brew scented candle with free shipping,Candles & Fragrance,Candles & Fragrance,Transactional
3624,Halloween home fragrance,Candles & Fragrance,Candles & Fragrance,Transactional
3625,Halloween home fragrance online,Candles & Fragrance,Candles & Fragrance,Transactional
3626,Halloween home fragrance pack,Candles & Fragrance,Candles & Fragrance,Transactional
3627,Haunted house reed diffuser set,Candles & Fragrance,Candles & Fragrance,Transactional
3628,Haunted house reed diffuser with fast shipping,Candles & Fragrance,Candles & Fragrance,Transactional
3629,Homemade haunted house reed diffuser 2026,Candles & Fragrance,Candles & Fragrance,Transactional
3630,Homemade pumpkin spice candle 2026,Candles & Fragrance,Candles & Fragrance,Transactional
3631,Homemade pumpkin spice candle kit,Candles & Fragrance,Candles & Fragrance,Transactional
3632,Homemade spooky scented candle near me,Candles & Fragrance,Candles & Fragrance,Transactional
3633,Homemade witch's brew scented candle 2026,Candles & Fragrance,Candles & Fragrance,Transactional
3634,Order bat shaped tealight holders 2026,Candles & Fragrance,Candles & Fragrance,Transactional
3635,Order halloween reed diffuser 2026,Candles & Fragrance,Candles & Fragrance,Transactional
3636,Order halloween wax melts usa shipping,Candles & Fragrance,Candles & Fragrance,Transactional
3637,Order haunted house reed diffuser,Candles & Fragrance,Candles & Fragrance,Transactional
3638,Order haunted house reed diffuser delivered to your door,Candles & Fragrance,Candles & Fragrance,Transactional
3639,Order pumpkin spice candle,Candles & Fragrance,Candles & Fragrance,Transactional
3640,Order skull tealight candles gift set,Candles & Fragrance,Candles & Fragrance,Transactional
3641,Premium bat shaped tealight holders delivered to your door,Candles & Fragrance,Candles & Fragrance,Transactional
3642,Premium bat shaped tealight holders online,Candles & Fragrance,Candles & Fragrance,Transactional
3643,Premium blood red taper candles online,Candles & Fragrance,Candles & Fragrance,Transactional
3644,Premium blood red taper candles usa shipping,Candles & Fragrance,Candles & Fragrance,Transactional
3645,Premium halloween candles near me,Candles & Fragrance,Candles & Fragrance,Transactional
3646,Premium halloween reed diffuser in bulk,Candles & Fragrance,Candles & Fragrance,Transactional
3647,Premium halloween wax melts delivered to your door,Candles & Fragrance,Candles & Fragrance,Transactional
3648,Premium skull tealight candles,Candles & Fragrance,Candles & Fragrance,Transactional
3649,Premium spooky scented candle ideas,Candles & Fragrance,Candles & Fragrance,Transactional
3650,Quality blood red taper candles 2026,Candles & Fragrance,Candles & Fragrance,Transactional
3651,Quality blood red taper candles online,Candles & Fragrance,Candles & Fragrance,Transactional
3652,Quality blood red taper candles with fast shipping,Candles & Fragrance,Candles & Fragrance,Transactional
3653,Quality halloween candles in bulk,Candles & Fragrance,Candles & Fragrance,Transactional
3654,Quality halloween home fragrance,Candles & Fragrance,Candles & Fragrance,Transactional
3655,Quality halloween home fragrance near me,Candles & Fragrance,Candles & Fragrance,Transactional
3656,Quality halloween reed diffuser pack,Candles & Fragrance,Candles & Fragrance,Transactional
3657,Quality halloween wax melts ideas,Candles & Fragrance,Candles & Fragrance,Transactional
3658,Quality halloween wax melts with free shipping,Candles & Fragrance,Candles & Fragrance,Transactional
3659,Quality jack o lantern candle holder kit,Candles & Fragrance,Candles & Fragrance,Transactional
3660,Quality spooky scented candle near me,Candles & Fragrance,Candles & Fragrance,Transactional
3661,Quality witch's brew scented candle near me,Candles & Fragrance,Candles & Fragrance,Transactional
3662,Scary bat shaped tealight holders delivered to your door,Candles & Fragrance,Candles & Fragrance,Transactional
3663,Scary bat shaped tealight holders ideas,Candles & Fragrance,Candles & Fragrance,Transactional
3664,Scary blood red taper candles ideas,Candles & Fragrance,Candles & Fragrance,Transactional
3665,Scary haunted house reed diffuser kit,Candles & Fragrance,Candles & Fragrance,Transactional
3666,Scary haunted house reed diffuser pack,Candles & Fragrance,Candles & Fragrance,Transactional
3667,Scary skull tealight candles gift set,Candles & Fragrance,Candles & Fragrance,Transactional
3668,Scented halloween home fragrance online,Candles & Fragrance,Candles & Fragrance,Transactional
3669,Scented halloween reed diffuser usa,Candles & Fragrance,Candles & Fragrance,Transactional
3670,Scented skull tealight candles ideas,Candles & Fragrance,Candles & Fragrance,Transactional
3671,Shop bat shaped tealight holders delivered to your door,Candles & Fragrance,Candles & Fragrance,Transactional
3672,Shop blood red taper candles with free shipping,Candles & Fragrance,Candles & Fragrance,Transactional
3673,Shop for bat shaped tealight holders ideas,Candles & Fragrance,Candles & Fragrance,Transactional
3674,Shop for halloween candles 2026,Candles & Fragrance,Candles & Fragrance,Transactional
3675,Shop for halloween home fragrance set,Candles & Fragrance,Candles & Fragrance,Transactional
3676,Shop for halloween wax melts online,Candles & Fragrance,Candles & Fragrance,Transactional
3677,Shop for haunted house reed diffuser near me,Candles & Fragrance,Candles & Fragrance,Transactional
3678,Shop for jack o lantern candle holder online,Candles & Fragrance,Candles & Fragrance,Transactional
3679,Shop for pumpkin spice candle in bulk,Candles & Fragrance,Candles & Fragrance,Transactional
3680,Shop halloween home fragrance for sale,Candles & Fragrance,Candles & Fragrance,Transactional
3681,Shop halloween reed diffuser usa,Candles & Fragrance,Candles & Fragrance,Transactional
3682,Shop halloween wax melts near me,Candles & Fragrance,Candles & Fragrance,Transactional
3683,Shop halloween wax melts pack,Candles & Fragrance,Candles & Fragrance,Transactional
3684,Shop spooky scented candle for sale,Candles & Fragrance,Candles & Fragrance,Transactional
3685,Soy halloween candles near me,Candles & Fragrance,Candles & Fragrance,Transactional
3686,Soy halloween candles online,Candles & Fragrance,Candles & Fragrance,Transactional
3687,Soy halloween home fragrance for sale,Candles & Fragrance,Candles & Fragrance,Transactional
3688,Soy halloween home fragrance pack,Candles & Fragrance,Candles & Fragrance,Transactional
3689,Soy halloween reed diffuser pack,Candles & Fragrance,Candles & Fragrance,Transactional
3690,Soy jack o lantern candle holder 2026,Candles & Fragrance,Candles & Fragrance,Transactional
3691,Soy pumpkin spice candle near me,Candles & Fragrance,Candles & Fragrance,Transactional
3692,Soy pumpkin spice candle set,Candles & Fragrance,Candles & Fragrance,Transactional
3693,Soy spooky scented candle kit,Candles & Fragrance,Candles & Fragrance,Transactional
3694,Soy witch's brew scented candle in bulk,Candles & Fragrance,Candles & Fragrance,Transactional
3695,Soy witch's brew scented candle online,Candles & Fragrance,Candles & Fragrance,Transactional
3696,Spooky bat shaped tealight holders ideas,Candles & Fragrance,Candles & Fragrance,Transactional
3697,Spooky halloween candles usa shipping,Candles & Fragrance,Candles & Fragrance,Transactional
3698,Spooky halloween home fragrance ideas,Candles & Fragrance,Candles & Fragrance,Transactional
3699,Spooky halloween home fragrance usa,Candles & Fragrance,Candles & Fragrance,Transactional
3700,Spooky halloween reed diffuser delivered to your door,Candles & Fragrance,Candles & Fragrance,Transactional
3701,Spooky halloween reed diffuser gift set,Candles & Fragrance,Candles & Fragrance,Transactional
3702,Spooky halloween reed diffuser usa shipping,Candles & Fragrance,Candles & Fragrance,Transactional
3703,Spooky halloween wax melts in bulk,Candles & Fragrance,Candles & Fragrance,Transactional
3704,Spooky pumpkin spice candle gift set,Candles & Fragrance,Candles & Fragrance,Transactional
3705,Spooky pumpkin spice candle near me,Candles & Fragrance,Candles & Fragrance,Transactional
3706,Spooky scented candle pack,Candles & Fragrance,Candles & Fragrance,Transactional
3707,Top halloween home fragrance for sale,Candles & Fragrance,Candles & Fragrance,Transactional
3708,Top halloween wax melts ideas,Candles & Fragrance,Candles & Fragrance,Transactional
3709,Top haunted house reed diffuser for sale,Candles & Fragrance,Candles & Fragrance,Transactional
3710,Top skull tealight candles gift set,Candles & Fragrance,Candles & Fragrance,Transactional
3711,Top spooky scented candle,Candles & Fragrance,Candles & Fragrance,Transactional
3712,Top spooky scented candle set,Candles & Fragrance,Candles & Fragrance,Transactional
3713,Unique blood red taper candles near me,Candles & Fragrance,Candles & Fragrance,Transactional
3714,Unique blood red taper candles online,Candles & Fragrance,Candles & Fragrance,Transactional
3715,Unique halloween home fragrance online,Candles & Fragrance,Candles & Fragrance,Transactional
3716,Unique haunted house reed diffuser gift set,Candles & Fragrance,Candles & Fragrance,Transactional
3717,Unique jack o lantern candle holder near me,Candles & Fragrance,Candles & Fragrance,Transactional
3718,Unique jack o lantern candle holder pack,Candles & Fragrance,Candles & Fragrance,Transactional
3719,Unique jack o lantern candle holder with free shipping,Candles & Fragrance,Candles & Fragrance,Transactional
3720,Unique skull tealight candles for sale,Candles & Fragrance,Candles & Fragrance,Transactional
3721,Affordable glow in the dark skull bracelet pack,Jewelry & Accessories,Jewelry & Accessories,Transactional
3722,Affordable gothic jewelry with free shipping,Jewelry & Accessories,Jewelry & Accessories,Transactional
3723,Affordable halloween earrings near me,Jewelry & Accessories,Jewelry & Accessories,Transactional
3724,Affordable pumpkin charm bracelet near me,Jewelry & Accessories,Jewelry & Accessories,Transactional
3725,Affordable witch hat charm keychain,Jewelry & Accessories,Jewelry & Accessories,Transactional
3726,Affordable witch hat charm keychain near me,Jewelry & Accessories,Jewelry & Accessories,Transactional
3727,Bat earrings with fast shipping,Jewelry & Accessories,Jewelry & Accessories,Transactional
3728,Best glow in the dark skull bracelet for sale,Jewelry & Accessories,Jewelry & Accessories,Transactional
3729,Best gothic cross pendant pack,Jewelry & Accessories,Jewelry & Accessories,Transactional
3730,Best gothic cross pendant set,Jewelry & Accessories,Jewelry & Accessories,Transactional
3731,Best gothic jewelry 2026,Jewelry & Accessories,Jewelry & Accessories,Transactional
3732,Best pumpkin charm bracelet ideas,Jewelry & Accessories,Jewelry & Accessories,Transactional
3733,Best skeleton hand ring for sale,Jewelry & Accessories,Jewelry & Accessories,Transactional
3734,Black cat earrings kit,Jewelry & Accessories,Jewelry & Accessories,Transactional
3735,Black halloween earrings near me,Jewelry & Accessories,Jewelry & Accessories,Transactional
3736,Black halloween jewelry kit,Jewelry & Accessories,Jewelry & Accessories,Transactional
3737,Black halloween necklace online,Jewelry & Accessories,Jewelry & Accessories,Transactional
3738,Black pumpkin charm bracelet pack,Jewelry & Accessories,Jewelry & Accessories,Transactional
3739,Black skeleton hand ring online,Jewelry & Accessories,Jewelry & Accessories,Transactional
3740,Black spider web choker necklace kit,Jewelry & Accessories,Jewelry & Accessories,Transactional
3741,Black witch hat charm keychain near me,Jewelry & Accessories,Jewelry & Accessories,Transactional
3742,Black witch hat charm keychain online,Jewelry & Accessories,Jewelry & Accessories,Transactional
3743,Buy spider web choker necklace for sale,Jewelry & Accessories,Jewelry & Accessories,Transactional
3744,Buy spider web choker necklace usa shipping,Jewelry & Accessories,Jewelry & Accessories,Transactional
3745,Buy witch hat charm keychain,Jewelry & Accessories,Jewelry & Accessories,Transactional
3746,Cheap black cat earrings with fast shipping,Jewelry & Accessories,Jewelry & Accessories,Transactional
3747,Cheap glow in the dark skull bracelet usa shipping,Jewelry & Accessories,Jewelry & Accessories,Transactional
3748,Cheap gothic cross pendant near me,Jewelry & Accessories,Jewelry & Accessories,Transactional
3749,Cheap gothic jewelry usa shipping,Jewelry & Accessories,Jewelry & Accessories,Transactional
3750,Cheap halloween jewelry kit,Jewelry & Accessories,Jewelry & Accessories,Transactional
3751,Cheap skull pendant necklace delivered to your door,Jewelry & Accessories,Jewelry & Accessories,Transactional
3752,Classic bat earrings 2026,Jewelry & Accessories,Jewelry & Accessories,Transactional
3753,Classic black cat earrings ideas,Jewelry & Accessories,Jewelry & Accessories,Transactional
3754,Classic glow in the dark skull bracelet kit,Jewelry & Accessories,Jewelry & Accessories,Transactional
3755,Classic gothic cross pendant gift,Jewelry & Accessories,Jewelry & Accessories,Transactional
3756,Classic gothic cross pendant online,Jewelry & Accessories,Jewelry & Accessories,Transactional
3757,Classic gothic jewelry ideas,Jewelry & Accessories,Jewelry & Accessories,Transactional
3758,Classic halloween necklace 2026,Jewelry & Accessories,Jewelry & Accessories,Transactional
3759,Classic halloween necklace near me,Jewelry & Accessories,Jewelry & Accessories,Transactional
3760,Classic pumpkin charm bracelet 2026,Jewelry & Accessories,Jewelry & Accessories,Transactional
3761,Classic pumpkin charm bracelet for sale,Jewelry & Accessories,Jewelry & Accessories,Transactional
3762,Classic pumpkin charm bracelet near me,Jewelry & Accessories,Jewelry & Accessories,Transactional
3763,Classic skull pendant necklace kit,Jewelry & Accessories,Jewelry & Accessories,Transactional
3764,Classic skull pendant necklace near me,Jewelry & Accessories,Jewelry & Accessories,Transactional
3765,Classic spider web choker necklace 2026,Jewelry & Accessories,Jewelry & Accessories,Transactional
3766,Cool halloween earrings with fast shipping,Jewelry & Accessories,Jewelry & Accessories,Transactional
3767,Cool skeleton hand ring with fast shipping,Jewelry & Accessories,Jewelry & Accessories,Transactional
3768,Cool spider web choker necklace for sale,Jewelry & Accessories,Jewelry & Accessories,Transactional
3769,Creepy bat earrings in bulk,Jewelry & Accessories,Jewelry & Accessories,Transactional
3770,Creepy glow in the dark skull bracelet set,Jewelry & Accessories,Jewelry & Accessories,Transactional
3771,Creepy gothic cross pendant for sale,Jewelry & Accessories,Jewelry & Accessories,Transactional
3772,Creepy halloween earrings in bulk,Jewelry & Accessories,Jewelry & Accessories,Transactional
3773,Creepy halloween earrings set,Jewelry & Accessories,Jewelry & Accessories,Transactional
3774,Creepy halloween necklace kit,Jewelry & Accessories,Jewelry & Accessories,Transactional
3775,Creepy pumpkin charm bracelet in bulk,Jewelry & Accessories,Jewelry & Accessories,Transactional
3776,Cute black cat earrings for sale,Jewelry & Accessories,Jewelry & Accessories,Transactional
3777,Cute glow in the dark skull bracelet near me,Jewelry & Accessories,Jewelry & Accessories,Transactional
3778,Cute gothic cross pendant with free shipping,Jewelry & Accessories,Jewelry & Accessories,Transactional
3779,Cute gothic jewelry delivered to your door,Jewelry & Accessories,Jewelry & Accessories,Transactional
3780,Cute halloween earrings usa,Jewelry & Accessories,Jewelry & Accessories,Transactional
3781,Cute skeleton hand ring gift,Jewelry & Accessories,Jewelry & Accessories,Transactional
3782,Cute skull pendant necklace near me,Jewelry & Accessories,Jewelry & Accessories,Transactional
3783,Discount black cat earrings 2026,Jewelry & Accessories,Jewelry & Accessories,Transactional
3784,Discount halloween earrings usa shipping,Jewelry & Accessories,Jewelry & Accessories,Transactional
3785,Discount halloween necklace with free shipping,Jewelry & Accessories,Jewelry & Accessories,Transactional
3786,Discount pumpkin charm bracelet near me,Jewelry & Accessories,Jewelry & Accessories,Transactional
3787,Discount skull pendant necklace online,Jewelry & Accessories,Jewelry & Accessories,Transactional
3788,Discount witch hat charm keychain in bulk,Jewelry & Accessories,Jewelry & Accessories,Transactional
3789,Diy black cat earrings online,Jewelry & Accessories,Jewelry & Accessories,Transactional
3790,Diy glow in the dark skull bracelet 2026,Jewelry & Accessories,Jewelry & Accessories,Transactional
3791,Diy halloween earrings for sale,Jewelry & Accessories,Jewelry & Accessories,Transactional
3792,Diy halloween jewelry for sale,Jewelry & Accessories,Jewelry & Accessories,Transactional
3793,Diy halloween necklace delivered to your door,Jewelry & Accessories,Jewelry & Accessories,Transactional
3794,Diy halloween necklace with fast shipping,Jewelry & Accessories,Jewelry & Accessories,Transactional
3795,Diy skull pendant necklace with free shipping,Jewelry & Accessories,Jewelry & Accessories,Transactional
3796,Easy bat earrings in bulk,Jewelry & Accessories,Jewelry & Accessories,Transactional
3797,Easy glow in the dark skull bracelet near me,Jewelry & Accessories,Jewelry & Accessories,Transactional
3798,Easy skeleton hand ring delivered to your door,Jewelry & Accessories,Jewelry & Accessories,Transactional
3799,Easy skeleton hand ring usa,Jewelry & Accessories,Jewelry & Accessories,Transactional
3800,Easy spider web choker necklace gift,Jewelry & Accessories,Jewelry & Accessories,Transactional
3801,Funny gothic cross pendant ideas,Jewelry & Accessories,Jewelry & Accessories,Transactional
3802,Funny gothic cross pendant usa,Jewelry & Accessories,Jewelry & Accessories,Transactional
3803,Funny halloween jewelry with free shipping,Jewelry & Accessories,Jewelry & Accessories,Transactional
3804,Funny pumpkin charm bracelet gift,Jewelry & Accessories,Jewelry & Accessories,Transactional
3805,Get glow in the dark skull bracelet near me,Jewelry & Accessories,Jewelry & Accessories,Transactional
3806,Get gothic jewelry near me,Jewelry & Accessories,Jewelry & Accessories,Transactional
3807,Get halloween earrings with free shipping,Jewelry & Accessories,Jewelry & Accessories,Transactional
3808,Get halloween jewelry for sale,Jewelry & Accessories,Jewelry & Accessories,Transactional
3809,Get spider web choker necklace delivered to your door,Jewelry & Accessories,Jewelry & Accessories,Transactional
3810,Get spider web choker necklace pack,Jewelry & Accessories,Jewelry & Accessories,Transactional
3811,Get witch hat charm keychain near me,Jewelry & Accessories,Jewelry & Accessories,Transactional
3812,Get witch hat charm keychain online,Jewelry & Accessories,Jewelry & Accessories,Transactional
3813,Glow in the dark skull bracelet for sale,Jewelry & Accessories,Jewelry & Accessories,Transactional
3814,Gothic cross pendant with free shipping,Jewelry & Accessories,Jewelry & Accessories,Transactional
3815,Gothic halloween earrings usa shipping,Jewelry & Accessories,Jewelry & Accessories,Transactional
3816,Halloween earrings near me,Jewelry & Accessories,Jewelry & Accessories,Transactional
3817,Halloween jewelry ideas,Jewelry & Accessories,Jewelry & Accessories,Transactional
3818,Halloween necklace for sale,Jewelry & Accessories,Jewelry & Accessories,Transactional
3819,Homemade bat earrings set,Jewelry & Accessories,Jewelry & Accessories,Transactional
3820,Homemade glow in the dark skull bracelet gift,Jewelry & Accessories,Jewelry & Accessories,Transactional
3821,Homemade gothic cross pendant with fast shipping,Jewelry & Accessories,Jewelry & Accessories,Transactional
3822,Homemade halloween jewelry pack,Jewelry & Accessories,Jewelry & Accessories,Transactional
3823,Homemade halloween jewelry usa shipping,Jewelry & Accessories,Jewelry & Accessories,Transactional
3824,Homemade halloween necklace for sale,Jewelry & Accessories,Jewelry & Accessories,Transactional
3825,Kids bat earrings usa,Jewelry & Accessories,Jewelry & Accessories,Transactional
3826,Kids black cat earrings gift,Jewelry & Accessories,Jewelry & Accessories,Transactional
3827,Kids glow in the dark skull bracelet gift,Jewelry & Accessories,Jewelry & Accessories,Transactional
3828,Kids gothic cross pendant delivered to your door,Jewelry & Accessories,Jewelry & Accessories,Transactional
3829,Kids gothic cross pendant online,Jewelry & Accessories,Jewelry & Accessories,Transactional
3830,Kids pumpkin charm bracelet for sale,Jewelry & Accessories,Jewelry & Accessories,Transactional
3831,Kids pumpkin charm bracelet gift,Jewelry & Accessories,Jewelry & Accessories,Transactional
3832,Kids spider web choker necklace gift,Jewelry & Accessories,Jewelry & Accessories,Transactional
3833,Kids spider web choker necklace usa,Jewelry & Accessories,Jewelry & Accessories,Transactional
3834,Kids witch hat charm keychain delivered to your door,Jewelry & Accessories,Jewelry & Accessories,Transactional
3835,Order black cat earrings with fast shipping,Jewelry & Accessories,Jewelry & Accessories,Transactional
3836,Order gothic cross pendant usa shipping,Jewelry & Accessories,Jewelry & Accessories,Transactional
3837,Order gothic jewelry in bulk,Jewelry & Accessories,Jewelry & Accessories,Transactional
3838,Order gothic jewelry online,Jewelry & Accessories,Jewelry & Accessories,Transactional
3839,Order halloween jewelry ideas,Jewelry & Accessories,Jewelry & Accessories,Transactional
3840,Order halloween necklace kit,Jewelry & Accessories,Jewelry & Accessories,Transactional
3841,Order halloween necklace pack,Jewelry & Accessories,Jewelry & Accessories,Transactional
3842,Order witch hat charm keychain usa,Jewelry & Accessories,Jewelry & Accessories,Transactional
3843,Premium glow in the dark skull bracelet 2026,Jewelry & Accessories,Jewelry & Accessories,Transactional
3844,Premium halloween earrings set,Jewelry & Accessories,Jewelry & Accessories,Transactional
3845,Premium halloween jewelry near me,Jewelry & Accessories,Jewelry & Accessories,Transactional
3846,Premium halloween jewelry set,Jewelry & Accessories,Jewelry & Accessories,Transactional
3847,Premium pumpkin charm bracelet near me,Jewelry & Accessories,Jewelry & Accessories,Transactional
3848,Premium skeleton hand ring with free shipping,Jewelry & Accessories,Jewelry & Accessories,Transactional
3849,Premium witch hat charm keychain set,Jewelry & Accessories,Jewelry & Accessories,Transactional
3850,Quality bat earrings for sale,Jewelry & Accessories,Jewelry & Accessories,Transactional
3851,Quality bat earrings ideas,Jewelry & Accessories,Jewelry & Accessories,Transactional
3852,Quality black cat earrings for sale,Jewelry & Accessories,Jewelry & Accessories,Transactional
3853,Quality black cat earrings near me,Jewelry & Accessories,Jewelry & Accessories,Transactional
3854,Quality black cat earrings usa,Jewelry & Accessories,Jewelry & Accessories,Transactional
3855,Quality gothic cross pendant in bulk,Jewelry & Accessories,Jewelry & Accessories,Transactional
3856,Quality halloween necklace with fast shipping,Jewelry & Accessories,Jewelry & Accessories,Transactional
3857,Quality pumpkin charm bracelet for sale,Jewelry & Accessories,Jewelry & Accessories,Transactional
3858,Quality skeleton hand ring near me,Jewelry & Accessories,Jewelry & Accessories,Transactional
3859,Quality skeleton hand ring with fast shipping,Jewelry & Accessories,Jewelry & Accessories,Transactional
3860,Scary bat earrings for sale,Jewelry & Accessories,Jewelry & Accessories,Transactional
3861,Scary black cat earrings 2026,Jewelry & Accessories,Jewelry & Accessories,Transactional
3862,Scary gothic jewelry,Jewelry & Accessories,Jewelry & Accessories,Transactional
3863,Scary halloween earrings near me,Jewelry & Accessories,Jewelry & Accessories,Transactional
3864,Scary halloween necklace online,Jewelry & Accessories,Jewelry & Accessories,Transactional
3865,Scary pumpkin charm bracelet for sale,Jewelry & Accessories,Jewelry & Accessories,Transactional
3866,Scary skull pendant necklace near me,Jewelry & Accessories,Jewelry & Accessories,Transactional
3867,Scary witch hat charm keychain delivered to your door,Jewelry & Accessories,Jewelry & Accessories,Transactional
3868,Shop black cat earrings in bulk,Jewelry & Accessories,Jewelry & Accessories,Transactional
3869,Shop for black cat earrings in bulk,Jewelry & Accessories,Jewelry & Accessories,Transactional
3870,Shop for gothic jewelry gift,Jewelry & Accessories,Jewelry & Accessories,Transactional
3871,Shop for pumpkin charm bracelet pack,Jewelry & Accessories,Jewelry & Accessories,Transactional
3872,Shop for skeleton hand ring online,Jewelry & Accessories,Jewelry & Accessories,Transactional
3873,Shop gothic cross pendant delivered to your door,Jewelry & Accessories,Jewelry & Accessories,Transactional
3874,Shop halloween earrings,Jewelry & Accessories,Jewelry & Accessories,Transactional
3875,Shop halloween earrings with fast shipping,Jewelry & Accessories,Jewelry & Accessories,Transactional
3876,Shop halloween jewelry with free shipping,Jewelry & Accessories,Jewelry & Accessories,Transactional
3877,Shop halloween necklace for sale,Jewelry & Accessories,Jewelry & Accessories,Transactional
3878,Shop halloween necklace online,Jewelry & Accessories,Jewelry & Accessories,Transactional
3879,Shop pumpkin charm bracelet in bulk,Jewelry & Accessories,Jewelry & Accessories,Transactional
3880,Shop pumpkin charm bracelet online,Jewelry & Accessories,Jewelry & Accessories,Transactional
3881,Shop witch hat charm keychain delivered to your door,Jewelry & Accessories,Jewelry & Accessories,Transactional
3882,Shop witch hat charm keychain pack,Jewelry & Accessories,Jewelry & Accessories,Transactional
3883,Silver bat earrings for sale,Jewelry & Accessories,Jewelry & Accessories,Transactional
3884,Silver halloween jewelry usa,Jewelry & Accessories,Jewelry & Accessories,Transactional
3885,Silver skull pendant necklace online,Jewelry & Accessories,Jewelry & Accessories,Transactional
3886,Silver witch hat charm keychain pack,Jewelry & Accessories,Jewelry & Accessories,Transactional
3887,Spooky black cat earrings ideas,Jewelry & Accessories,Jewelry & Accessories,Transactional
3888,Spooky glow in the dark skull bracelet delivered to your door,Jewelry & Accessories,Jewelry & Accessories,Transactional
3889,Spooky glow in the dark skull bracelet online,Jewelry & Accessories,Jewelry & Accessories,Transactional
3890,Top glow in the dark skull bracelet,Jewelry & Accessories,Jewelry & Accessories,Transactional
3891,Top gothic cross pendant near me,Jewelry & Accessories,Jewelry & Accessories,Transactional
3892,Top halloween necklace kit,Jewelry & Accessories,Jewelry & Accessories,Transactional
3893,Top halloween necklace online,Jewelry & Accessories,Jewelry & Accessories,Transactional
3894,Unique bat earrings online,Jewelry & Accessories,Jewelry & Accessories,Transactional
3895,Unique gothic cross pendant for sale,Jewelry & Accessories,Jewelry & Accessories,Transactional
3896,Unique halloween earrings for sale,Jewelry & Accessories,Jewelry & Accessories,Transactional
3897,Unique skeleton hand ring usa,Jewelry & Accessories,Jewelry & Accessories,Transactional
3898,Unique witch hat charm keychain online,Jewelry & Accessories,Jewelry & Accessories,Transactional
3899,Witch hat charm keychain 2026,Jewelry & Accessories,Jewelry & Accessories,Transactional
3900,Witch hat charm keychain ideas,Jewelry & Accessories,Jewelry & Accessories,Transactional
3901,Affordable halloween apparel usa,Lifestyle & Wearable,Lifestyle & Wearable,Transactional
3902,Affordable halloween enamel pin set usa,Lifestyle & Wearable,Lifestyle & Wearable,Transactional
3903,Affordable halloween home decor set in bulk,Lifestyle & Wearable,Lifestyle & Wearable,Transactional
3904,Best halloween cushion cover,Lifestyle & Wearable,Lifestyle & Wearable,Transactional
3905,Best halloween enamel pin set in bulk,Lifestyle & Wearable,Lifestyle & Wearable,Transactional
3906,Best halloween enamel pin set near me,Lifestyle & Wearable,Lifestyle & Wearable,Transactional
3907,Best halloween home decor set near me,Lifestyle & Wearable,Lifestyle & Wearable,Transactional
3908,Best halloween kitchen apron,Lifestyle & Wearable,Lifestyle & Wearable,Transactional
3909,Best halloween kitchen apron usa,Lifestyle & Wearable,Lifestyle & Wearable,Transactional
3910,Best halloween printed mug online,Lifestyle & Wearable,Lifestyle & Wearable,Transactional
3911,Best halloween tote bag in bulk,Lifestyle & Wearable,Lifestyle & Wearable,Transactional
3912,Buy halloween apparel pack,Lifestyle & Wearable,Lifestyle & Wearable,Transactional
3913,Buy halloween home decor set usa,Lifestyle & Wearable,Lifestyle & Wearable,Transactional
3914,Buy halloween printed mug,Lifestyle & Wearable,Lifestyle & Wearable,Transactional
3915,Buy halloween t shirt gift idea,Lifestyle & Wearable,Lifestyle & Wearable,Transactional
3916,Cheap halloween apparel with fast shipping,Lifestyle & Wearable,Lifestyle & Wearable,Transactional
3917,Cheap halloween enamel pin set near me,Lifestyle & Wearable,Lifestyle & Wearable,Transactional
3918,Classic halloween apparel ideas,Lifestyle & Wearable,Lifestyle & Wearable,Transactional
3919,Classic halloween hoodie near me,Lifestyle & Wearable,Lifestyle & Wearable,Transactional
3920,Classic halloween printed mug with free shipping,Lifestyle & Wearable,Lifestyle & Wearable,Transactional
3921,Classic halloween socks online,Lifestyle & Wearable,Lifestyle & Wearable,Transactional
3922,Classic halloween socks pack,Lifestyle & Wearable,Lifestyle & Wearable,Transactional
3923,Classic halloween t shirt 2026,Lifestyle & Wearable,Lifestyle & Wearable,Transactional
3924,Classic halloween t shirt in bulk,Lifestyle & Wearable,Lifestyle & Wearable,Transactional
3925,Classic halloween tote bag 2026,Lifestyle & Wearable,Lifestyle & Wearable,Transactional
3926,Cool halloween cushion cover for sale,Lifestyle & Wearable,Lifestyle & Wearable,Transactional
3927,Cool halloween enamel pin set near me,Lifestyle & Wearable,Lifestyle & Wearable,Transactional
3928,Cool halloween home decor set near me,Lifestyle & Wearable,Lifestyle & Wearable,Transactional
3929,Cool halloween kitchen apron usa shipping,Lifestyle & Wearable,Lifestyle & Wearable,Transactional
3930,Cool halloween socks with fast shipping,Lifestyle & Wearable,Lifestyle & Wearable,Transactional
3931,Cozy halloween home decor set for sale,Lifestyle & Wearable,Lifestyle & Wearable,Transactional
3932,Cozy halloween kitchen apron ideas,Lifestyle & Wearable,Lifestyle & Wearable,Transactional
3933,Cozy halloween printed mug for sale,Lifestyle & Wearable,Lifestyle & Wearable,Transactional
3934,Creepy halloween enamel pin set for sale,Lifestyle & Wearable,Lifestyle & Wearable,Transactional
3935,Creepy halloween hoodie ideas,Lifestyle & Wearable,Lifestyle & Wearable,Transactional
3936,Creepy halloween kitchen apron usa shipping,Lifestyle & Wearable,Lifestyle & Wearable,Transactional
3937,Creepy halloween socks gift idea,Lifestyle & Wearable,Lifestyle & Wearable,Transactional
3938,Creepy halloween tote bag online,Lifestyle & Wearable,Lifestyle & Wearable,Transactional
3939,Cute halloween apparel 2026,Lifestyle & Wearable,Lifestyle & Wearable,Transactional
3940,Cute halloween apparel pack,Lifestyle & Wearable,Lifestyle & Wearable,Transactional
3941,Cute halloween cushion cover kit,Lifestyle & Wearable,Lifestyle & Wearable,Transactional
3942,Cute halloween enamel pin set ideas,Lifestyle & Wearable,Lifestyle & Wearable,Transactional
3943,Cute halloween hoodie 2026,Lifestyle & Wearable,Lifestyle & Wearable,Transactional
3944,Cute halloween hoodie delivered to your door,Lifestyle & Wearable,Lifestyle & Wearable,Transactional
3945,Cute halloween hoodie online,Lifestyle & Wearable,Lifestyle & Wearable,Transactional
3946,Cute halloween kitchen apron for sale,Lifestyle & Wearable,Lifestyle & Wearable,Transactional
3947,Cute halloween printed mug pack,Lifestyle & Wearable,Lifestyle & Wearable,Transactional
3948,Cute halloween t shirt usa shipping,Lifestyle & Wearable,Lifestyle & Wearable,Transactional
3949,Discount halloween apparel usa shipping,Lifestyle & Wearable,Lifestyle & Wearable,Transactional
3950,Discount halloween enamel pin set for sale,Lifestyle & Wearable,Lifestyle & Wearable,Transactional
3951,Discount halloween t shirt delivered to your door,Lifestyle & Wearable,Lifestyle & Wearable,Transactional
3952,Discount halloween t shirt for sale,Lifestyle & Wearable,Lifestyle & Wearable,Transactional
3953,Discount halloween tote bag 2026,Lifestyle & Wearable,Lifestyle & Wearable,Transactional
3954,Diy halloween cushion cover ideas,Lifestyle & Wearable,Lifestyle & Wearable,Transactional
3955,Diy halloween kitchen apron online,Lifestyle & Wearable,Lifestyle & Wearable,Transactional
3956,Easy halloween apparel gift idea,Lifestyle & Wearable,Lifestyle & Wearable,Transactional
3957,Easy halloween enamel pin set,Lifestyle & Wearable,Lifestyle & Wearable,Transactional
3958,Easy halloween home decor set usa,Lifestyle & Wearable,Lifestyle & Wearable,Transactional
3959,Funny halloween apparel delivered to your door,Lifestyle & Wearable,Lifestyle & Wearable,Transactional
3960,Funny halloween enamel pin set with free shipping,Lifestyle & Wearable,Lifestyle & Wearable,Transactional
3961,Funny halloween printed mug near me,Lifestyle & Wearable,Lifestyle & Wearable,Transactional
3962,Funny halloween printed mug with fast shipping,Lifestyle & Wearable,Lifestyle & Wearable,Transactional
3963,Funny halloween socks gift idea,Lifestyle & Wearable,Lifestyle & Wearable,Transactional
3964,Funny halloween socks with fast shipping,Lifestyle & Wearable,Lifestyle & Wearable,Transactional
3965,Funny halloween t shirt delivered to your door,Lifestyle & Wearable,Lifestyle & Wearable,Transactional
3966,Get halloween cushion cover delivered to your door,Lifestyle & Wearable,Lifestyle & Wearable,Transactional
3967,Get halloween cushion cover near me,Lifestyle & Wearable,Lifestyle & Wearable,Transactional
3968,Get halloween socks online,Lifestyle & Wearable,Lifestyle & Wearable,Transactional
3969,Get halloween t shirt usa shipping,Lifestyle & Wearable,Lifestyle & Wearable,Transactional
3970,Gothic halloween apparel for sale,Lifestyle & Wearable,Lifestyle & Wearable,Transactional
3971,Gothic halloween apparel gift idea,Lifestyle & Wearable,Lifestyle & Wearable,Transactional
3972,Gothic halloween enamel pin set usa shipping,Lifestyle & Wearable,Lifestyle & Wearable,Transactional
3973,Gothic halloween home decor set near me,Lifestyle & Wearable,Lifestyle & Wearable,Transactional
3974,Gothic halloween hoodie pack,Lifestyle & Wearable,Lifestyle & Wearable,Transactional
3975,Gothic halloween t shirt online,Lifestyle & Wearable,Lifestyle & Wearable,Transactional
3976,Gothic halloween tote bag 2026,Lifestyle & Wearable,Lifestyle & Wearable,Transactional
3977,Halloween apparel 2026,Lifestyle & Wearable,Lifestyle & Wearable,Transactional
3978,Halloween apparel in bulk,Lifestyle & Wearable,Lifestyle & Wearable,Transactional
3979,Halloween home decor set near me,Lifestyle & Wearable,Lifestyle & Wearable,Transactional
3980,Halloween printed mug delivered to your door,Lifestyle & Wearable,Lifestyle & Wearable,Transactional
3981,Homemade halloween apparel delivered to your door,Lifestyle & Wearable,Lifestyle & Wearable,Transactional
3982,Homemade halloween cushion cover with free shipping,Lifestyle & Wearable,Lifestyle & Wearable,Transactional
3983,Homemade halloween enamel pin set,Lifestyle & Wearable,Lifestyle & Wearable,Transactional
3984,Homemade halloween home decor set online,Lifestyle & Wearable,Lifestyle & Wearable,Transactional
3985,Homemade halloween kitchen apron,Lifestyle & Wearable,Lifestyle & Wearable,Transactional
3986,Homemade halloween kitchen apron gift idea,Lifestyle & Wearable,Lifestyle & Wearable,Transactional
3987,Homemade halloween kitchen apron ideas,Lifestyle & Wearable,Lifestyle & Wearable,Transactional
3988,Homemade halloween kitchen apron set,Lifestyle & Wearable,Lifestyle & Wearable,Transactional
3989,Homemade halloween socks usa,Lifestyle & Wearable,Lifestyle & Wearable,Transactional
3990,Homemade halloween t shirt kit,Lifestyle & Wearable,Lifestyle & Wearable,Transactional
3991,Homemade halloween t shirt near me,Lifestyle & Wearable,Lifestyle & Wearable,Transactional
3992,Homemade halloween tote bag pack,Lifestyle & Wearable,Lifestyle & Wearable,Transactional
3993,Order halloween cushion cover online,Lifestyle & Wearable,Lifestyle & Wearable,Transactional
3994,Order halloween hoodie ideas,Lifestyle & Wearable,Lifestyle & Wearable,Transactional
3995,Order halloween hoodie near me,Lifestyle & Wearable,Lifestyle & Wearable,Transactional
3996,Order halloween printed mug gift idea,Lifestyle & Wearable,Lifestyle & Wearable,Transactional
3997,Order halloween socks in bulk,Lifestyle & Wearable,Lifestyle & Wearable,Transactional
3998,Premium halloween apparel usa,Lifestyle & Wearable,Lifestyle & Wearable,Transactional
3999,Premium halloween cushion cover near me,Lifestyle & Wearable,Lifestyle & Wearable,Transactional
4000,Premium halloween enamel pin set gift idea,Lifestyle & Wearable,Lifestyle & Wearable,Transactional
4001,Premium halloween home decor set ideas,Lifestyle & Wearable,Lifestyle & Wearable,Transactional
4002,Premium halloween hoodie for sale,Lifestyle & Wearable,Lifestyle & Wearable,Transactional
4003,Premium halloween socks kit,Lifestyle & Wearable,Lifestyle & Wearable,Transactional
4004,Premium halloween socks pack,Lifestyle & Wearable,Lifestyle & Wearable,Transactional
4005,Premium halloween tote bag 2026,Lifestyle & Wearable,Lifestyle & Wearable,Transactional
4006,Premium halloween tote bag for sale,Lifestyle & Wearable,Lifestyle & Wearable,Transactional
4007,Quality halloween apparel ideas,Lifestyle & Wearable,Lifestyle & Wearable,Transactional
4008,Quality halloween cushion cover,Lifestyle & Wearable,Lifestyle & Wearable,Transactional
4009,Quality halloween cushion cover usa,Lifestyle & Wearable,Lifestyle & Wearable,Transactional
4010,Quality halloween hoodie gift idea,Lifestyle & Wearable,Lifestyle & Wearable,Transactional
4011,Quality halloween printed mug usa shipping,Lifestyle & Wearable,Lifestyle & Wearable,Transactional
4012,Quality halloween tote bag for sale,Lifestyle & Wearable,Lifestyle & Wearable,Transactional
4013,Scary halloween home decor set pack,Lifestyle & Wearable,Lifestyle & Wearable,Transactional
4014,Scary halloween hoodie online,Lifestyle & Wearable,Lifestyle & Wearable,Transactional
4015,Scary halloween kitchen apron ideas,Lifestyle & Wearable,Lifestyle & Wearable,Transactional
4016,Scary halloween printed mug in bulk,Lifestyle & Wearable,Lifestyle & Wearable,Transactional
4017,Scary halloween printed mug with fast shipping,Lifestyle & Wearable,Lifestyle & Wearable,Transactional
4018,Shop for halloween apparel with fast shipping,Lifestyle & Wearable,Lifestyle & Wearable,Transactional
4019,Shop for halloween socks kit,Lifestyle & Wearable,Lifestyle & Wearable,Transactional
4020,Shop for halloween t shirt kit,Lifestyle & Wearable,Lifestyle & Wearable,Transactional
4021,Shop for halloween t shirt with fast shipping,Lifestyle & Wearable,Lifestyle & Wearable,Transactional
4022,Shop halloween cushion cover pack,Lifestyle & Wearable,Lifestyle & Wearable,Transactional
4023,Shop halloween enamel pin set gift idea,Lifestyle & Wearable,Lifestyle & Wearable,Transactional
4024,Shop halloween kitchen apron in bulk,Lifestyle & Wearable,Lifestyle & Wearable,Transactional
4025,Spooky halloween enamel pin set gift idea,Lifestyle & Wearable,Lifestyle & Wearable,Transactional
4026,Spooky halloween socks usa,Lifestyle & Wearable,Lifestyle & Wearable,Transactional
4027,Spooky halloween tote bag usa,Lifestyle & Wearable,Lifestyle & Wearable,Transactional
4028,Top halloween apparel gift idea,Lifestyle & Wearable,Lifestyle & Wearable,Transactional
4029,Top halloween cushion cover gift idea,Lifestyle & Wearable,Lifestyle & Wearable,Transactional
4030,Top halloween home decor set,Lifestyle & Wearable,Lifestyle & Wearable,Transactional
4031,Top halloween home decor set delivered to your door,Lifestyle & Wearable,Lifestyle & Wearable,Transactional
4032,Top halloween home decor set usa,Lifestyle & Wearable,Lifestyle & Wearable,Transactional
4033,Top halloween home decor set usa shipping,Lifestyle & Wearable,Lifestyle & Wearable,Transactional
4034,Top halloween hoodie near me,Lifestyle & Wearable,Lifestyle & Wearable,Transactional
4035,Top halloween socks set,Lifestyle & Wearable,Lifestyle & Wearable,Transactional
4036,Top halloween socks usa,Lifestyle & Wearable,Lifestyle & Wearable,Transactional
4037,Top halloween t shirt gift idea,Lifestyle & Wearable,Lifestyle & Wearable,Transactional
4038,Unique halloween hoodie,Lifestyle & Wearable,Lifestyle & Wearable,Transactional
4039,Unique halloween kitchen apron with free shipping,Lifestyle & Wearable,Lifestyle & Wearable,Transactional
4040,Unique halloween printed mug online,Lifestyle & Wearable,Lifestyle & Wearable,Transactional
4041,Affordable halloween coloring pages 2026,Printed & Paper Crafts,Printed & Paper Crafts,Transactional
4042,Affordable halloween gift tags online,Printed & Paper Crafts,Printed & Paper Crafts,Transactional
4043,Affordable halloween window clings set,Printed & Paper Crafts,Printed & Paper Crafts,Transactional
4044,Affordable halloween wrapping paper online,Printed & Paper Crafts,Printed & Paper Crafts,Transactional
4045,Best halloween gift tags set,Printed & Paper Crafts,Printed & Paper Crafts,Transactional
4046,Best halloween greeting cards near me,Printed & Paper Crafts,Printed & Paper Crafts,Transactional
4047,Best halloween temporary tattoos in bulk,Printed & Paper Crafts,Printed & Paper Crafts,Transactional
4048,Best halloween window clings usa,Printed & Paper Crafts,Printed & Paper Crafts,Transactional
4049,Best halloween wrapping paper near me,Printed & Paper Crafts,Printed & Paper Crafts,Transactional
4050,Best printable halloween decorations near me,Printed & Paper Crafts,Printed & Paper Crafts,Transactional
4051,Best spooky wall decal set pack,Printed & Paper Crafts,Printed & Paper Crafts,Transactional
4052,Buy halloween gift tags pack,Printed & Paper Crafts,Printed & Paper Crafts,Transactional
4053,Buy halloween gift tags with fast shipping,Printed & Paper Crafts,Printed & Paper Crafts,Transactional
4054,Buy pumpkin carving template delivered to your door,Printed & Paper Crafts,Printed & Paper Crafts,Transactional
4055,Buy spooky wall decal set 2026,Printed & Paper Crafts,Printed & Paper Crafts,Transactional
4056,Cheap halloween window clings online,Printed & Paper Crafts,Printed & Paper Crafts,Transactional
4057,Cheap haunted house jigsaw puzzle ideas,Printed & Paper Crafts,Printed & Paper Crafts,Transactional
4058,Cheap haunted house jigsaw puzzle near me,Printed & Paper Crafts,Printed & Paper Crafts,Transactional
4059,Cheap printable halloween decorations ideas,Printed & Paper Crafts,Printed & Paper Crafts,Transactional
4060,Cheap pumpkin carving template in bulk,Printed & Paper Crafts,Printed & Paper Crafts,Transactional
4061,Cheap spooky coloring book for sale,Printed & Paper Crafts,Printed & Paper Crafts,Transactional
4062,Classic halloween gift tags 2026,Printed & Paper Crafts,Printed & Paper Crafts,Transactional
4063,Classic halloween greeting cards online,Printed & Paper Crafts,Printed & Paper Crafts,Transactional
4064,Classic haunted house jigsaw puzzle for sale,Printed & Paper Crafts,Printed & Paper Crafts,Transactional
4065,Cool haunted house jigsaw puzzle with free shipping,Printed & Paper Crafts,Printed & Paper Crafts,Transactional
4066,Cool pumpkin carving template pack,Printed & Paper Crafts,Printed & Paper Crafts,Transactional
4067,Cool spooky coloring book,Printed & Paper Crafts,Printed & Paper Crafts,Transactional
4068,Creepy halloween gift tags delivered to your door,Printed & Paper Crafts,Printed & Paper Crafts,Transactional
4069,Creepy halloween gift tags with fast shipping,Printed & Paper Crafts,Printed & Paper Crafts,Transactional
4070,Creepy halloween sticker sheet pack,Printed & Paper Crafts,Printed & Paper Crafts,Transactional
4071,Creepy halloween sticker sheet usa,Printed & Paper Crafts,Printed & Paper Crafts,Transactional
4072,Creepy halloween temporary tattoos pack,Printed & Paper Crafts,Printed & Paper Crafts,Transactional
4073,Creepy printable halloween decorations with free shipping,Printed & Paper Crafts,Printed & Paper Crafts,Transactional
4074,Cute halloween gift tags near me,Printed & Paper Crafts,Printed & Paper Crafts,Transactional
4075,Cute halloween sticker sheet kit,Printed & Paper Crafts,Printed & Paper Crafts,Transactional
4076,Cute halloween sticker sheet with fast shipping,Printed & Paper Crafts,Printed & Paper Crafts,Transactional
4077,Cute halloween temporary tattoos pack,Printed & Paper Crafts,Printed & Paper Crafts,Transactional
4078,Cute halloween window clings 2026,Printed & Paper Crafts,Printed & Paper Crafts,Transactional
4079,Cute halloween wrapping paper for sale,Printed & Paper Crafts,Printed & Paper Crafts,Transactional
4080,Cute haunted house jigsaw puzzle 2026,Printed & Paper Crafts,Printed & Paper Crafts,Transactional
4081,Cute printable halloween decorations,Printed & Paper Crafts,Printed & Paper Crafts,Transactional
4082,Cute printable halloween decorations with fast shipping,Printed & Paper Crafts,Printed & Paper Crafts,Transactional
4083,Cute pumpkin carving template online,Printed & Paper Crafts,Printed & Paper Crafts,Transactional
4084,Cute spooky coloring book usa,Printed & Paper Crafts,Printed & Paper Crafts,Transactional
4085,Cute spooky wall decal set,Printed & Paper Crafts,Printed & Paper Crafts,Transactional
4086,Cute spooky wall decal set in bulk,Printed & Paper Crafts,Printed & Paper Crafts,Transactional
4087,Discount halloween coloring pages near me,Printed & Paper Crafts,Printed & Paper Crafts,Transactional
4088,Discount halloween gift tags with fast shipping,Printed & Paper Crafts,Printed & Paper Crafts,Transactional
4089,Discount halloween sticker sheet with fast shipping,Printed & Paper Crafts,Printed & Paper Crafts,Transactional
4090,Diy halloween gift tags for sale,Printed & Paper Crafts,Printed & Paper Crafts,Transactional
4091,Diy halloween greeting cards,Printed & Paper Crafts,Printed & Paper Crafts,Transactional
4092,Diy halloween temporary tattoos for sale,Printed & Paper Crafts,Printed & Paper Crafts,Transactional
4093,Diy halloween temporary tattoos set,Printed & Paper Crafts,Printed & Paper Crafts,Transactional
4094,Diy halloween window clings usa,Printed & Paper Crafts,Printed & Paper Crafts,Transactional
4095,Diy haunted house jigsaw puzzle ideas,Printed & Paper Crafts,Printed & Paper Crafts,Transactional
4096,Diy haunted house jigsaw puzzle pack,Printed & Paper Crafts,Printed & Paper Crafts,Transactional
4097,Diy printable halloween decorations,Printed & Paper Crafts,Printed & Paper Crafts,Transactional
4098,Diy printable halloween decorations delivered to your door,Printed & Paper Crafts,Printed & Paper Crafts,Transactional
4099,Diy spooky coloring book near me,Printed & Paper Crafts,Printed & Paper Crafts,Transactional
4100,Easy halloween coloring pages in bulk,Printed & Paper Crafts,Printed & Paper Crafts,Transactional
4101,Easy halloween gift tags online,Printed & Paper Crafts,Printed & Paper Crafts,Transactional
4102,Easy halloween gift tags pdf,Printed & Paper Crafts,Printed & Paper Crafts,Transactional
4103,Easy halloween temporary tattoos,Printed & Paper Crafts,Printed & Paper Crafts,Transactional
4104,Easy halloween temporary tattoos delivered to your door,Printed & Paper Crafts,Printed & Paper Crafts,Transactional
4105,Easy halloween window clings in bulk,Printed & Paper Crafts,Printed & Paper Crafts,Transactional
4106,Easy spooky coloring book kit,Printed & Paper Crafts,Printed & Paper Crafts,Transactional
4107,Easy spooky wall decal set 2026,Printed & Paper Crafts,Printed & Paper Crafts,Transactional
4108,Free halloween coloring pages near me,Printed & Paper Crafts,Printed & Paper Crafts,Transactional
4109,Free halloween temporary tattoos pack,Printed & Paper Crafts,Printed & Paper Crafts,Transactional
4110,Free halloween temporary tattoos usa,Printed & Paper Crafts,Printed & Paper Crafts,Transactional
4111,Free halloween temporary tattoos usa shipping,Printed & Paper Crafts,Printed & Paper Crafts,Transactional
4112,Free pumpkin carving template near me,Printed & Paper Crafts,Printed & Paper Crafts,Transactional
4113,Free spooky wall decal set near me,Printed & Paper Crafts,Printed & Paper Crafts,Transactional
4114,Funny halloween coloring pages 2026,Printed & Paper Crafts,Printed & Paper Crafts,Transactional
4115,Funny halloween gift tags for sale,Printed & Paper Crafts,Printed & Paper Crafts,Transactional
4116,Funny halloween gift tags with fast shipping,Printed & Paper Crafts,Printed & Paper Crafts,Transactional
4117,Funny halloween sticker sheet usa shipping,Printed & Paper Crafts,Printed & Paper Crafts,Transactional
4118,Funny halloween window clings pack,Printed & Paper Crafts,Printed & Paper Crafts,Transactional
4119,Funny spooky coloring book for sale,Printed & Paper Crafts,Printed & Paper Crafts,Transactional
4120,Get halloween gift tags ideas,Printed & Paper Crafts,Printed & Paper Crafts,Transactional
4121,Get halloween gift tags pack,Printed & Paper Crafts,Printed & Paper Crafts,Transactional
4122,Get halloween temporary tattoos pack,Printed & Paper Crafts,Printed & Paper Crafts,Transactional
4123,Get halloween window clings,Printed & Paper Crafts,Printed & Paper Crafts,Transactional
4124,Get halloween wrapping paper set,Printed & Paper Crafts,Printed & Paper Crafts,Transactional
4125,Get printable halloween decorations delivered to your door,Printed & Paper Crafts,Printed & Paper Crafts,Transactional
4126,Get printable halloween decorations ideas,Printed & Paper Crafts,Printed & Paper Crafts,Transactional
4127,Get pumpkin carving template online,Printed & Paper Crafts,Printed & Paper Crafts,Transactional
4128,Get pumpkin carving template pack,Printed & Paper Crafts,Printed & Paper Crafts,Transactional
4129,Halloween coloring pages usa shipping,Printed & Paper Crafts,Printed & Paper Crafts,Transactional
4130,Halloween gift tags online,Printed & Paper Crafts,Printed & Paper Crafts,Transactional
4131,Halloween sticker sheet for sale,Printed & Paper Crafts,Printed & Paper Crafts,Transactional
4132,Halloween sticker sheet near me,Printed & Paper Crafts,Printed & Paper Crafts,Transactional
4133,Halloween temporary tattoos online,Printed & Paper Crafts,Printed & Paper Crafts,Transactional
4134,Halloween window clings with free shipping,Printed & Paper Crafts,Printed & Paper Crafts,Transactional
4135,Haunted house jigsaw puzzle online,Printed & Paper Crafts,Printed & Paper Crafts,Transactional
4136,Homemade halloween greeting cards for sale,Printed & Paper Crafts,Printed & Paper Crafts,Transactional
4137,Homemade halloween temporary tattoos for sale,Printed & Paper Crafts,Printed & Paper Crafts,Transactional
4138,Homemade halloween temporary tattoos near me,Printed & Paper Crafts,Printed & Paper Crafts,Transactional
4139,Homemade halloween temporary tattoos pack,Printed & Paper Crafts,Printed & Paper Crafts,Transactional
4140,Homemade halloween window clings usa shipping,Printed & Paper Crafts,Printed & Paper Crafts,Transactional
4141,Homemade halloween wrapping paper ideas,Printed & Paper Crafts,Printed & Paper Crafts,Transactional
4142,Homemade printable halloween decorations kit,Printed & Paper Crafts,Printed & Paper Crafts,Transactional
4143,Kids halloween greeting cards,Printed & Paper Crafts,Printed & Paper Crafts,Transactional
4144,Kids halloween greeting cards online,Printed & Paper Crafts,Printed & Paper Crafts,Transactional
4145,Order halloween greeting cards delivered to your door,Printed & Paper Crafts,Printed & Paper Crafts,Transactional
4146,Order halloween greeting cards usa shipping,Printed & Paper Crafts,Printed & Paper Crafts,Transactional
4147,Order halloween sticker sheet in bulk,Printed & Paper Crafts,Printed & Paper Crafts,Transactional
4148,Order halloween window clings in bulk,Printed & Paper Crafts,Printed & Paper Crafts,Transactional
4149,Order halloween wrapping paper pdf,Printed & Paper Crafts,Printed & Paper Crafts,Transactional
4150,Order pumpkin carving template in bulk,Printed & Paper Crafts,Printed & Paper Crafts,Transactional
4151,Order pumpkin carving template set,Printed & Paper Crafts,Printed & Paper Crafts,Transactional
4152,Order spooky coloring book set,Printed & Paper Crafts,Printed & Paper Crafts,Transactional
4153,Order spooky wall decal set pack,Printed & Paper Crafts,Printed & Paper Crafts,Transactional
4154,Premium halloween coloring pages in bulk,Printed & Paper Crafts,Printed & Paper Crafts,Transactional
4155,Premium halloween wrapping paper near me,Printed & Paper Crafts,Printed & Paper Crafts,Transactional
4156,Premium halloween wrapping paper pack,Printed & Paper Crafts,Printed & Paper Crafts,Transactional
4157,Printable halloween coloring pages pdf,Printed & Paper Crafts,Printed & Paper Crafts,Transactional
4158,Printable halloween decorations for sale,Printed & Paper Crafts,Printed & Paper Crafts,Transactional
4159,Printable halloween gift tags for sale,Printed & Paper Crafts,Printed & Paper Crafts,Transactional
4160,Printable halloween sticker sheet with free shipping,Printed & Paper Crafts,Printed & Paper Crafts,Transactional
4161,Printable halloween temporary tattoos pack,Printed & Paper Crafts,Printed & Paper Crafts,Transactional
4162,Printable halloween window clings for sale,Printed & Paper Crafts,Printed & Paper Crafts,Transactional
4163,Printable halloween wrapping paper near me,Printed & Paper Crafts,Printed & Paper Crafts,Transactional
4164,Printable haunted house jigsaw puzzle,Printed & Paper Crafts,Printed & Paper Crafts,Transactional
4165,Pumpkin carving template with fast shipping,Printed & Paper Crafts,Printed & Paper Crafts,Transactional
4166,Quality halloween coloring pages for sale,Printed & Paper Crafts,Printed & Paper Crafts,Transactional
4167,Quality halloween sticker sheet delivered to your door,Printed & Paper Crafts,Printed & Paper Crafts,Transactional
4168,Quality halloween sticker sheet near me,Printed & Paper Crafts,Printed & Paper Crafts,Transactional
4169,Quality halloween window clings online,Printed & Paper Crafts,Printed & Paper Crafts,Transactional
4170,Quality halloween wrapping paper 2026,Printed & Paper Crafts,Printed & Paper Crafts,Transactional
4171,Quality spooky coloring book,Printed & Paper Crafts,Printed & Paper Crafts,Transactional
4172,Quality spooky coloring book online,Printed & Paper Crafts,Printed & Paper Crafts,Transactional
4173,Quality spooky wall decal set 2026,Printed & Paper Crafts,Printed & Paper Crafts,Transactional
4174,Scary halloween gift tags for sale,Printed & Paper Crafts,Printed & Paper Crafts,Transactional
4175,Scary halloween temporary tattoos set,Printed & Paper Crafts,Printed & Paper Crafts,Transactional
4176,Scary halloween wrapping paper in bulk,Printed & Paper Crafts,Printed & Paper Crafts,Transactional
4177,Scary haunted house jigsaw puzzle with free shipping,Printed & Paper Crafts,Printed & Paper Crafts,Transactional
4178,Scary pumpkin carving template for sale,Printed & Paper Crafts,Printed & Paper Crafts,Transactional
4179,Scary spooky coloring book pack,Printed & Paper Crafts,Printed & Paper Crafts,Transactional
4180,Scary spooky coloring book usa shipping,Printed & Paper Crafts,Printed & Paper Crafts,Transactional
4181,Scary spooky wall decal set kit,Printed & Paper Crafts,Printed & Paper Crafts,Transactional
4182,Shop for halloween gift tags ideas,Printed & Paper Crafts,Printed & Paper Crafts,Transactional
4183,Shop for halloween temporary tattoos delivered to your door,Printed & Paper Crafts,Printed & Paper Crafts,Transactional
4184,Shop for halloween temporary tattoos with free shipping,Printed & Paper Crafts,Printed & Paper Crafts,Transactional
4185,Shop for halloween wrapping paper near me,Printed & Paper Crafts,Printed & Paper Crafts,Transactional
4186,Shop for printable halloween decorations with free shipping,Printed & Paper Crafts,Printed & Paper Crafts,Transactional
4187,Shop halloween coloring pages 2026,Printed & Paper Crafts,Printed & Paper Crafts,Transactional
4188,Shop halloween coloring pages pack,Printed & Paper Crafts,Printed & Paper Crafts,Transactional
4189,Shop halloween temporary tattoos pdf,Printed & Paper Crafts,Printed & Paper Crafts,Transactional
4190,Shop halloween wrapping paper near me,Printed & Paper Crafts,Printed & Paper Crafts,Transactional
4191,Shop haunted house jigsaw puzzle with fast shipping,Printed & Paper Crafts,Printed & Paper Crafts,Transactional
4192,Shop printable halloween decorations online,Printed & Paper Crafts,Printed & Paper Crafts,Transactional
4193,Shop spooky coloring book ideas,Printed & Paper Crafts,Printed & Paper Crafts,Transactional
4194,Shop spooky coloring book near me,Printed & Paper Crafts,Printed & Paper Crafts,Transactional
4195,Shop spooky wall decal set 2026,Printed & Paper Crafts,Printed & Paper Crafts,Transactional
4196,Spooky halloween coloring pages for sale,Printed & Paper Crafts,Printed & Paper Crafts,Transactional
4197,Spooky halloween gift tags in bulk,Printed & Paper Crafts,Printed & Paper Crafts,Transactional
4198,Spooky halloween gift tags online,Printed & Paper Crafts,Printed & Paper Crafts,Transactional
4199,Spooky halloween greeting cards for sale,Printed & Paper Crafts,Printed & Paper Crafts,Transactional
4200,Spooky halloween wrapping paper for sale,Printed & Paper Crafts,Printed & Paper Crafts,Transactional
4201,Spooky halloween wrapping paper pack,Printed & Paper Crafts,Printed & Paper Crafts,Transactional
4202,Spooky printable halloween decorations online,Printed & Paper Crafts,Printed & Paper Crafts,Transactional
4203,Spooky wall decal set near me,Printed & Paper Crafts,Printed & Paper Crafts,Transactional
4204,Top halloween coloring pages for sale,Printed & Paper Crafts,Printed & Paper Crafts,Transactional
4205,Top halloween gift tags,Printed & Paper Crafts,Printed & Paper Crafts,Transactional
4206,Top halloween greeting cards online,Printed & Paper Crafts,Printed & Paper Crafts,Transactional
4207,Top halloween temporary tattoos kit,Printed & Paper Crafts,Printed & Paper Crafts,Transactional
4208,Top halloween window clings for sale,Printed & Paper Crafts,Printed & Paper Crafts,Transactional
4209,Top halloween window clings online,Printed & Paper Crafts,Printed & Paper Crafts,Transactional
4210,Top pumpkin carving template near me,Printed & Paper Crafts,Printed & Paper Crafts,Transactional
4211,Unique halloween coloring pages delivered to your door,Printed & Paper Crafts,Printed & Paper Crafts,Transactional
4212,Unique halloween coloring pages pack,Printed & Paper Crafts,Printed & Paper Crafts,Transactional
4213,Unique halloween gift tags for sale,Printed & Paper Crafts,Printed & Paper Crafts,Transactional
4214,Unique halloween gift tags set,Printed & Paper Crafts,Printed & Paper Crafts,Transactional
4215,Unique halloween sticker sheet,Printed & Paper Crafts,Printed & Paper Crafts,Transactional
4216,Unique halloween sticker sheet set,Printed & Paper Crafts,Printed & Paper Crafts,Transactional
4217,Unique haunted house jigsaw puzzle delivered to your door,Printed & Paper Crafts,Printed & Paper Crafts,Transactional
4218,Unique pumpkin carving template for sale,Printed & Paper Crafts,Printed & Paper Crafts,Transactional
4219,Unique pumpkin carving template online,Printed & Paper Crafts,Printed & Paper Crafts,Transactional
4220,Unique spooky coloring book usa shipping,Printed & Paper Crafts,Printed & Paper Crafts,Transactional
4221,Adult halloween costumes delivery to boston,City & Local Delivery,Cities,Local/Transactional
4222,Adult halloween costumes delivery to florida,City & Local Delivery,Cities,Local/Transactional
4223,Adult halloween costumes delivery to georgia,City & Local Delivery,Cities,Local/Transactional
4224,Adult halloween costumes delivery to illinois,City & Local Delivery,Cities,Local/Transactional
4225,Adult halloween costumes delivery to los angeles,City & Local Delivery,Cities,Local/Transactional
4226,Adult halloween costumes delivery to north carolina,City & Local Delivery,Cities,Local/Transactional
4227,Adult halloween costumes delivery to pennsylvania,City & Local Delivery,Cities,Local/Transactional
4228,Adult halloween costumes delivery to phoenix,City & Local Delivery,Cities,Local/Transactional
4229,Adult halloween costumes delivery to seattle,City & Local Delivery,Cities,Local/Transactional
4230,Adult halloween costumes near atlanta,City & Local Delivery,Cities,Local/Transactional
4231,Adult halloween costumes near chicago,City & Local Delivery,Cities,Local/Transactional
4232,Adult halloween costumes near dallas,City & Local Delivery,Cities,Local/Transactional
4233,Adult halloween costumes near pennsylvania,City & Local Delivery,Cities,Local/Transactional
4234,Buy adult halloween costumes in arizona,City & Local Delivery,Cities,Local/Transactional
4235,Buy adult halloween costumes in boston,City & Local Delivery,Cities,Local/Transactional
4236,Buy adult halloween costumes in california,City & Local Delivery,Cities,Local/Transactional
4237,Buy adult halloween costumes in chicago,City & Local Delivery,Cities,Local/Transactional
4238,Buy adult halloween costumes in florida,City & Local Delivery,Cities,Local/Transactional
4239,Buy adult halloween costumes in los angeles,City & Local Delivery,Cities,Local/Transactional
4240,Buy adult halloween costumes in new york city,City & Local Delivery,Cities,Local/Transactional
4241,Buy adult halloween costumes in phoenix,City & Local Delivery,Cities,Local/Transactional
4242,Buy adult halloween costumes in san francisco,City & Local Delivery,Cities,Local/Transactional
4243,Buy adult halloween costumes in seattle,City & Local Delivery,Cities,Local/Transactional
4244,Buy halloween accessories in austin,City & Local Delivery,Cities,Local/Transactional
4245,Buy halloween accessories in chicago,City & Local Delivery,Cities,Local/Transactional
4246,Buy halloween accessories in colorado,City & Local Delivery,Cities,Local/Transactional
4247,Buy halloween accessories in florida,City & Local Delivery,Cities,Local/Transactional
4248,Buy halloween accessories in georgia,City & Local Delivery,Cities,Local/Transactional
4249,Buy halloween accessories in houston,City & Local Delivery,Cities,Local/Transactional
4250,Buy halloween accessories in illinois,City & Local Delivery,Cities,Local/Transactional
4251,Buy halloween accessories in los angeles,City & Local Delivery,Cities,Local/Transactional
4252,Buy halloween accessories in new york,City & Local Delivery,Cities,Local/Transactional
4253,Buy halloween accessories in san francisco,City & Local Delivery,Cities,Local/Transactional
4254,Buy halloween accessories in virginia,City & Local Delivery,Cities,Local/Transactional
4255,Buy halloween candy in atlanta,City & Local Delivery,Cities,Local/Transactional
4256,Buy halloween candy in boston,City & Local Delivery,Cities,Local/Transactional
4257,Buy halloween candy in chicago,City & Local Delivery,Cities,Local/Transactional
4258,Buy halloween candy in colorado,City & Local Delivery,Cities,Local/Transactional
4259,Buy halloween candy in denver,City & Local Delivery,Cities,Local/Transactional
4260,Buy halloween candy in georgia,City & Local Delivery,Cities,Local/Transactional
4261,Buy halloween candy in houston,City & Local Delivery,Cities,Local/Transactional
4262,Buy halloween candy in michigan,City & Local Delivery,Cities,Local/Transactional
4263,Buy halloween candy in new york,City & Local Delivery,Cities,Local/Transactional
4264,Buy halloween candy in new york city,City & Local Delivery,Cities,Local/Transactional
4265,Buy halloween candy in philadelphia,City & Local Delivery,Cities,Local/Transactional
4266,Buy halloween candy in phoenix,City & Local Delivery,Cities,Local/Transactional
4267,Buy halloween candy in san francisco,City & Local Delivery,Cities,Local/Transactional
4268,Buy halloween candy in washington,City & Local Delivery,Cities,Local/Transactional
4269,Buy halloween costumes in arizona,City & Local Delivery,Cities,Local/Transactional
4270,Buy halloween costumes in california,City & Local Delivery,Cities,Local/Transactional
4271,Buy halloween costumes in florida,City & Local Delivery,Cities,Local/Transactional
4272,Buy halloween costumes in houston,City & Local Delivery,Cities,Local/Transactional
4273,Buy halloween costumes in los angeles,City & Local Delivery,Cities,Local/Transactional
4274,Buy halloween costumes in massachusetts,City & Local Delivery,Cities,Local/Transactional
4275,Buy halloween costumes in new york,City & Local Delivery,Cities,Local/Transactional
4276,Buy halloween costumes in north carolina,City & Local Delivery,Cities,Local/Transactional
4277,Buy halloween costumes in washington,City & Local Delivery,Cities,Local/Transactional
4278,Buy halloween decorations in arizona,City & Local Delivery,Cities,Local/Transactional
4279,Buy halloween decorations in boston,City & Local Delivery,Cities,Local/Transactional
4280,Buy halloween decorations in colorado,City & Local Delivery,Cities,Local/Transactional
4281,Buy halloween decorations in dallas,City & Local Delivery,Cities,Local/Transactional
4282,Buy halloween decorations in florida,City & Local Delivery,Cities,Local/Transactional
4283,Buy halloween decorations in illinois,City & Local Delivery,Cities,Local/Transactional
4284,Buy halloween decorations in las vegas,City & Local Delivery,Cities,Local/Transactional
4285,Buy halloween decorations in new jersey,City & Local Delivery,Cities,Local/Transactional
4286,Buy halloween decorations in new york,City & Local Delivery,Cities,Local/Transactional
4287,Buy halloween decorations in philadelphia,City & Local Delivery,Cities,Local/Transactional
4288,Buy halloween decorations in san diego,City & Local Delivery,Cities,Local/Transactional
4289,Buy halloween decorations in seattle,City & Local Delivery,Cities,Local/Transactional
4290,Buy halloween decorations in virginia,City & Local Delivery,Cities,Local/Transactional
4291,Buy halloween decorations in washington,City & Local Delivery,Cities,Local/Transactional
4292,Buy halloween party supplies in austin,City & Local Delivery,Cities,Local/Transactional
4293,Buy halloween party supplies in colorado,City & Local Delivery,Cities,Local/Transactional
4294,Buy halloween party supplies in florida,City & Local Delivery,Cities,Local/Transactional
4295,Buy halloween party supplies in las vegas,City & Local Delivery,Cities,Local/Transactional
4296,Buy halloween party supplies in los angeles,City & Local Delivery,Cities,Local/Transactional
4297,Buy halloween party supplies in new york,City & Local Delivery,Cities,Local/Transactional
4298,Buy halloween party supplies in new york city,City & Local Delivery,Cities,Local/Transactional
4299,Buy inflatable halloween decorations in arizona,City & Local Delivery,Cities,Local/Transactional
4300,Buy inflatable halloween decorations in colorado,City & Local Delivery,Cities,Local/Transactional
4301,Buy inflatable halloween decorations in florida,City & Local Delivery,Cities,Local/Transactional
4302,Buy inflatable halloween decorations in georgia,City & Local Delivery,Cities,Local/Transactional
4303,Buy inflatable halloween decorations in illinois,City & Local Delivery,Cities,Local/Transactional
4304,Buy inflatable halloween decorations in los angeles,City & Local Delivery,Cities,Local/Transactional
4305,Buy inflatable halloween decorations in michigan,City & Local Delivery,Cities,Local/Transactional
4306,Buy inflatable halloween decorations in ohio,City & Local Delivery,Cities,Local/Transactional
4307,Buy inflatable halloween decorations in pennsylvania,City & Local Delivery,Cities,Local/Transactional
4308,Buy inflatable halloween decorations in virginia,City & Local Delivery,Cities,Local/Transactional
4309,Buy kids halloween costumes in austin,City & Local Delivery,Cities,Local/Transactional
4310,Buy kids halloween costumes in boston,City & Local Delivery,Cities,Local/Transactional
4311,Buy kids halloween costumes in chicago,City & Local Delivery,Cities,Local/Transactional
4312,Buy kids halloween costumes in florida,City & Local Delivery,Cities,Local/Transactional
4313,Buy kids halloween costumes in illinois,City & Local Delivery,Cities,Local/Transactional
4314,Buy kids halloween costumes in miami,City & Local Delivery,Cities,Local/Transactional
4315,Buy kids halloween costumes in new york,City & Local Delivery,Cities,Local/Transactional
4316,Buy kids halloween costumes in new york city,City & Local Delivery,Cities,Local/Transactional
4317,Buy kids halloween costumes in north carolina,City & Local Delivery,Cities,Local/Transactional
4318,Buy kids halloween costumes in ohio,City & Local Delivery,Cities,Local/Transactional
4319,Buy kids halloween costumes in phoenix,City & Local Delivery,Cities,Local/Transactional
4320,Buy kids halloween costumes in san diego,City & Local Delivery,Cities,Local/Transactional
4321,Buy kids halloween costumes in seattle,City & Local Delivery,Cities,Local/Transactional
4322,Buy kids halloween costumes in texas,City & Local Delivery,Cities,Local/Transactional
4323,Buy outdoor halloween decor in chicago,City & Local Delivery,Cities,Local/Transactional
4324,Buy outdoor halloween decor in houston,City & Local Delivery,Cities,Local/Transactional
4325,Buy outdoor halloween decor in los angeles,City & Local Delivery,Cities,Local/Transactional
4326,Buy outdoor halloween decor in philadelphia,City & Local Delivery,Cities,Local/Transactional
4327,Buy outdoor halloween decor in san francisco,City & Local Delivery,Cities,Local/Transactional
4328,Halloween accessories delivery to boston,City & Local Delivery,Cities,Local/Transactional
4329,Halloween accessories delivery to chicago,City & Local Delivery,Cities,Local/Transactional
4330,Halloween accessories delivery to florida,City & Local Delivery,Cities,Local/Transactional
4331,Halloween accessories delivery to houston,City & Local Delivery,Cities,Local/Transactional
4332,Halloween accessories delivery to illinois,City & Local Delivery,Cities,Local/Transactional
4333,Halloween accessories delivery to massachusetts,City & Local Delivery,Cities,Local/Transactional
4334,Halloween accessories delivery to new york,City & Local Delivery,Cities,Local/Transactional
4335,Halloween accessories delivery to new york city,City & Local Delivery,Cities,Local/Transactional
4336,Halloween accessories delivery to north carolina,City & Local Delivery,Cities,Local/Transactional
4337,Halloween accessories delivery to pennsylvania,City & Local Delivery,Cities,Local/Transactional
4338,Halloween accessories delivery to virginia,City & Local Delivery,Cities,Local/Transactional
4339,Halloween accessories near boston,City & Local Delivery,Cities,Local/Transactional
4340,Halloween accessories near california,City & Local Delivery,Cities,Local/Transactional
4341,Halloween accessories near miami,City & Local Delivery,Cities,Local/Transactional
4342,Halloween accessories near new york,City & Local Delivery,Cities,Local/Transactional
4343,Halloween accessories near north carolina,City & Local Delivery,Cities,Local/Transactional
4344,Halloween accessories near phoenix,City & Local Delivery,Cities,Local/Transactional
4345,Halloween accessories near seattle,City & Local Delivery,Cities,Local/Transactional
4346,Halloween candy delivery to arizona,City & Local Delivery,Cities,Local/Transactional
4347,Halloween candy delivery to chicago,City & Local Delivery,Cities,Local/Transactional
4348,Halloween candy delivery to colorado,City & Local Delivery,Cities,Local/Transactional
4349,Halloween candy delivery to denver,City & Local Delivery,Cities,Local/Transactional
4350,Halloween candy delivery to georgia,City & Local Delivery,Cities,Local/Transactional
4351,Halloween candy delivery to illinois,City & Local Delivery,Cities,Local/Transactional
4352,Halloween candy delivery to miami,City & Local Delivery,Cities,Local/Transactional
4353,Halloween candy delivery to new jersey,City & Local Delivery,Cities,Local/Transactional
4354,Halloween candy delivery to new york city,City & Local Delivery,Cities,Local/Transactional
4355,Halloween candy delivery to pennsylvania,City & Local Delivery,Cities,Local/Transactional
4356,Halloween candy delivery to phoenix,City & Local Delivery,Cities,Local/Transactional
4357,Halloween candy delivery to texas,City & Local Delivery,Cities,Local/Transactional
4358,Halloween candy near georgia,City & Local Delivery,Cities,Local/Transactional
4359,Halloween candy near las vegas,City & Local Delivery,Cities,Local/Transactional
4360,Halloween candy near new jersey,City & Local Delivery,Cities,Local/Transactional
4361,Halloween candy near ohio,City & Local Delivery,Cities,Local/Transactional
4362,Halloween candy near seattle,City & Local Delivery,Cities,Local/Transactional
4363,Halloween costumes delivery to boston,City & Local Delivery,Cities,Local/Transactional
4364,Halloween costumes delivery to dallas,City & Local Delivery,Cities,Local/Transactional
4365,Halloween costumes delivery to denver,City & Local Delivery,Cities,Local/Transactional
4366,Halloween costumes delivery to michigan,City & Local Delivery,Cities,Local/Transactional
4367,Halloween costumes delivery to san diego,City & Local Delivery,Cities,Local/Transactional
4368,Halloween costumes delivery to san francisco,City & Local Delivery,Cities,Local/Transactional
4369,Halloween costumes delivery to seattle,City & Local Delivery,Cities,Local/Transactional
4370,Halloween costumes near austin,City & Local Delivery,Cities,Local/Transactional
4371,Halloween costumes near chicago,City & Local Delivery,Cities,Local/Transactional
4372,Halloween costumes near denver,City & Local Delivery,Cities,Local/Transactional
4373,Halloween costumes near georgia,City & Local Delivery,Cities,Local/Transactional
4374,Halloween costumes near illinois,City & Local Delivery,Cities,Local/Transactional
4375,Halloween costumes near las vegas,City & Local Delivery,Cities,Local/Transactional
4376,Halloween costumes near massachusetts,City & Local Delivery,Cities,Local/Transactional
4377,Halloween costumes near miami,City & Local Delivery,Cities,Local/Transactional
4378,Halloween costumes near michigan,City & Local Delivery,Cities,Local/Transactional
4379,Halloween costumes near new york city,City & Local Delivery,Cities,Local/Transactional
4380,Halloween costumes near san diego,City & Local Delivery,Cities,Local/Transactional
4381,Halloween costumes near washington,City & Local Delivery,Cities,Local/Transactional
4382,Halloween decorations delivery to dallas,City & Local Delivery,Cities,Local/Transactional
4383,Halloween decorations delivery to denver,City & Local Delivery,Cities,Local/Transactional
4384,Halloween decorations delivery to florida,City & Local Delivery,Cities,Local/Transactional
4385,Halloween decorations delivery to los angeles,City & Local Delivery,Cities,Local/Transactional
4386,Halloween decorations delivery to massachusetts,City & Local Delivery,Cities,Local/Transactional
4387,Halloween decorations delivery to michigan,City & Local Delivery,Cities,Local/Transactional
4388,Halloween decorations delivery to north carolina,City & Local Delivery,Cities,Local/Transactional
4389,Halloween decorations delivery to ohio,City & Local Delivery,Cities,Local/Transactional
4390,Halloween decorations delivery to philadelphia,City & Local Delivery,Cities,Local/Transactional
4391,Halloween decorations delivery to seattle,City & Local Delivery,Cities,Local/Transactional
4392,Halloween decorations delivery to virginia,City & Local Delivery,Cities,Local/Transactional
4393,Halloween decorations delivery to washington,City & Local Delivery,Cities,Local/Transactional
4394,Halloween decorations near arizona,City & Local Delivery,Cities,Local/Transactional
4395,Halloween decorations near atlanta,City & Local Delivery,Cities,Local/Transactional
4396,Halloween decorations near chicago,City & Local Delivery,Cities,Local/Transactional
4397,Halloween decorations near florida,City & Local Delivery,Cities,Local/Transactional
4398,Halloween decorations near houston,City & Local Delivery,Cities,Local/Transactional
4399,Halloween decorations near illinois,City & Local Delivery,Cities,Local/Transactional
4400,Halloween decorations near las vegas,City & Local Delivery,Cities,Local/Transactional
4401,Halloween decorations near miami,City & Local Delivery,Cities,Local/Transactional
4402,Halloween decorations near pennsylvania,City & Local Delivery,Cities,Local/Transactional
4403,Halloween decorations near phoenix,City & Local Delivery,Cities,Local/Transactional
4404,Halloween decorations near san diego,City & Local Delivery,Cities,Local/Transactional
4405,Halloween decorations near san francisco,City & Local Delivery,Cities,Local/Transactional
4406,Halloween decorations near washington,City & Local Delivery,Cities,Local/Transactional
4407,Halloween party supplies delivery to boston,City & Local Delivery,Cities,Local/Transactional
4408,Halloween party supplies delivery to denver,City & Local Delivery,Cities,Local/Transactional
4409,Halloween party supplies delivery to georgia,City & Local Delivery,Cities,Local/Transactional
4410,Halloween party supplies delivery to las vegas,City & Local Delivery,Cities,Local/Transactional
4411,Halloween party supplies delivery to los angeles,City & Local Delivery,Cities,Local/Transactional
4412,Halloween party supplies delivery to miami,City & Local Delivery,Cities,Local/Transactional
4413,Halloween party supplies delivery to new york,City & Local Delivery,Cities,Local/Transactional
4414,Halloween party supplies delivery to new york city,City & Local Delivery,Cities,Local/Transactional
4415,Halloween party supplies delivery to north carolina,City & Local Delivery,Cities,Local/Transactional
4416,Halloween party supplies delivery to san francisco,City & Local Delivery,Cities,Local/Transactional
4417,Halloween party supplies near atlanta,City & Local Delivery,Cities,Local/Transactional
4418,Halloween party supplies near florida,City & Local Delivery,Cities,Local/Transactional
4419,Halloween party supplies near los angeles,City & Local Delivery,Cities,Local/Transactional
4420,Halloween party supplies near north carolina,City & Local Delivery,Cities,Local/Transactional
4421,Halloween party supplies near ohio,City & Local Delivery,Cities,Local/Transactional
4422,Halloween party supplies near pennsylvania,City & Local Delivery,Cities,Local/Transactional
4423,Halloween party supplies near phoenix,City & Local Delivery,Cities,Local/Transactional
4424,Halloween party supplies near san francisco,City & Local Delivery,Cities,Local/Transactional
4425,Halloween party supplies near texas,City & Local Delivery,Cities,Local/Transactional
4426,Halloween shop arizona,City & Local Delivery,Cities,Local/Transactional
4427,Halloween shop atlanta,City & Local Delivery,Cities,Local/Transactional
4428,Halloween shop austin,City & Local Delivery,Cities,Local/Transactional
4429,Halloween shop boston,City & Local Delivery,Cities,Local/Transactional
4430,Halloween shop chicago,City & Local Delivery,Cities,Local/Transactional
4431,Halloween shop colorado,City & Local Delivery,Cities,Local/Transactional
4432,Halloween shop dallas,City & Local Delivery,Cities,Local/Transactional
4433,Halloween shop denver,City & Local Delivery,Cities,Local/Transactional
4434,Halloween shop florida,City & Local Delivery,Cities,Local/Transactional
4435,Halloween shop georgia,City & Local Delivery,Cities,Local/Transactional
4436,Halloween shop houston,City & Local Delivery,Cities,Local/Transactional
4437,Halloween shop illinois,City & Local Delivery,Cities,Local/Transactional
4438,Halloween shop las vegas,City & Local Delivery,Cities,Local/Transactional
4439,Halloween shop massachusetts,City & Local Delivery,Cities,Local/Transactional
4440,Halloween shop miami,City & Local Delivery,Cities,Local/Transactional
4441,Halloween shop michigan,City & Local Delivery,Cities,Local/Transactional
4442,Halloween shop new jersey,City & Local Delivery,Cities,Local/Transactional
4443,Halloween shop new york city,City & Local Delivery,Cities,Local/Transactional
4444,Halloween shop north carolina,City & Local Delivery,Cities,Local/Transactional
4445,Halloween shop ohio,City & Local Delivery,Cities,Local/Transactional
4446,Halloween shop pennsylvania,City & Local Delivery,Cities,Local/Transactional
4447,Halloween shop philadelphia,City & Local Delivery,Cities,Local/Transactional
4448,Halloween shop phoenix,City & Local Delivery,Cities,Local/Transactional
4449,Halloween shop san diego,City & Local Delivery,Cities,Local/Transactional
4450,Halloween shop san francisco,City & Local Delivery,Cities,Local/Transactional
4451,Halloween shop seattle,City & Local Delivery,Cities,Local/Transactional
4452,Halloween shop texas,City & Local Delivery,Cities,Local/Transactional
4453,Halloween shop virginia,City & Local Delivery,Cities,Local/Transactional
4454,Inflatable halloween decorations delivery to arizona,City & Local Delivery,Cities,Local/Transactional
4455,Inflatable halloween decorations delivery to atlanta,City & Local Delivery,Cities,Local/Transactional
4456,Inflatable halloween decorations delivery to austin,City & Local Delivery,Cities,Local/Transactional
4457,Inflatable halloween decorations delivery to colorado,City & Local Delivery,Cities,Local/Transactional
4458,Inflatable halloween decorations delivery to dallas,City & Local Delivery,Cities,Local/Transactional
4459,Inflatable halloween decorations delivery to georgia,City & Local Delivery,Cities,Local/Transactional
4460,Inflatable halloween decorations delivery to illinois,City & Local Delivery,Cities,Local/Transactional
4461,Inflatable halloween decorations delivery to new york,City & Local Delivery,Cities,Local/Transactional
4462,Inflatable halloween decorations delivery to ohio,City & Local Delivery,Cities,Local/Transactional
4463,Inflatable halloween decorations delivery to phoenix,City & Local Delivery,Cities,Local/Transactional
4464,Inflatable halloween decorations delivery to san francisco,City & Local Delivery,Cities,Local/Transactional
4465,Inflatable halloween decorations delivery to texas,City & Local Delivery,Cities,Local/Transactional
4466,Inflatable halloween decorations delivery to virginia,City & Local Delivery,Cities,Local/Transactional
4467,Inflatable halloween decorations delivery to washington,City & Local Delivery,Cities,Local/Transactional
4468,Inflatable halloween decorations near boston,City & Local Delivery,Cities,Local/Transactional
4469,Inflatable halloween decorations near california,City & Local Delivery,Cities,Local/Transactional
4470,Inflatable halloween decorations near dallas,City & Local Delivery,Cities,Local/Transactional
4471,Inflatable halloween decorations near houston,City & Local Delivery,Cities,Local/Transactional
4472,Inflatable halloween decorations near illinois,City & Local Delivery,Cities,Local/Transactional
4473,Inflatable halloween decorations near michigan,City & Local Delivery,Cities,Local/Transactional
4474,Inflatable halloween decorations near new york city,City & Local Delivery,Cities,Local/Transactional
4475,Inflatable halloween decorations near north carolina,City & Local Delivery,Cities,Local/Transactional
4476,Inflatable halloween decorations near philadelphia,City & Local Delivery,Cities,Local/Transactional
4477,Kids halloween costumes delivery to arizona,City & Local Delivery,Cities,Local/Transactional
4478,Kids halloween costumes delivery to florida,City & Local Delivery,Cities,Local/Transactional
4479,Kids halloween costumes delivery to georgia,City & Local Delivery,Cities,Local/Transactional
4480,Kids halloween costumes delivery to las vegas,City & Local Delivery,Cities,Local/Transactional
4481,Kids halloween costumes delivery to pennsylvania,City & Local Delivery,Cities,Local/Transactional
4482,Kids halloween costumes delivery to washington,City & Local Delivery,Cities,Local/Transactional
4483,Kids halloween costumes near austin,City & Local Delivery,Cities,Local/Transactional
4484,Kids halloween costumes near colorado,City & Local Delivery,Cities,Local/Transactional
4485,Kids halloween costumes near denver,City & Local Delivery,Cities,Local/Transactional
4486,Kids halloween costumes near florida,City & Local Delivery,Cities,Local/Transactional
4487,Kids halloween costumes near illinois,City & Local Delivery,Cities,Local/Transactional
4488,Kids halloween costumes near new jersey,City & Local Delivery,Cities,Local/Transactional
4489,Kids halloween costumes near phoenix,City & Local Delivery,Cities,Local/Transactional
4490,Kids halloween costumes near san diego,City & Local Delivery,Cities,Local/Transactional
4491,Kids halloween costumes near san francisco,City & Local Delivery,Cities,Local/Transactional
4492,Kids halloween costumes near texas,City & Local Delivery,Cities,Local/Transactional
4493,Outdoor halloween decor delivery to atlanta,City & Local Delivery,Cities,Local/Transactional
4494,Outdoor halloween decor delivery to austin,City & Local Delivery,Cities,Local/Transactional
4495,Outdoor halloween decor delivery to boston,City & Local Delivery,Cities,Local/Transactional
4496,Outdoor halloween decor delivery to california,City & Local Delivery,Cities,Local/Transactional
4497,Outdoor halloween decor delivery to chicago,City & Local Delivery,Cities,Local/Transactional
4498,Outdoor halloween decor delivery to florida,City & Local Delivery,Cities,Local/Transactional
4499,Outdoor halloween decor delivery to georgia,City & Local Delivery,Cities,Local/Transactional
4500,Outdoor halloween decor delivery to illinois,City & Local Delivery,Cities,Local/Transactional
4501,Outdoor halloween decor delivery to massachusetts,City & Local Delivery,Cities,Local/Transactional
4502,Outdoor halloween decor delivery to michigan,City & Local Delivery,Cities,Local/Transactional
4503,Outdoor halloween decor delivery to north carolina,City & Local Delivery,Cities,Local/Transactional
4504,Outdoor halloween decor delivery to ohio,City & Local Delivery,Cities,Local/Transactional
4505,Outdoor halloween decor delivery to pennsylvania,City & Local Delivery,Cities,Local/Transactional
4506,Outdoor halloween decor delivery to seattle,City & Local Delivery,Cities,Local/Transactional
4507,Outdoor halloween decor near austin,City & Local Delivery,Cities,Local/Transactional
4508,Outdoor halloween decor near boston,City & Local Delivery,Cities,Local/Transactional
4509,Outdoor halloween decor near dallas,City & Local Delivery,Cities,Local/Transactional
4510,Outdoor halloween decor near denver,City & Local Delivery,Cities,Local/Transactional
4511,Outdoor halloween decor near florida,City & Local Delivery,Cities,Local/Transactional
4512,Outdoor halloween decor near las vegas,City & Local Delivery,Cities,Local/Transactional
4513,Outdoor halloween decor near los angeles,City & Local Delivery,Cities,Local/Transactional
4514,Outdoor halloween decor near michigan,City & Local Delivery,Cities,Local/Transactional
4515,Outdoor halloween decor near new jersey,City & Local Delivery,Cities,Local/Transactional
4516,Outdoor halloween decor near ohio,City & Local Delivery,Cities,Local/Transactional
4517,Outdoor halloween decor near pennsylvania,City & Local Delivery,Cities,Local/Transactional
4518,Outdoor halloween decor near phoenix,City & Local Delivery,Cities,Local/Transactional
4519,Outdoor halloween decor near texas,City & Local Delivery,Cities,Local/Transactional
4520,Outdoor halloween decor near washington,City & Local Delivery,Cities,Local/Transactional
4521,Best halloween costume store usa,Informational & Brand,Guides / Blog / Brand,Informational
4522,Budget halloween party ideas,Informational & Brand,Guides / Blog / Brand,Informational
4523,Cheap halloween decorations that look expensive,Informational & Brand,Guides / Blog / Brand,Informational
4524,Diy halloween costume ideas,Informational & Brand,Guides / Blog / Brand,Informational
4525,Easy diy halloween decorations,Informational & Brand,Guides / Blog / Brand,Informational
4526,Express halloween delivery usa,Informational & Brand,Guides / Blog / Brand,Informational
4527,Group halloween costume ideas for friends,Informational & Brand,Guides / Blog / Brand,Informational
4528,Halloween 2026 date,Informational & Brand,Guides / Blog / Brand,Informational
4529,Halloween 2026 order deadline,Informational & Brand,Guides / Blog / Brand,Informational
4530,Halloween budget tips for 2026,Informational & Brand,Guides / Blog / Brand,Informational
4531,Halloween budget tips for apartments,Informational & Brand,Guides / Blog / Brand,Informational
4532,Halloween budget tips for busy parents,Informational & Brand,Guides / Blog / Brand,Informational
4533,Halloween budget tips for large families,Informational & Brand,Guides / Blog / Brand,Informational
4534,Halloween budget tips for renters,Informational & Brand,Guides / Blog / Brand,Informational
4535,Halloween budget tips for seniors,Informational & Brand,Guides / Blog / Brand,Informational
4536,Halloween budget tips for small yards,Informational & Brand,Guides / Blog / Brand,Informational
4537,Halloween budget tips on a tight budget,Informational & Brand,Guides / Blog / Brand,Informational
4538,Halloween budget tips that actually work,Informational & Brand,Guides / Blog / Brand,Informational
4539,Halloween budget tips using items from home,Informational & Brand,Guides / Blog / Brand,Informational
4540,Halloween budget tips you can do this weekend,Informational & Brand,Guides / Blog / Brand,Informational
4541,Halloween candy tips for 2026,Informational & Brand,Guides / Blog / Brand,Informational
4542,Halloween candy tips for 2026 trends,Informational & Brand,Guides / Blog / Brand,Informational
4543,Halloween candy tips for apartments,Informational & Brand,Guides / Blog / Brand,Informational
4544,Halloween candy tips for college students,Informational & Brand,Guides / Blog / Brand,Informational
4545,Halloween candy tips for first timers,Informational & Brand,Guides / Blog / Brand,Informational
4546,Halloween candy tips for large families,Informational & Brand,Guides / Blog / Brand,Informational
4547,Halloween candy tips for renters,Informational & Brand,Guides / Blog / Brand,Informational
4548,Halloween candy tips for small spaces,Informational & Brand,Guides / Blog / Brand,Informational
4549,Halloween candy tips for small yards,Informational & Brand,Guides / Blog / Brand,Informational
4550,Halloween candy tips step by step,Informational & Brand,Guides / Blog / Brand,Informational
4551,Halloween candy tips that actually work,Informational & Brand,Guides / Blog / Brand,Informational
4552,Halloween candy tips you can do this weekend,Informational & Brand,Guides / Blog / Brand,Informational
4553,Halloween costume guide for adults,Informational & Brand,Guides / Blog / Brand,Informational
4554,Halloween costume guide for kids,Informational & Brand,Guides / Blog / Brand,Informational
4555,Halloween costume hacks for 2026 trends,Informational & Brand,Guides / Blog / Brand,Informational
4556,Halloween costume hacks for beginners,Informational & Brand,Guides / Blog / Brand,Informational
4557,Halloween costume hacks for busy parents,Informational & Brand,Guides / Blog / Brand,Informational
4558,Halloween costume hacks for first timers,Informational & Brand,Guides / Blog / Brand,Informational
4559,Halloween costume hacks for large families,Informational & Brand,Guides / Blog / Brand,Informational
4560,Halloween costume hacks for seniors,Informational & Brand,Guides / Blog / Brand,Informational
4561,Halloween costume hacks for small spaces,Informational & Brand,Guides / Blog / Brand,Informational
4562,Halloween costume hacks on a tight budget,Informational & Brand,Guides / Blog / Brand,Informational
4563,Halloween costume hacks that actually work,Informational & Brand,Guides / Blog / Brand,Informational
4564,Halloween costume hacks you can do this weekend,Informational & Brand,Guides / Blog / Brand,Informational
4565,Halloween costume ideas 2026,Informational & Brand,Guides / Blog / Brand,Informational
4566,Halloween costume ideas for 2026 trends,Informational & Brand,Guides / Blog / Brand,Informational
4567,Halloween costume ideas for beginners,Informational & Brand,Guides / Blog / Brand,Informational
4568,Halloween costume ideas for busy parents,Informational & Brand,Guides / Blog / Brand,Informational
4569,Halloween costume ideas for college students,Informational & Brand,Guides / Blog / Brand,Informational
4570,Halloween costume ideas for couples,Informational & Brand,Guides / Blog / Brand,Informational
4571,Halloween costume ideas for large families,Informational & Brand,Guides / Blog / Brand,Informational
4572,Halloween costume ideas for redheads,Informational & Brand,Guides / Blog / Brand,Informational
4573,Halloween costume ideas for small spaces,Informational & Brand,Guides / Blog / Brand,Informational
4574,Halloween costume ideas on a tight budget,Informational & Brand,Guides / Blog / Brand,Informational
4575,Halloween costume ideas step by step,Informational & Brand,Guides / Blog / Brand,Informational
4576,Halloween costume ideas that actually work,Informational & Brand,Guides / Blog / Brand,Informational
4577,Halloween costume ideas using items from home,Informational & Brand,Guides / Blog / Brand,Informational
4578,Halloween costume ideas you can do this weekend,Informational & Brand,Guides / Blog / Brand,Informational
4579,Halloween costume rental vs buying,Informational & Brand,Guides / Blog / Brand,Informational
4580,Halloween costume size guide,Informational & Brand,Guides / Blog / Brand,Informational
4581,Halloween costume trends 2026,Informational & Brand,Guides / Blog / Brand,Informational
4582,Halloween decor delivery usa,Informational & Brand,Guides / Blog / Brand,Informational
4583,Halloween decor on a budget,Informational & Brand,Guides / Blog / Brand,Informational
4584,Halloween decor storage tips for 2026,Informational & Brand,Guides / Blog / Brand,Informational
4585,Halloween decor storage tips for 2026 trends,Informational & Brand,Guides / Blog / Brand,Informational
4586,Halloween decor storage tips for beginners,Informational & Brand,Guides / Blog / Brand,Informational
4587,Halloween decor storage tips for college students,Informational & Brand,Guides / Blog / Brand,Informational
4588,Halloween decor storage tips for first timers,Informational & Brand,Guides / Blog / Brand,Informational
4589,Halloween decor storage tips for large families,Informational & Brand,Guides / Blog / Brand,Informational
4590,Halloween decor storage tips for offices,Informational & Brand,Guides / Blog / Brand,Informational
4591,Halloween decor storage tips for renters,Informational & Brand,Guides / Blog / Brand,Informational
4592,Halloween decor storage tips for seniors,Informational & Brand,Guides / Blog / Brand,Informational
4593,Halloween decor storage tips for small spaces,Informational & Brand,Guides / Blog / Brand,Informational
4594,Halloween decor storage tips on a tight budget,Informational & Brand,Guides / Blog / Brand,Informational
4595,Halloween decor storage tips step by step,Informational & Brand,Guides / Blog / Brand,Informational
4596,Halloween decorating ideas for 2026,Informational & Brand,Guides / Blog / Brand,Informational
4597,Halloween decorating ideas for 2026 trends,Informational & Brand,Guides / Blog / Brand,Informational
4598,Halloween decorating ideas for apartments,Informational & Brand,Guides / Blog / Brand,Informational
4599,Halloween decorating ideas for beginners,Informational & Brand,Guides / Blog / Brand,Informational
4600,Halloween decorating ideas for busy parents,Informational & Brand,Guides / Blog / Brand,Informational
4601,Halloween decorating ideas for college students,Informational & Brand,Guides / Blog / Brand,Informational
4602,Halloween decorating ideas for large families,Informational & Brand,Guides / Blog / Brand,Informational
4603,Halloween decorating ideas for renters,Informational & Brand,Guides / Blog / Brand,Informational
4604,Halloween decorating ideas for small apartments,Informational & Brand,Guides / Blog / Brand,Informational
4605,Halloween decorating ideas for small spaces,Informational & Brand,Guides / Blog / Brand,Informational
4606,Halloween decorating ideas on a tight budget,Informational & Brand,Guides / Blog / Brand,Informational
4607,Halloween decorating ideas step by step,Informational & Brand,Guides / Blog / Brand,Informational
4608,Halloween decorating ideas that actually work,Informational & Brand,Guides / Blog / Brand,Informational
4609,Halloween decorating ideas using items from home,Informational & Brand,Guides / Blog / Brand,Informational
4610,Halloween decorating ideas you can do this weekend,Informational & Brand,Guides / Blog / Brand,Informational
4611,Halloween diy projects for 2026 trends,Informational & Brand,Guides / Blog / Brand,Informational
4612,Halloween diy projects for apartments,Informational & Brand,Guides / Blog / Brand,Informational
4613,Halloween diy projects for beginners,Informational & Brand,Guides / Blog / Brand,Informational
4614,Halloween diy projects for college students,Informational & Brand,Guides / Blog / Brand,Informational
4615,Halloween diy projects for first timers,Informational & Brand,Guides / Blog / Brand,Informational
4616,Halloween diy projects for large families,Informational & Brand,Guides / Blog / Brand,Informational
4617,Halloween diy projects for offices,Informational & Brand,Guides / Blog / Brand,Informational
4618,Halloween diy projects for renters,Informational & Brand,Guides / Blog / Brand,Informational
4619,Halloween diy projects for small spaces,Informational & Brand,Guides / Blog / Brand,Informational
4620,Halloween diy projects on a tight budget,Informational & Brand,Guides / Blog / Brand,Informational
4621,Halloween diy projects you can do this weekend,Informational & Brand,Guides / Blog / Brand,Informational
4622,Halloween front porch ideas,Informational & Brand,Guides / Blog / Brand,Informational
4623,Halloween hosting tips for beginners,Informational & Brand,Guides / Blog / Brand,Informational
4624,Halloween hosting tips for busy parents,Informational & Brand,Guides / Blog / Brand,Informational
4625,Halloween hosting tips for college students,Informational & Brand,Guides / Blog / Brand,Informational
4626,Halloween hosting tips for offices,Informational & Brand,Guides / Blog / Brand,Informational
4627,Halloween hosting tips for seniors,Informational & Brand,Guides / Blog / Brand,Informational
4628,Halloween hosting tips for small spaces,Informational & Brand,Guides / Blog / Brand,Informational
4629,Halloween hosting tips for small yards,Informational & Brand,Guides / Blog / Brand,Informational
4630,Halloween hosting tips on a budget,Informational & Brand,Guides / Blog / Brand,Informational
4631,Halloween hosting tips on a tight budget,Informational & Brand,Guides / Blog / Brand,Informational
4632,Halloween hosting tips step by step,Informational & Brand,Guides / Blog / Brand,Informational
4633,Halloween hosting tips with household items,Informational & Brand,Guides / Blog / Brand,Informational
4634,Halloween lighting ideas for 2026 trends,Informational & Brand,Guides / Blog / Brand,Informational
4635,Halloween lighting ideas for apartments,Informational & Brand,Guides / Blog / Brand,Informational
4636,Halloween lighting ideas for first timers,Informational & Brand,Guides / Blog / Brand,Informational
4637,Halloween lighting ideas for small spaces,Informational & Brand,Guides / Blog / Brand,Informational
4638,Halloween lighting ideas on a budget,Informational & Brand,Guides / Blog / Brand,Informational
4639,Halloween lighting ideas on a tight budget,Informational & Brand,Guides / Blog / Brand,Informational
4640,Halloween lighting ideas step by step,Informational & Brand,Guides / Blog / Brand,Informational
4641,Halloween makeup ideas for 2026,Informational & Brand,Guides / Blog / Brand,Informational
4642,Halloween makeup ideas for beginners,Informational & Brand,Guides / Blog / Brand,Informational
4643,Halloween makeup ideas for college students,Informational & Brand,Guides / Blog / Brand,Informational
4644,Halloween makeup ideas for first timers,Informational & Brand,Guides / Blog / Brand,Informational
4645,Halloween makeup ideas for renters,Informational & Brand,Guides / Blog / Brand,Informational
4646,Halloween makeup ideas for small yards,Informational & Brand,Guides / Blog / Brand,Informational
4647,Halloween makeup ideas on a budget,Informational & Brand,Guides / Blog / Brand,Informational
4648,Halloween makeup ideas with household items,Informational & Brand,Guides / Blog / Brand,Informational
4649,Halloween makeup ideas you can do this weekend,Informational & Brand,Guides / Blog / Brand,Informational
4650,Halloween makeup tutorial ideas,Informational & Brand,Guides / Blog / Brand,Informational
4651,Halloween party menu ideas,Informational & Brand,Guides / Blog / Brand,Informational
4652,Halloween party planning checklist,Informational & Brand,Guides / Blog / Brand,Informational
4653,Halloween party supplies usa delivery,Informational & Brand,Guides / Blog / Brand,Informational
4654,Halloween party tips for 2026,Informational & Brand,Guides / Blog / Brand,Informational
4655,Halloween party tips for 2026 trends,Informational & Brand,Guides / Blog / Brand,Informational
4656,Halloween party tips for beginners,Informational & Brand,Guides / Blog / Brand,Informational
4657,Halloween party tips for busy parents,Informational & Brand,Guides / Blog / Brand,Informational
4658,Halloween party tips for college students,Informational & Brand,Guides / Blog / Brand,Informational
4659,Halloween party tips for offices,Informational & Brand,Guides / Blog / Brand,Informational
4660,Halloween party tips for seniors,Informational & Brand,Guides / Blog / Brand,Informational
4661,Halloween party tips for small spaces,Informational & Brand,Guides / Blog / Brand,Informational
4662,Halloween party tips for small yards,Informational & Brand,Guides / Blog / Brand,Informational
4663,Halloween party tips on a tight budget,Informational & Brand,Guides / Blog / Brand,Informational
4664,Halloween party tips with household items,Informational & Brand,Guides / Blog / Brand,Informational
4665,Halloween party tips you can do this weekend,Informational & Brand,Guides / Blog / Brand,Informational
4666,Halloween photo ideas for busy parents,Informational & Brand,Guides / Blog / Brand,Informational
4667,Halloween photo ideas for renters,Informational & Brand,Guides / Blog / Brand,Informational
4668,Halloween photo ideas for seniors,Informational & Brand,Guides / Blog / Brand,Informational
4669,Halloween photo ideas for small yards,Informational & Brand,Guides / Blog / Brand,Informational
4670,Halloween photo ideas on a tight budget,Informational & Brand,Guides / Blog / Brand,Informational
4671,Halloween photo ideas step by step,Informational & Brand,Guides / Blog / Brand,Informational
4672,Halloween photo ideas that actually work,Informational & Brand,Guides / Blog / Brand,Informational
4673,Halloween photo ideas using items from home,Informational & Brand,Guides / Blog / Brand,Informational
4674,Halloween pumpkin ideas for 2026,Informational & Brand,Guides / Blog / Brand,Informational
4675,Halloween pumpkin ideas for apartments,Informational & Brand,Guides / Blog / Brand,Informational
4676,Halloween pumpkin ideas for busy parents,Informational & Brand,Guides / Blog / Brand,Informational
4677,Halloween pumpkin ideas for large families,Informational & Brand,Guides / Blog / Brand,Informational
4678,Halloween pumpkin ideas for renters,Informational & Brand,Guides / Blog / Brand,Informational
4679,Halloween pumpkin ideas for seniors,Informational & Brand,Guides / Blog / Brand,Informational
4680,Halloween pumpkin ideas for small spaces,Informational & Brand,Guides / Blog / Brand,Informational
4681,Halloween pumpkin ideas on a tight budget,Informational & Brand,Guides / Blog / Brand,Informational
4682,Halloween pumpkin ideas step by step,Informational & Brand,Guides / Blog / Brand,Informational
4683,Halloween pumpkin ideas that actually work,Informational & Brand,Guides / Blog / Brand,Informational
4684,Halloween pumpkin ideas with household items,Informational & Brand,Guides / Blog / Brand,Informational
4685,Halloween pumpkin ideas you can do this weekend,Informational & Brand,Guides / Blog / Brand,Informational
4686,Halloween safety tips for first timers,Informational & Brand,Guides / Blog / Brand,Informational
4687,Halloween safety tips for large families,Informational & Brand,Guides / Blog / Brand,Informational
4688,Halloween safety tips for offices,Informational & Brand,Guides / Blog / Brand,Informational
4689,Halloween safety tips for small spaces,Informational & Brand,Guides / Blog / Brand,Informational
4690,Halloween safety tips for trick or treating,Informational & Brand,Guides / Blog / Brand,Informational
4691,Halloween safety tips step by step,Informational & Brand,Guides / Blog / Brand,Informational
4692,Halloween safety tips using items from home,Informational & Brand,Guides / Blog / Brand,Informational
4693,Halloween safety tips with household items,Informational & Brand,Guides / Blog / Brand,Informational
4694,Halloween safety tips you can do this weekend,Informational & Brand,Guides / Blog / Brand,Informational
4695,Halloween shopping tips for beginners,Informational & Brand,Guides / Blog / Brand,Informational
4696,Halloween shopping tips for offices,Informational & Brand,Guides / Blog / Brand,Informational
4697,Halloween shopping tips for renters,Informational & Brand,Guides / Blog / Brand,Informational
4698,Halloween shopping tips for small spaces,Informational & Brand,Guides / Blog / Brand,Informational
4699,Halloween shopping tips on a budget,Informational & Brand,Guides / Blog / Brand,Informational
4700,Halloween shopping tips step by step,Informational & Brand,Guides / Blog / Brand,Informational
4701,Halloween shopping tips that actually work,Informational & Brand,Guides / Blog / Brand,Informational
4702,Halloween shopping tips with household items,Informational & Brand,Guides / Blog / Brand,Informational
4703,Halloween shopping tips you can do this weekend,Informational & Brand,Guides / Blog / Brand,Informational
4704,Halloween theme ideas for first timers,Informational & Brand,Guides / Blog / Brand,Informational
4705,Halloween theme ideas for large families,Informational & Brand,Guides / Blog / Brand,Informational
4706,Halloween theme ideas for offices,Informational & Brand,Guides / Blog / Brand,Informational
4707,Halloween theme ideas for renters,Informational & Brand,Guides / Blog / Brand,Informational
4708,Halloween theme ideas for seniors,Informational & Brand,Guides / Blog / Brand,Informational
4709,Halloween theme ideas for small yards,Informational & Brand,Guides / Blog / Brand,Informational
4710,Halloween theme ideas on a budget,Informational & Brand,Guides / Blog / Brand,Informational
4711,Halloween theme ideas using items from home,Informational & Brand,Guides / Blog / Brand,Informational
4712,Halloween trick or treat tips for beginners,Informational & Brand,Guides / Blog / Brand,Informational
4713,Halloween trick or treat tips for renters,Informational & Brand,Guides / Blog / Brand,Informational
4714,Halloween trivia questions,Informational & Brand,Guides / Blog / Brand,Informational
4715,Halloween yard haunt ideas,Informational & Brand,Guides / Blog / Brand,Informational
4716,Halloween yard haunt ideas for 2026,Informational & Brand,Guides / Blog / Brand,Informational
4717,Halloween yard haunt ideas for 2026 trends,Informational & Brand,Guides / Blog / Brand,Informational
4718,Halloween yard haunt ideas for apartments,Informational & Brand,Guides / Blog / Brand,Informational
4719,Halloween yard haunt ideas for college students,Informational & Brand,Guides / Blog / Brand,Informational
4720,Halloween yard haunt ideas for large families,Informational & Brand,Guides / Blog / Brand,Informational
4721,Halloween yard haunt ideas for renters,Informational & Brand,Guides / Blog / Brand,Informational
4722,Halloween yard haunt ideas for seniors,Informational & Brand,Guides / Blog / Brand,Informational
4723,Halloween yard haunt ideas for small yards,Informational & Brand,Guides / Blog / Brand,Informational
4724,Halloween yard haunt ideas on a budget,Informational & Brand,Guides / Blog / Brand,Informational
4725,Halloween yard haunt ideas on a tight budget,Informational & Brand,Guides / Blog / Brand,Informational
4726,Halloween yard haunt ideas that actually work,Informational & Brand,Guides / Blog / Brand,Informational
4727,Halloween yard haunt ideas using items from home,Informational & Brand,Guides / Blog / Brand,Informational
4728,Halloween yard haunt ideas with household items,Informational & Brand,Guides / Blog / Brand,Informational
4729,Healthy halloween treat alternatives,Informational & Brand,Guides / Blog / Brand,Informational
4730,How many days until halloween 2026,Informational & Brand,Guides / Blog / Brand,Informational
4731,How to carve a pumpkin step by step,Informational & Brand,Guides / Blog / Brand,Informational
4732,How to haunt your yard for halloween,Informational & Brand,Guides / Blog / Brand,Informational
4733,How to store halloween decorations,Informational & Brand,Guides / Blog / Brand,Informational
4734,Is halloweenready legit,Informational & Brand,Guides / Blog / Brand,Informational
4735,Last minute halloween costume delivery usa,Informational & Brand,Guides / Blog / Brand,Informational
4736,Last minute halloween costume ideas,Informational & Brand,Guides / Blog / Brand,Informational
4737,Matching halloween costumes for best friends,Informational & Brand,Guides / Blog / Brand,Informational
4738,Office halloween costume ideas,Informational & Brand,Guides / Blog / Brand,Informational
4739,Order halloween costumes online usa,Informational & Brand,Guides / Blog / Brand,Informational
4740,Order halloween decor by october 25,Informational & Brand,Guides / Blog / Brand,Informational
4741,Pet friendly halloween costume ideas,Informational & Brand,Guides / Blog / Brand,Informational
4742,Pop culture halloween costume ideas,Informational & Brand,Guides / Blog / Brand,Informational
4743,Pumpkin carving ideas for beginners,Informational & Brand,Guides / Blog / Brand,Informational
4744,Scary movie costume ideas,Informational & Brand,Guides / Blog / Brand,Informational
4745,Ships from within usa halloween store,Informational & Brand,Guides / Blog / Brand,Informational
4746,Spooky halloween playlist ideas,Informational & Brand,Guides / Blog / Brand,Informational
4747,Trending halloween costumes this year,Informational & Brand,Guides / Blog / Brand,Informational
4748,Trick or treat candy guide,Informational & Brand,Guides / Blog / Brand,Informational
4749,When is halloween 2026,Informational & Brand,Guides / Blog / Brand,Informational
4750,When to start decorating for halloween,Informational & Brand,Guides / Blog / Brand,Informational
4751,Best corn maze tickets las vegas,Halloween Attractions & Tickets,City Ticket Searches,Local/Transactional
4752,Best corn maze tickets los angeles,Halloween Attractions & Tickets,City Ticket Searches,Local/Transactional
4753,Best corn maze tickets ohio,Halloween Attractions & Tickets,City Ticket Searches,Local/Transactional
4754,Best halloween event tickets california,Halloween Attractions & Tickets,City Ticket Searches,Local/Transactional
4755,Best halloween event tickets chicago,Halloween Attractions & Tickets,City Ticket Searches,Local/Transactional
4756,Best halloween event tickets colorado,Halloween Attractions & Tickets,City Ticket Searches,Local/Transactional
4757,Best halloween event tickets new jersey,Halloween Attractions & Tickets,City Ticket Searches,Local/Transactional
4758,Best halloween event tickets philadelphia,Halloween Attractions & Tickets,City Ticket Searches,Local/Transactional
4759,Best haunted house tickets atlanta,Halloween Attractions & Tickets,City Ticket Searches,Local/Transactional
4760,Best haunted house tickets boston,Halloween Attractions & Tickets,City Ticket Searches,Local/Transactional
4761,Best haunted house tickets california,Halloween Attractions & Tickets,City Ticket Searches,Local/Transactional
4762,Best haunted house tickets dallas,Halloween Attractions & Tickets,City Ticket Searches,Local/Transactional
4763,Best haunted house tickets seattle,Halloween Attractions & Tickets,City Ticket Searches,Local/Transactional
4764,Best pumpkin patch tickets arizona,Halloween Attractions & Tickets,City Ticket Searches,Local/Transactional
4765,Best pumpkin patch tickets new york city,Halloween Attractions & Tickets,City Ticket Searches,Local/Transactional
4766,Best pumpkin patch tickets philadelphia,Halloween Attractions & Tickets,City Ticket Searches,Local/Transactional
4767,Best trunk or treat event colorado,Halloween Attractions & Tickets,City Ticket Searches,Local/Transactional
4768,Best trunk or treat event denver,Halloween Attractions & Tickets,City Ticket Searches,Local/Transactional
4769,Best trunk or treat event massachusetts,Halloween Attractions & Tickets,City Ticket Searches,Local/Transactional
4770,Best trunk or treat event new jersey,Halloween Attractions & Tickets,City Ticket Searches,Local/Transactional
4771,Best trunk or treat event virginia,Halloween Attractions & Tickets,City Ticket Searches,Local/Transactional
4772,Corn maze tickets in arizona,Halloween Attractions & Tickets,City Ticket Searches,Local/Transactional
4773,Corn maze tickets in colorado,Halloween Attractions & Tickets,City Ticket Searches,Local/Transactional
4774,Corn maze tickets in new york,Halloween Attractions & Tickets,City Ticket Searches,Local/Transactional
4775,Corn maze tickets in philadelphia,Halloween Attractions & Tickets,City Ticket Searches,Local/Transactional
4776,Corn maze tickets in seattle,Halloween Attractions & Tickets,City Ticket Searches,Local/Transactional
4777,Halloween event tickets in georgia,Halloween Attractions & Tickets,City Ticket Searches,Local/Transactional
4778,Halloween event tickets in new york city,Halloween Attractions & Tickets,City Ticket Searches,Local/Transactional
4779,Halloween event tickets in phoenix,Halloween Attractions & Tickets,City Ticket Searches,Local/Transactional
4780,Haunted house tickets in boston,Halloween Attractions & Tickets,City Ticket Searches,Local/Transactional
4781,Haunted house tickets in california,Halloween Attractions & Tickets,City Ticket Searches,Local/Transactional
4782,Haunted house tickets in los angeles,Halloween Attractions & Tickets,City Ticket Searches,Local/Transactional
4783,Pumpkin patch tickets in pennsylvania,Halloween Attractions & Tickets,City Ticket Searches,Local/Transactional
4784,Pumpkin patch tickets in phoenix,Halloween Attractions & Tickets,City Ticket Searches,Local/Transactional
4785,Pumpkin patch tickets in san diego,Halloween Attractions & Tickets,City Ticket Searches,Local/Transactional
4786,Trunk or treat event in dallas,Halloween Attractions & Tickets,City Ticket Searches,Local/Transactional
4787,Trunk or treat event in los angeles,Halloween Attractions & Tickets,City Ticket Searches,Local/Transactional
4788,Trunk or treat event in michigan,Halloween Attractions & Tickets,City Ticket Searches,Local/Transactional
4789,Trunk or treat event in new jersey,Halloween Attractions & Tickets,City Ticket Searches,Local/Transactional
4790,Trunk or treat event in texas,Halloween Attractions & Tickets,City Ticket Searches,Local/Transactional
4791,Affordable corn maze and pumpkin patch combo tickets,Halloween Attractions & Tickets,Corn Mazes & Pumpkin Patches,Transactional
4792,Affordable corn maze near me ideas,Halloween Attractions & Tickets,Corn Mazes & Pumpkin Patches,Transactional
4793,Affordable corn maze tickets near me,Halloween Attractions & Tickets,Corn Mazes & Pumpkin Patches,Transactional
4794,Affordable pumpkin patch tickets for sale,Halloween Attractions & Tickets,Corn Mazes & Pumpkin Patches,Transactional
4795,Affordable pumpkin patch with hayride tickets for families,Halloween Attractions & Tickets,Corn Mazes & Pumpkin Patches,Transactional
4796,Affordable u pick pumpkin patch near me,Halloween Attractions & Tickets,Corn Mazes & Pumpkin Patches,Transactional
4797,Best fall festival pumpkin patch tickets online,Halloween Attractions & Tickets,Corn Mazes & Pumpkin Patches,Transactional
4798,Best family pumpkin patch event tickets,Halloween Attractions & Tickets,Corn Mazes & Pumpkin Patches,Transactional
4799,Best haunted corn maze tickets 2026,Halloween Attractions & Tickets,Corn Mazes & Pumpkin Patches,Transactional
4800,Best haunted corn maze tickets near me,Halloween Attractions & Tickets,Corn Mazes & Pumpkin Patches,Transactional
4801,Best pumpkin patch with hayride tickets near me,Halloween Attractions & Tickets,Corn Mazes & Pumpkin Patches,Transactional
4802,Book pumpkin patch near me prices,Halloween Attractions & Tickets,Corn Mazes & Pumpkin Patches,Transactional
4803,Book u pick pumpkin patch for sale,Halloween Attractions & Tickets,Corn Mazes & Pumpkin Patches,Transactional
4804,Book u pick pumpkin patch pack,Halloween Attractions & Tickets,Corn Mazes & Pumpkin Patches,Transactional
4805,Buy corn maze near me set,Halloween Attractions & Tickets,Corn Mazes & Pumpkin Patches,Transactional
4806,Buy corn maze tickets 2026,Halloween Attractions & Tickets,Corn Mazes & Pumpkin Patches,Transactional
4807,Buy fall festival pumpkin patch tickets hours,Halloween Attractions & Tickets,Corn Mazes & Pumpkin Patches,Transactional
4808,Buy haunted corn maze tickets in bulk,Halloween Attractions & Tickets,Corn Mazes & Pumpkin Patches,Transactional
4809,Buy u pick pumpkin patch kit,Halloween Attractions & Tickets,Corn Mazes & Pumpkin Patches,Transactional
4810,Cheap corn maze and pumpkin patch combo tickets 2026,Halloween Attractions & Tickets,Corn Mazes & Pumpkin Patches,Transactional
4811,Cheap corn maze and pumpkin patch combo tickets for sale,Halloween Attractions & Tickets,Corn Mazes & Pumpkin Patches,Transactional
4812,Cheap corn maze and pumpkin patch combo tickets online,Halloween Attractions & Tickets,Corn Mazes & Pumpkin Patches,Transactional
4813,Cheap corn maze near me 2026,Halloween Attractions & Tickets,Corn Mazes & Pumpkin Patches,Transactional
4814,Cheap corn maze near me pack,Halloween Attractions & Tickets,Corn Mazes & Pumpkin Patches,Transactional
4815,Cheap corn maze tickets for families,Halloween Attractions & Tickets,Corn Mazes & Pumpkin Patches,Transactional
4816,Cheap family pumpkin patch event tickets kit,Halloween Attractions & Tickets,Corn Mazes & Pumpkin Patches,Transactional
4817,Cheap haunted corn maze tickets online,Halloween Attractions & Tickets,Corn Mazes & Pumpkin Patches,Transactional
4818,Cheap pumpkin patch tickets pack,Halloween Attractions & Tickets,Corn Mazes & Pumpkin Patches,Transactional
4819,Cheap pumpkin patch tickets set,Halloween Attractions & Tickets,Corn Mazes & Pumpkin Patches,Transactional
4820,Cheap pumpkin patch with hayride tickets 2026,Halloween Attractions & Tickets,Corn Mazes & Pumpkin Patches,Transactional
4821,Corn maze tickets online,Halloween Attractions & Tickets,Corn Mazes & Pumpkin Patches,Transactional
4822,Discount family pumpkin patch event tickets hours,Halloween Attractions & Tickets,Corn Mazes & Pumpkin Patches,Transactional
4823,Discount haunted corn maze tickets in bulk,Halloween Attractions & Tickets,Corn Mazes & Pumpkin Patches,Transactional
4824,Discount pumpkin patch near me 2026,Halloween Attractions & Tickets,Corn Mazes & Pumpkin Patches,Transactional
4825,Discount pumpkin patch tickets pack,Halloween Attractions & Tickets,Corn Mazes & Pumpkin Patches,Transactional
4826,Discount pumpkin patch with hayride tickets,Halloween Attractions & Tickets,Corn Mazes & Pumpkin Patches,Transactional
4827,Get corn maze and pumpkin patch combo tickets hours,Halloween Attractions & Tickets,Corn Mazes & Pumpkin Patches,Transactional
4828,Get corn maze and pumpkin patch combo tickets pack,Halloween Attractions & Tickets,Corn Mazes & Pumpkin Patches,Transactional
4829,Get haunted corn maze tickets kit,Halloween Attractions & Tickets,Corn Mazes & Pumpkin Patches,Transactional
4830,Get pumpkin patch tickets in bulk,Halloween Attractions & Tickets,Corn Mazes & Pumpkin Patches,Transactional
4831,Get pumpkin patch with hayride tickets set,Halloween Attractions & Tickets,Corn Mazes & Pumpkin Patches,Transactional
4832,Order pumpkin patch with hayride tickets near me,Halloween Attractions & Tickets,Corn Mazes & Pumpkin Patches,Transactional
4833,Premium corn maze and pumpkin patch combo tickets online,Halloween Attractions & Tickets,Corn Mazes & Pumpkin Patches,Transactional
4834,Premium u pick pumpkin patch prices,Halloween Attractions & Tickets,Corn Mazes & Pumpkin Patches,Transactional
4835,Quality haunted corn maze tickets near me,Halloween Attractions & Tickets,Corn Mazes & Pumpkin Patches,Transactional
4836,Quality pumpkin patch near me hours,Halloween Attractions & Tickets,Corn Mazes & Pumpkin Patches,Transactional
4837,Quality pumpkin patch near me kit,Halloween Attractions & Tickets,Corn Mazes & Pumpkin Patches,Transactional
4838,Shop fall festival pumpkin patch tickets online,Halloween Attractions & Tickets,Corn Mazes & Pumpkin Patches,Transactional
4839,Shop family pumpkin patch event tickets hours,Halloween Attractions & Tickets,Corn Mazes & Pumpkin Patches,Transactional
4840,Shop for corn maze and pumpkin patch combo tickets near me,Halloween Attractions & Tickets,Corn Mazes & Pumpkin Patches,Transactional
4841,Shop for fall festival pumpkin patch tickets 2026,Halloween Attractions & Tickets,Corn Mazes & Pumpkin Patches,Transactional
4842,Shop for u pick pumpkin patch 2026,Halloween Attractions & Tickets,Corn Mazes & Pumpkin Patches,Transactional
4843,Shop haunted corn maze tickets near me,Halloween Attractions & Tickets,Corn Mazes & Pumpkin Patches,Transactional
4844,Shop haunted corn maze tickets prices,Halloween Attractions & Tickets,Corn Mazes & Pumpkin Patches,Transactional
4845,Shop u pick pumpkin patch near me,Halloween Attractions & Tickets,Corn Mazes & Pumpkin Patches,Transactional
4846,Top corn maze and pumpkin patch combo tickets pack,Halloween Attractions & Tickets,Corn Mazes & Pumpkin Patches,Transactional
4847,Top corn maze near me prices,Halloween Attractions & Tickets,Corn Mazes & Pumpkin Patches,Transactional
4848,Top haunted corn maze tickets,Halloween Attractions & Tickets,Corn Mazes & Pumpkin Patches,Transactional
4849,Top pumpkin patch near me pack,Halloween Attractions & Tickets,Corn Mazes & Pumpkin Patches,Transactional
4850,Top pumpkin patch tickets pack,Halloween Attractions & Tickets,Corn Mazes & Pumpkin Patches,Transactional
4851,Affordable community halloween event tickets near me,Halloween Attractions & Tickets,Family & Community Events,Transactional
4852,Best halloween light show tickets online,Halloween Attractions & Tickets,Family & Community Events,Transactional
4853,Book halloween light show tickets 2026,Halloween Attractions & Tickets,Family & Community Events,Transactional
4854,Buy ghost tour tickets for kids,Halloween Attractions & Tickets,Family & Community Events,Transactional
4855,Buy trunk or treat event near me 2026,Halloween Attractions & Tickets,Family & Community Events,Transactional
4856,Cheap community halloween event tickets in bulk,Halloween Attractions & Tickets,Family & Community Events,Transactional
4857,Cheap trunk or treat event near me kit,Halloween Attractions & Tickets,Family & Community Events,Transactional
4858,Discount ghost tour tickets pack,Halloween Attractions & Tickets,Family & Community Events,Transactional
4859,Discount halloween 5k run registration 2026,Halloween Attractions & Tickets,Family & Community Events,Transactional
4860,Discount kids halloween event tickets ideas,Halloween Attractions & Tickets,Family & Community Events,Transactional
4861,Discount trunk or treat event near me kit,Halloween Attractions & Tickets,Family & Community Events,Transactional
4862,Halloween fun house tickets kit,Halloween Attractions & Tickets,Family & Community Events,Transactional
4863,Local halloween fall festival tickets near me,Halloween Attractions & Tickets,Family & Community Events,Transactional
4864,Local halloween fun house tickets schedule,Halloween Attractions & Tickets,Family & Community Events,Transactional
4865,Local kids halloween event tickets near me,Halloween Attractions & Tickets,Family & Community Events,Transactional
4866,Order community halloween event tickets ideas,Halloween Attractions & Tickets,Family & Community Events,Transactional
4867,Order kids halloween event tickets for sale,Halloween Attractions & Tickets,Family & Community Events,Transactional
4868,Order trunk or treat event near me for sale,Halloween Attractions & Tickets,Family & Community Events,Transactional
4869,Premium halloween carnival tickets for kids,Halloween Attractions & Tickets,Family & Community Events,Transactional
4870,Premium halloween fall festival tickets pack,Halloween Attractions & Tickets,Family & Community Events,Transactional
4871,Quality ghost tour tickets set,Halloween Attractions & Tickets,Family & Community Events,Transactional
4872,Shop for ghost tour tickets near me,Halloween Attractions & Tickets,Family & Community Events,Transactional
4873,Shop for halloween carnival tickets 2026,Halloween Attractions & Tickets,Family & Community Events,Transactional
4874,Shop for halloween carnival tickets online,Halloween Attractions & Tickets,Family & Community Events,Transactional
4875,Shop for kids halloween event tickets in bulk,Halloween Attractions & Tickets,Family & Community Events,Transactional
4876,Shop for kids halloween event tickets set,Halloween Attractions & Tickets,Family & Community Events,Transactional
4877,Shop halloween fun house tickets for kids,Halloween Attractions & Tickets,Family & Community Events,Transactional
4878,Shop trunk or treat event near me for sale,Halloween Attractions & Tickets,Family & Community Events,Transactional
4879,Top halloween fun house tickets pack,Halloween Attractions & Tickets,Family & Community Events,Transactional
4880,Top halloween light show tickets 2026,Halloween Attractions & Tickets,Family & Community Events,Transactional
4881,Affordable extreme haunted house tickets in bulk,Halloween Attractions & Tickets,Haunted Houses,Transactional
4882,Affordable haunted house near me online,Halloween Attractions & Tickets,Haunted Houses,Transactional
4883,Affordable haunted house tickets online,Halloween Attractions & Tickets,Haunted Houses,Transactional
4884,Best extreme haunted house tickets kit,Halloween Attractions & Tickets,Haunted Houses,Transactional
4885,Best haunted hayride tickets near me,Halloween Attractions & Tickets,Haunted Houses,Transactional
4886,Best haunted house tickets near me,Halloween Attractions & Tickets,Haunted Houses,Transactional
4887,Best haunted trail tickets,Halloween Attractions & Tickets,Haunted Houses,Transactional
4888,Best haunted trail tickets hours,Halloween Attractions & Tickets,Haunted Houses,Transactional
4889,Book family friendly haunted house tickets prices,Halloween Attractions & Tickets,Haunted Houses,Transactional
4890,Book haunted attraction tickets for kids,Halloween Attractions & Tickets,Haunted Houses,Transactional
4891,Book local haunted house hours for kids,Halloween Attractions & Tickets,Haunted Houses,Transactional
4892,Book scariest haunted house near me kit,Halloween Attractions & Tickets,Haunted Houses,Transactional
4893,Book scream park tickets 2026,Halloween Attractions & Tickets,Haunted Houses,Transactional
4894,Book scream park tickets pack,Halloween Attractions & Tickets,Haunted Houses,Transactional
4895,Buy extreme haunted house tickets for sale,Halloween Attractions & Tickets,Haunted Houses,Transactional
4896,Buy extreme haunted house tickets near me,Halloween Attractions & Tickets,Haunted Houses,Transactional
4897,Buy halloween escape room tickets 2026,Halloween Attractions & Tickets,Haunted Houses,Transactional
4898,Buy haunted hayride tickets 2026,Halloween Attractions & Tickets,Haunted Houses,Transactional
4899,Buy haunted trail tickets hours,Halloween Attractions & Tickets,Haunted Houses,Transactional
4900,Buy haunted trail tickets set,Halloween Attractions & Tickets,Haunted Houses,Transactional
4901,Buy scream park tickets kit,Halloween Attractions & Tickets,Haunted Houses,Transactional
4902,Cheap extreme haunted house tickets in bulk,Halloween Attractions & Tickets,Haunted Houses,Transactional
4903,Cheap family friendly haunted house tickets kit,Halloween Attractions & Tickets,Haunted Houses,Transactional
4904,Cheap haunted house discount tickets prices,Halloween Attractions & Tickets,Haunted Houses,Transactional
4905,Cheap scream park tickets 2026,Halloween Attractions & Tickets,Haunted Houses,Transactional
4906,Discount extreme haunted house tickets pack,Halloween Attractions & Tickets,Haunted Houses,Transactional
4907,Discount haunted house group tickets 2026,Halloween Attractions & Tickets,Haunted Houses,Transactional
4908,Discount scariest haunted house near me in bulk,Halloween Attractions & Tickets,Haunted Houses,Transactional
4909,Get drive thru haunted house tickets prices,Halloween Attractions & Tickets,Haunted Houses,Transactional
4910,Get family friendly haunted house tickets pack,Halloween Attractions & Tickets,Haunted Houses,Transactional
4911,Get halloween escape room tickets for kids,Halloween Attractions & Tickets,Haunted Houses,Transactional
4912,Get haunted attraction tickets,Halloween Attractions & Tickets,Haunted Houses,Transactional
4913,Get scariest haunted house near me set,Halloween Attractions & Tickets,Haunted Houses,Transactional
4914,Haunted attraction tickets,Halloween Attractions & Tickets,Haunted Houses,Transactional
4915,Haunted hayride tickets prices,Halloween Attractions & Tickets,Haunted Houses,Transactional
4916,Haunted house discount tickets,Halloween Attractions & Tickets,Haunted Houses,Transactional
4917,Order halloween escape room tickets near me,Halloween Attractions & Tickets,Haunted Houses,Transactional
4918,Order haunted house near me 2026,Halloween Attractions & Tickets,Haunted Houses,Transactional
4919,Order haunted house tickets hours,Halloween Attractions & Tickets,Haunted Houses,Transactional
4920,Order haunted trail tickets near me,Halloween Attractions & Tickets,Haunted Houses,Transactional
4921,Order local haunted house hours 2026,Halloween Attractions & Tickets,Haunted Houses,Transactional
4922,Order scariest haunted house near me 2026,Halloween Attractions & Tickets,Haunted Houses,Transactional
4923,Order scariest haunted house near me set,Halloween Attractions & Tickets,Haunted Houses,Transactional
4924,Premium drive thru haunted house tickets 2026,Halloween Attractions & Tickets,Haunted Houses,Transactional
4925,Premium haunted house near me in bulk,Halloween Attractions & Tickets,Haunted Houses,Transactional
4926,Premium haunted house tickets,Halloween Attractions & Tickets,Haunted Houses,Transactional
4927,Premium haunted house tickets kit,Halloween Attractions & Tickets,Haunted Houses,Transactional
4928,Premium haunted trail tickets ideas,Halloween Attractions & Tickets,Haunted Houses,Transactional
4929,Premium local haunted house hours kit,Halloween Attractions & Tickets,Haunted Houses,Transactional
4930,Quality halloween escape room tickets 2026,Halloween Attractions & Tickets,Haunted Houses,Transactional
4931,Quality halloween escape room tickets for kids,Halloween Attractions & Tickets,Haunted Houses,Transactional
4932,Quality haunted attraction tickets 2026,Halloween Attractions & Tickets,Haunted Houses,Transactional
4933,Quality haunted house near me,Halloween Attractions & Tickets,Haunted Houses,Transactional
4934,Quality local haunted house hours kit,Halloween Attractions & Tickets,Haunted Houses,Transactional
4935,Shop extreme haunted house tickets in bulk,Halloween Attractions & Tickets,Haunted Houses,Transactional
4936,Shop for haunted house discount tickets near me,Halloween Attractions & Tickets,Haunted Houses,Transactional
4937,Shop for haunted house group tickets set,Halloween Attractions & Tickets,Haunted Houses,Transactional
4938,Shop for haunted trail tickets in bulk,Halloween Attractions & Tickets,Haunted Houses,Transactional
4939,Shop for scream park tickets,Halloween Attractions & Tickets,Haunted Houses,Transactional
4940,Shop for scream park tickets 2026,Halloween Attractions & Tickets,Haunted Houses,Transactional
4941,Shop haunted house near me pack,Halloween Attractions & Tickets,Haunted Houses,Transactional
4942,Shop local haunted house hours 2026,Halloween Attractions & Tickets,Haunted Houses,Transactional
4943,Shop local haunted house hours in bulk,Halloween Attractions & Tickets,Haunted Houses,Transactional
4944,Shop local haunted house hours near me,Halloween Attractions & Tickets,Haunted Houses,Transactional
4945,Top drive thru haunted house tickets in bulk,Halloween Attractions & Tickets,Haunted Houses,Transactional
4946,Top family friendly haunted house tickets 2026,Halloween Attractions & Tickets,Haunted Houses,Transactional
4947,Top family friendly haunted house tickets for sale,Halloween Attractions & Tickets,Haunted Houses,Transactional
4948,Top haunted hayride tickets prices,Halloween Attractions & Tickets,Haunted Houses,Transactional
4949,Top haunted house tickets kit,Halloween Attractions & Tickets,Haunted Houses,Transactional
4950,Top haunted trail tickets set,Halloween Attractions & Tickets,Haunted Houses,Transactional
4951,Affordable fright fest tickets for sale,Halloween Attractions & Tickets,Theme Park Halloween Events,Transactional
4952,Affordable halloween theme park event tickets near me,Halloween Attractions & Tickets,Theme Park Halloween Events,Transactional
4953,Buy fright fest tickets 2026,Halloween Attractions & Tickets,Theme Park Halloween Events,Transactional
4954,Buy halloween horror nights tickets prices,Halloween Attractions & Tickets,Theme Park Halloween Events,Transactional
4955,Buy halloween theme park event tickets kit,Halloween Attractions & Tickets,Theme Park Halloween Events,Transactional
4956,Buy howl-o-scream tickets 2026 dates,Halloween Attractions & Tickets,Theme Park Halloween Events,Transactional
4957,Buy howl-o-scream tickets for sale,Halloween Attractions & Tickets,Theme Park Halloween Events,Transactional
4958,Buy howl-o-scream tickets near me,Halloween Attractions & Tickets,Theme Park Halloween Events,Transactional
4959,Cheap fright fest tickets near me,Halloween Attractions & Tickets,Theme Park Halloween Events,Transactional
4960,Cheap fright fest tickets set,Halloween Attractions & Tickets,Theme Park Halloween Events,Transactional
4961,Cheap halloween horror nights tickets 2026 dates,Halloween Attractions & Tickets,Theme Park Halloween Events,Transactional
4962,Cheap not so scary halloween party tickets ideas,Halloween Attractions & Tickets,Theme Park Halloween Events,Transactional
4963,Cheap not so scary halloween party tickets online,Halloween Attractions & Tickets,Theme Park Halloween Events,Transactional
4964,Cheap scary farm tickets 2026,Halloween Attractions & Tickets,Theme Park Halloween Events,Transactional
4965,Cheap scary farm tickets for families,Halloween Attractions & Tickets,Theme Park Halloween Events,Transactional
4966,Cheap scary farm tickets online,Halloween Attractions & Tickets,Theme Park Halloween Events,Transactional
4967,Cheap theme park halloween event discount tickets set,Halloween Attractions & Tickets,Theme Park Halloween Events,Transactional
4968,Discount halloween haunt tickets 2026 dates,Halloween Attractions & Tickets,Theme Park Halloween Events,Transactional
4969,Discount halloween scream park tickets 2026,Halloween Attractions & Tickets,Theme Park Halloween Events,Transactional
4970,Discount not so scary halloween party tickets near me,Halloween Attractions & Tickets,Theme Park Halloween Events,Transactional
4971,Discount scary farm tickets 2026,Halloween Attractions & Tickets,Theme Park Halloween Events,Transactional
4972,Fright fest tickets near me,Halloween Attractions & Tickets,Theme Park Halloween Events,Transactional
4973,Fright fest tickets set,Halloween Attractions & Tickets,Theme Park Halloween Events,Transactional
4974,Get scary farm tickets for sale,Halloween Attractions & Tickets,Theme Park Halloween Events,Transactional
4975,Halloween haunt tickets online,Halloween Attractions & Tickets,Theme Park Halloween Events,Transactional
4976,Halloween theme park event tickets in bulk,Halloween Attractions & Tickets,Theme Park Halloween Events,Transactional
4977,Not so scary halloween party tickets 2026,Halloween Attractions & Tickets,Theme Park Halloween Events,Transactional
4978,Order halloween haunt tickets online,Halloween Attractions & Tickets,Theme Park Halloween Events,Transactional
4979,Order halloween theme park event tickets prices,Halloween Attractions & Tickets,Theme Park Halloween Events,Transactional
4980,Premium halloween horror nights tickets near me,Halloween Attractions & Tickets,Theme Park Halloween Events,Transactional
4981,Premium not so scary halloween party tickets ideas,Halloween Attractions & Tickets,Theme Park Halloween Events,Transactional
4982,Premium theme park halloween event discount tickets kit,Halloween Attractions & Tickets,Theme Park Halloween Events,Transactional
4983,Quality halloween haunt tickets near me,Halloween Attractions & Tickets,Theme Park Halloween Events,Transactional
4984,Quality halloween scream park tickets set,Halloween Attractions & Tickets,Theme Park Halloween Events,Transactional
4985,Quality halloween theme park night tickets 2026 dates,Halloween Attractions & Tickets,Theme Park Halloween Events,Transactional
4986,Quality not so scary halloween party tickets 2026 dates,Halloween Attractions & Tickets,Theme Park Halloween Events,Transactional
4987,Quality theme park halloween event discount tickets in bulk,Halloween Attractions & Tickets,Theme Park Halloween Events,Transactional
4988,Quality theme park halloween event discount tickets near me,Halloween Attractions & Tickets,Theme Park Halloween Events,Transactional
4989,Scary farm tickets 2026 dates,Halloween Attractions & Tickets,Theme Park Halloween Events,Transactional
4990,Shop for fright fest tickets online,Halloween Attractions & Tickets,Theme Park Halloween Events,Transactional
4991,Shop for halloween theme park event tickets 2026,Halloween Attractions & Tickets,Theme Park Halloween Events,Transactional
4992,Shop for howl-o-scream tickets 2026,Halloween Attractions & Tickets,Theme Park Halloween Events,Transactional
4993,Shop for theme park halloween event discount tickets online,Halloween Attractions & Tickets,Theme Park Halloween Events,Transactional
4994,Shop fright fest tickets near me,Halloween Attractions & Tickets,Theme Park Halloween Events,Transactional
4995,Shop halloween horror nights tickets 2026,Halloween Attractions & Tickets,Theme Park Halloween Events,Transactional
4996,Shop halloween horror nights tickets pack,Halloween Attractions & Tickets,Theme Park Halloween Events,Transactional
4997,Shop howl-o-scream tickets for sale,Halloween Attractions & Tickets,Theme Park Halloween Events,Transactional
4998,Shop scary farm tickets near me,Halloween Attractions & Tickets,Theme Park Halloween Events,Transactional
4999,Top halloween theme park event tickets set,Halloween Attractions & Tickets,Theme Park Halloween Events,Transactional
5000,Top theme park halloween event discount tickets online,Halloween Attractions & Tickets,Theme Park Halloween Events,Transactional
